Transaction_ID,Date,Product_Category,Product_Name,City,Region,Customer_Segment,Payment_Method,Sales_Rep,Units_Sold,Unit_Price,Unit_Cost,Revenue,COGS,Marketing_Expense,Shipping_Expense,Operating_Expense,Total_Expense,Net_Profit,Profit_Margin_Pct,Year,Month,Month_Name,Year_Month,Quarter,Day_of_Week,Gross_Profit,Employee_Cost,Rent_Admin_Cost,Discount_Amount,Net_Revenue,GST_Rate_Pct,GST_Amount,Depreciation,Interest_Expense,Other_Income,Total_Operating_Expense,EBITDA,EBIT,EBT,Tax_Rate_Pct,Tax_Amount,PAT,PAT_Margin_Pct,EBITDA_Margin_Pct,EBIT_Margin_Pct,EBT_Margin_Pct,Gross_Margin_Pct,Expense_Ratio_Pct,Marketing_Ratio_Pct,Revenue_Per_Unit,Expense_Per_Unit,Profit_Per_Unit,Profitability_Tier
TXN-2074,2024-01-01,Software,Data Analytics Suite,Miami,East,Enterprise,Credit Card,Evan Wright,27,1461.89,304.86,39471.03,8231.22,3842.9,354.25,1184.13,13612.5,16472.67,42.72,2024,1,Jan,2024-01,2024Q1,Monday,30330.22,2798.25,1184.13,909.59,38561.44,18.0,6941.06,868.22,439.15,275.49,8179.53,22150.69,21282.47,21118.81,22.0,4646.14,16472.67,42.72,57.44,55.19,54.77,78.65,34.49,9.74,1428.2,504.17,610.1,High Margin (>=20%)
TXN-1123,2024-01-01,Office Supplies,Mesh Office Chair,Houston,South,Government,Credit Card,Alice Smith,26,324.34,163.01,8432.84,4238.26,774.05,254.77,339.04,5606.12,1250.43,15.25,2024,1,Jan,2024-01,2024Q1,Monday,3963.22,724.38,339.04,231.36,8201.48,18.0,1476.27,151.74,163.22,47.09,2092.24,1870.98,1719.24,1603.11,22.0,352.68,1250.43,15.25,22.81,20.96,19.55,48.32,66.48,9.18,315.44,215.62,48.09,Moderate Margin (5-20%)
TXN-1636,2024-01-02,Electronics,Ultra-Wide Monitor 34,New York,East,SMB,Direct Invoice,Evan Wright,1,667.68,363.74,667.68,363.74,53.77,12.14,39.98,469.63,81.58,12.51,2024,1,Jan,2024-01,2024Q1,Tuesday,288.5,61.67,39.98,15.44,652.24,18.0,117.4,11.86,8.79,4.3,167.56,120.94,109.08,104.59,22.0,23.01,81.58,12.51,18.54,16.72,16.04,44.23,70.34,8.05,652.24,469.63,81.58,Moderate Margin (5-20%)
TXN-1119,2024-01-02,Services,Annual IT Maintenance Plan,Austin,South,SMB,Wire Transfer,Fiona Gallagher,4,1772.65,605.58,7090.6,2422.32,754.11,46.5,212.72,3435.65,1988.05,28.37,2024,1,Jan,2024-01,2024Q1,Tuesday,4585.8,812.78,212.72,82.48,7008.12,18.0,1261.46,155.12,102.3,46.51,1826.11,2759.69,2604.57,2548.78,22.0,560.73,1988.05,28.37,39.38,37.17,36.37,65.44,48.45,10.64,1752.03,858.91,497.01,High Margin (>=20%)
TXN-1631,2024-01-02,Hardware,Gigabit Switch 24-Port,Los Angeles,West,Enterprise,Wire Transfer,Fiona Gallagher,11,476.12,251.24,5237.32,2763.64,654.63,148.87,253.2,3820.34,436.8,8.59,2024,1,Jan,2024-01,2024Q1,Tuesday,2318.66,553.41,253.2,155.02,5082.3,18.0,914.81,88.98,89.13,29.56,1610.11,708.55,619.57,560.0,22.0,123.2,436.8,8.59,13.94,12.19,11.02,45.62,72.94,12.5,462.03,347.3,39.71,Moderate Margin (5-20%)
TXN-1849,2024-01-03,Hardware,Gigabit Switch 24-Port,Houston,South,SMB,Wire Transfer,Charlie Davis,5,458.78,257.28,2293.9,1286.4,278.61,46.26,95.68,1706.95,194.31,8.65,2024,1,Jan,2024-01,2024Q1,Wednesday,959.62,218.17,95.68,47.88,2246.02,18.0,404.28,54.38,30.61,13.2,638.72,320.9,266.52,249.11,22.0,54.8,194.31,8.65,14.29,11.87,11.09,42.73,74.41,12.15,449.2,341.39,38.86,Moderate Margin (5-20%)
TXN-1278,2024-01-06,Office Supplies,Ergonomic Executive Desk,Miami,East,Enterprise,Credit Card,Fiona Gallagher,9,874.06,465.21,7866.54,4186.89,1012.43,112.35,276.72,5588.39,803.19,10.47,2024,1,Jan,2024-01,2024Q1,Saturday,3481.05,806.31,276.72,198.6,7667.94,18.0,1380.23,122.57,147.84,26.9,2207.81,1273.24,1150.67,1029.73,22.0,226.54,803.19,10.47,16.6,15.01,13.43,45.4,71.04,12.87,851.99,620.93,89.24,Moderate Margin (5-20%)
TXN-2150,2024-01-06,Software,Cloud Storage Annual,Chicago,Midwest,Enterprise,Wire Transfer,Bob Jones,19,391.06,79.42,7430.14,1508.98,1029.47,243.94,353.79,3136.18,2449.4,33.31,2024,1,Jan,2024-01,2024Q1,Saturday,5845.35,842.32,353.79,75.81,7354.33,18.0,1323.78,153.31,133.92,51.66,2469.52,3375.83,3222.52,3140.26,22.0,690.86,2449.4,33.31,45.9,43.82,42.7,79.48,42.21,13.86,387.07,165.06,128.92,High Margin (>=20%)
TXN-1104,2024-01-07,Services,Cybersecurity Audit,New York,East,Enterprise,PayPal,Charlie Davis,15,2264.52,795.67,33967.8,11935.05,2781.63,224.57,1103.53,16044.78,9861.32,29.65,2024,1,Jan,2024-01,2024Q1,Sunday,21325.34,3241.5,1103.53,707.41,33260.39,18.0,5986.87,834.27,627.76,130.64,7351.23,13974.11,13139.84,12642.72,22.0,2781.4,9861.32,29.65,42.01,39.51,38.01,64.12,47.24,8.19,2217.36,1069.65,657.42,High Margin (>=20%)
TXN-1542,2024-01-07,Hardware,NAS Storage Enclosure,Phoenix,West,Enterprise,Wire Transfer,Evan Wright,22,836.9,459.38,18411.8,10106.36,1627.5,220.7,630.63,12585.19,2395.57,13.34,2024,1,Jan,2024-01,2024Q1,Sunday,7851.18,1846.86,630.63,454.26,17957.54,18.0,3232.36,386.93,208.9,141.59,4325.69,3525.49,3138.56,3071.25,22.0,675.68,2395.57,13.34,19.63,17.48,17.1,43.72,68.35,8.84,816.25,572.05,108.89,Moderate Margin (5-20%)
TXN-1838,2024-01-08,Electronics,Laptop Pro 15,Los Angeles,West,SMB,PayPal,Charlie Davis,3,1292.68,777.02,3878.04,2331.06,446.1,43.16,168.56,2988.88,280.58,7.33,2024,1,Jan,2024-01,2024Q1,Monday,1496.47,341.73,168.56,50.51,3827.53,18.0,688.96,95.39,69.12,27.31,999.55,496.92,401.53,359.72,22.0,79.14,280.58,7.33,12.98,10.49,9.4,39.1,77.07,11.5,1275.84,996.29,93.53,Moderate Margin (5-20%)
TXN-1363,2024-01-08,Services,Cybersecurity Audit,New York,East,SMB,PayPal,Evan Wright,3,2066.09,805.81,6198.27,2417.43,499.21,39.12,229.76,3185.52,1643.3,27.21,2024,1,Jan,2024-01,2024Q1,Monday,3622.1,575.9,229.76,158.74,6039.53,18.0,1087.12,132.08,63.76,24.53,1343.99,2278.11,2146.03,2106.8,22.0,463.5,1643.3,27.21,37.72,35.53,34.88,59.97,51.39,8.05,2013.18,1061.84,547.77,High Margin (>=20%)
TXN-2097,2024-01-09,Office Supplies,Ergonomic Executive Desk,New York,East,Consumer,Wire Transfer,Fiona Gallagher,4,802.67,435.34,3210.68,1741.36,218.45,49.53,159.37,2168.71,495.68,15.66,2024,1,Jan,2024-01,2024Q1,Tuesday,1423.15,260.14,159.37,46.17,3164.51,18.0,569.61,75.87,48.34,24.04,687.49,735.66,659.79,635.49,22.0,139.81,495.68,15.66,23.25,20.85,20.08,44.97,67.55,6.8,791.13,542.18,123.92,Moderate Margin (5-20%)
TXN-1381,2024-01-09,Hardware,Gigabit Switch 24-Port,Houston,South,Enterprise,PayPal,Fiona Gallagher,6,427.34,261.07,2564.04,1566.42,286.26,32.74,147.41,2032.83,174.28,6.9,2024,1,Jan,2024-01,2024Q1,Tuesday,960.09,194.63,147.41,37.53,2526.51,18.0,454.77,39.74,46.98,11.1,661.04,299.05,259.31,223.43,22.0,49.15,174.28,6.9,11.84,10.26,8.84,38.0,79.28,11.16,421.08,338.8,29.05,Moderate Margin (5-20%)
TXN-1899,2024-01-09,Electronics,Laptop Pro 15,New York,East,SMB,Direct Invoice,Charlie Davis,2,1210.5,718.53,2421.0,1437.06,298.3,18.46,116.78,1870.6,202.57,8.59,2024,1,Jan,2024-01,2024Q1,Tuesday,921.09,171.04,116.78,62.85,2358.15,18.0,424.47,45.41,30.54,19.14,604.58,316.51,271.1,259.7,22.0,57.13,202.57,8.59,13.42,11.5,11.01,39.06,77.27,12.32,1179.08,935.3,101.28,Moderate Margin (5-20%)
TXN-1043,2024-01-12,Software,Security Firewall Pro,Los Angeles,West,SMB,Direct Invoice,Diana Prince,5,819.72,213.14,4098.6,1065.7,397.96,42.67,158.82,1665.15,1481.45,37.09,2024,1,Jan,2024-01,2024Q1,Friday,2928.72,293.95,158.82,104.18,3994.42,18.0,719.0,92.71,60.17,16.86,893.4,2035.32,1942.61,1899.3,22.0,417.85,1481.45,37.09,50.95,48.63,47.55,73.32,40.63,9.71,798.88,333.03,296.29,High Margin (>=20%)
TXN-1033,2024-01-12,Software,Enterprise ERP License,Miami,East,SMB,PayPal,Alice Smith,2,2427.59,517.24,4855.18,1034.48,300.35,26.29,146.26,1507.38,2152.82,44.98,2024,1,Jan,2024-01,2024Q1,Friday,3751.45,355.65,146.26,69.25,4785.93,18.0,861.47,120.6,70.8,28.52,828.55,2922.9,2802.3,2760.02,22.0,607.2,2152.82,44.98,61.07,58.55,57.67,78.38,31.05,6.19,2392.96,753.69,1076.41,High Margin (>=20%)
TXN-2166,2024-01-12,Hardware,NAS Storage Enclosure,New York,East,Enterprise,Credit Card,Bob Jones,19,813.41,498.99,15454.79,9480.81,1365.64,275.78,611.77,11734.0,1014.94,6.64,2024,1,Jan,2024-01,2024Q1,Friday,5805.91,1713.91,611.77,168.07,15286.72,18.0,2751.61,343.87,307.88,114.14,3967.1,1838.81,1494.94,1301.2,22.0,286.26,1014.94,6.64,12.03,9.78,8.51,37.98,75.92,8.84,804.56,617.58,53.42,Moderate Margin (5-20%)
TXN-2017,2024-01-14,Office Supplies,Ergonomic Executive Desk,Miami,East,SMB,Credit Card,Evan Wright,2,902.63,436.43,1805.26,872.86,216.43,15.64,88.04,1192.97,281.7,16.03,2024,1,Jan,2024-01,2024Q1,Sunday,884.4,142.67,88.04,48.0,1757.26,18.0,316.31,32.73,32.65,4.91,462.78,421.62,388.89,361.15,22.0,79.45,281.7,16.03,23.99,22.13,20.55,50.33,66.08,11.99,878.63,596.48,140.85,Moderate Margin (5-20%)
TXN-1740,2024-01-15,Hardware,Rack Server Blade X,Houston,South,Enterprise,Credit Card,Alice Smith,18,3422.34,2013.15,61602.12,36236.7,7634.91,251.75,2884.19,47007.55,5452.86,8.96,2024,1,Jan,2024-01,2024Q1,Monday,24654.46,5473.18,2884.19,710.96,60891.16,18.0,10960.41,966.2,749.29,295.91,16244.03,8410.43,7444.23,6990.85,22.0,1537.99,5452.86,8.96,13.81,12.23,11.48,40.49,76.31,12.39,3382.84,2611.53,302.94,Moderate Margin (5-20%)
TXN-1068,2024-01-15,Services,Annual IT Maintenance Plan,Chicago,Midwest,SMB,Wire Transfer,Charlie Davis,7,1828.35,603.93,12798.45,4227.51,1501.19,76.93,583.28,6388.91,3463.89,27.61,2024,1,Jan,2024-01,2024Q1,Monday,8320.11,1409.24,583.28,250.83,12547.62,18.0,2258.57,197.03,148.55,37.0,3570.64,4749.47,4552.44,4440.89,22.0,977.0,3463.89,27.61,37.85,36.28,35.39,66.31,49.92,11.73,1792.52,912.7,494.84,High Margin (>=20%)
TXN-1870,2024-01-15,Electronics,Laptop Pro 15,Phoenix,West,Enterprise,PayPal,Bob Jones,25,1179.4,758.7,29485.0,18967.5,2062.15,269.87,1157.36,22456.88,1615.75,5.57,2024,1,Jan,2024-01,2024Q1,Monday,10027.92,3458.76,1157.36,489.58,28995.42,18.0,5219.18,645.32,554.2,191.21,6948.14,3079.78,2434.46,2071.47,22.0,455.72,1615.75,5.57,10.62,8.4,7.14,34.58,76.16,6.99,1159.82,898.28,64.63,Moderate Margin (5-20%)
TXN-1824,2024-01-16,Office Supplies,High-Speed Paper Shredder,Seattle,West,SMB,Credit Card,Charlie Davis,1,194.12,86.18,194.12,86.18,21.92,9.48,25.29,142.87,20.76,10.81,2024,1,Jan,2024-01,2024Q1,Tuesday,105.8,17.45,25.29,2.14,191.98,18.0,34.56,2.95,3.36,1.27,74.14,31.66,28.71,26.62,22.0,5.86,20.76,10.81,16.49,14.95,13.87,55.11,73.6,11.29,191.98,142.87,20.76,Moderate Margin (5-20%)
TXN-1184,2024-01-16,Electronics,Wireless Noise-Canceling Headset,Phoenix,West,Enterprise,Wire Transfer,Evan Wright,6,236.64,124.58,1419.84,747.48,133.75,39.73,50.33,971.29,172.95,12.37,2024,1,Jan,2024-01,2024Q1,Tuesday,650.83,161.67,50.33,21.53,1398.31,18.0,251.7,27.68,25.93,9.99,385.48,265.35,237.67,221.73,22.0,48.78,172.95,12.37,18.98,17.0,15.86,46.54,68.41,9.42,233.05,161.88,28.82,Moderate Margin (5-20%)
TXN-1618,2024-01-17,Hardware,Gigabit Switch 24-Port,Houston,South,Consumer,Wire Transfer,Fiona Gallagher,7,478.06,247.24,3346.42,1730.68,254.7,102.13,138.68,2226.19,510.02,15.64,2024,1,Jan,2024-01,2024Q1,Wednesday,1530.79,280.58,138.68,84.95,3261.47,18.0,587.06,63.73,50.13,13.03,776.09,754.7,690.97,653.87,22.0,143.85,510.02,15.64,23.14,21.19,20.05,46.94,66.52,7.61,465.92,318.03,72.86,Moderate Margin (5-20%)
TXN-1528,2024-01-17,Office Supplies,Standing Desk Converter,Austin,South,Consumer,Credit Card,Bob Jones,4,282.57,146.7,1130.28,586.8,137.73,24.25,59.34,808.12,114.65,10.46,2024,1,Jan,2024-01,2024Q1,Wednesday,509.65,94.57,59.34,33.83,1096.45,18.0,197.36,28.09,21.99,3.31,315.89,193.76,165.67,146.99,22.0,32.34,114.65,10.46,17.67,15.11,13.41,46.48,71.5,12.19,274.11,202.03,28.66,Moderate Margin (5-20%)
TXN-1512,2024-01-18,Software,Enterprise ERP License,Seattle,West,SMB,PayPal,Alice Smith,2,2476.6,481.53,4953.2,963.06,412.5,27.38,232.52,1635.46,2099.24,42.86,2024,1,Jan,2024-01,2024Q1,Thursday,3934.53,450.31,232.52,55.61,4897.59,18.0,881.57,74.37,74.31,28.19,1122.71,2811.82,2737.45,2691.33,22.0,592.09,2099.24,42.86,57.41,55.89,54.95,80.34,33.02,8.33,2448.8,817.73,1049.62,High Margin (>=20%)
TXN-1739,2024-01-18,Hardware,Rack Server Blade X,Los Angeles,West,SMB,Wire Transfer,Bob Jones,6,3276.85,2132.27,19661.1,12793.62,2683.69,30.18,589.83,16097.32,620.49,3.22,2024,1,Jan,2024-01,2024Q1,Thursday,6474.94,1807.97,589.83,392.54,19268.56,18.0,3468.34,397.44,271.96,101.63,5111.67,1363.27,965.83,795.5,22.0,175.01,620.49,3.22,7.08,5.01,4.13,33.6,81.87,13.65,3211.43,2682.89,103.42,Low Margin (0-5%)
TXN-1732,2024-01-19,Office Supplies,High-Speed Paper Shredder,Miami,East,Consumer,PayPal,Diana Prince,6,175.91,87.98,1055.46,527.88,131.49,52.02,58.88,770.27,87.67,8.49,2024,1,Jan,2024-01,2024Q1,Friday,505.17,116.87,58.88,22.41,1033.05,18.0,185.95,24.52,11.95,2.96,359.26,145.91,121.39,112.4,22.0,24.73,87.67,8.49,14.12,11.75,10.88,48.9,72.98,12.46,172.18,128.38,14.61,Moderate Margin (5-20%)
TXN-1298,2024-01-19,Office Supplies,Mesh Office Chair,Seattle,West,Enterprise,Credit Card,Diana Prince,20,324.96,166.85,6499.2,3337.0,873.05,168.38,239.09,4617.52,793.81,12.45,2024,1,Jan,2024-01,2024Q1,Friday,3036.96,525.08,239.09,125.24,6373.96,18.0,1147.31,117.76,119.13,23.23,1805.6,1231.36,1113.6,1017.7,22.0,223.89,793.81,12.45,19.32,17.47,15.97,47.65,71.05,13.43,318.7,230.88,39.69,Moderate Margin (5-20%)
TXN-1768,2024-01-20,Services,Annual IT Maintenance Plan,Los Angeles,West,Enterprise,Direct Invoice,Evan Wright,11,1771.76,620.74,19489.36,6828.14,1709.24,127.01,798.93,9463.32,5460.96,28.51,2024,1,Jan,2024-01,2024Q1,Saturday,12325.13,2218.64,798.93,336.09,19153.27,18.0,3447.59,312.88,281.0,123.8,4853.82,7471.31,7158.43,7001.23,22.0,1540.27,5460.96,28.51,39.01,37.37,36.55,64.35,48.56,8.77,1741.21,860.3,496.45,High Margin (>=20%)
TXN-1403,2024-01-21,Office Supplies,High-Speed Paper Shredder,Miami,East,Government,Direct Invoice,Fiona Gallagher,36,188.73,94.38,6794.28,3397.68,732.61,209.51,281.94,4621.74,920.97,13.75,2024,1,Jan,2024-01,2024Q1,Sunday,3297.86,647.24,281.94,98.74,6695.54,18.0,1205.2,166.03,119.59,39.79,1871.3,1426.56,1260.53,1180.73,22.0,259.76,920.97,13.75,21.31,18.83,17.63,49.25,68.02,10.78,185.99,128.38,25.58,Moderate Margin (5-20%)
TXN-1485,2024-01-21,Software,Data Analytics Suite,Chicago,Midwest,Consumer,Wire Transfer,Charlie Davis,1,1503.41,301.18,1503.41,301.18,120.89,12.68,83.84,518.59,609.87,41.09,2024,1,Jan,2024-01,2024Q1,Sunday,1183.21,149.16,83.84,19.02,1484.39,18.0,267.19,23.59,18.32,7.16,366.57,816.64,793.05,781.89,22.0,172.02,609.87,41.09,55.02,53.43,52.67,79.71,34.49,8.04,1484.39,518.59,609.87,High Margin (>=20%)
TXN-1409,2024-01-22,Office Supplies,Ergonomic Executive Desk,Boston,East,SMB,Credit Card,Charlie Davis,1,819.65,429.57,819.65,429.57,110.21,11.61,49.0,600.39,69.19,8.57,2024,1,Jan,2024-01,2024Q1,Monday,378.05,94.48,49.0,12.03,807.62,18.0,145.37,16.2,13.77,5.92,265.3,112.75,96.55,88.7,22.0,19.51,69.19,8.57,13.96,11.95,10.98,46.81,73.25,13.45,807.62,600.39,69.19,Moderate Margin (5-20%)
TXN-1532,2024-01-24,Services,Cybersecurity Audit,Austin,South,SMB,PayPal,Diana Prince,2,2068.78,833.18,4137.56,1666.36,411.62,19.07,124.13,2221.18,938.54,23.2,2024,1,Jan,2024-01,2024Q1,Wednesday,2378.2,496.45,124.13,93.0,4044.56,18.0,728.02,89.41,50.39,16.13,1051.27,1326.93,1237.52,1203.26,22.0,264.72,938.54,23.2,32.81,30.6,29.75,58.8,53.68,9.95,2022.28,1110.59,469.27,High Margin (>=20%)
TXN-1406,2024-01-24,Hardware,NAS Storage Enclosure,Boston,East,SMB,Wire Transfer,Bob Jones,7,726.45,472.79,5085.15,3309.53,655.98,51.32,223.8,4240.63,-11.55,-0.23,2024,1,Jan,2024-01,2024Q1,Wednesday,1671.98,583.65,223.8,103.64,4981.51,18.0,896.67,125.97,64.49,21.68,1514.75,157.23,31.26,-11.55,22.0,0.0,-11.55,-0.23,3.16,0.63,-0.23,33.56,83.39,12.9,711.64,605.8,-1.65,Loss Making (<0%)
TXN-1789,2024-01-26,Software,Security Firewall Pro,Seattle,West,Enterprise,PayPal,Bob Jones,26,824.84,221.66,21445.84,5763.16,2917.65,353.37,643.38,9677.56,6861.93,32.61,2024,1,Jan,2024-01,2024Q1,Friday,15280.85,1996.61,643.38,401.83,21044.01,18.0,3787.92,499.38,235.48,162.37,5911.01,9369.84,8870.46,8797.35,22.0,1935.42,6861.93,32.61,44.52,42.15,41.8,72.61,45.13,13.6,809.38,372.21,263.92,High Margin (>=20%)
TXN-1917,2024-01-27,Hardware,NAS Storage Enclosure,Houston,South,SMB,Wire Transfer,Charlie Davis,3,773.19,490.28,2319.57,1470.84,300.16,16.29,112.15,1899.44,82.63,3.63,2024,1,Jan,2024-01,2024Q1,Saturday,805.11,196.52,112.15,43.62,2275.95,18.0,409.67,46.02,35.29,7.26,625.12,179.99,133.97,105.94,22.0,23.31,82.63,3.63,7.91,5.89,4.65,35.37,81.89,12.94,758.65,633.15,27.54,Low Margin (0-5%)
TXN-1836,2024-01-27,Hardware,Gigabit Switch 24-Port,Los Angeles,West,Consumer,Wire Transfer,Bob Jones,6,467.21,257.32,2803.26,1543.92,227.16,52.53,111.37,1934.98,380.45,13.81,2024,1,Jan,2024-01,2024Q1,Saturday,1211.71,254.95,111.37,47.63,2755.63,18.0,496.01,48.61,35.9,6.57,646.01,565.7,517.09,487.76,22.0,107.31,380.45,13.81,20.53,18.76,17.7,43.97,69.03,8.1,459.27,322.5,63.41,Moderate Margin (5-20%)
TXN-2061,2024-01-29,Electronics,Wireless Noise-Canceling Headset,Chicago,Midwest,Enterprise,Credit Card,Alice Smith,10,267.65,121.07,2676.5,1210.7,227.22,94.97,125.79,1658.68,444.65,17.05,2024,1,Jan,2024-01,2024Q1,Monday,1397.61,304.27,125.79,68.19,2608.31,18.0,469.5,47.52,40.44,12.67,752.25,645.36,597.84,570.07,22.0,125.42,444.65,17.05,24.74,22.92,21.86,53.58,61.97,8.49,260.83,165.87,44.46,Moderate Margin (5-20%)
TXN-1619,2024-01-31,Software,Enterprise ERP License,Seattle,West,SMB,Credit Card,Diana Prince,6,2384.82,480.25,14308.92,2881.5,1646.56,39.51,617.22,5184.79,5326.23,38.08,2024,1,Jan,2024-01,2024Q1,Wednesday,11105.57,1578.42,617.22,321.85,13987.07,18.0,2517.67,224.41,241.72,70.77,3881.71,7223.86,6999.45,6828.5,22.0,1502.27,5326.23,38.08,51.65,50.04,48.82,79.4,36.23,11.51,2331.18,864.13,887.7,High Margin (>=20%)
TXN-2120,2024-01-31,Office Supplies,Mesh Office Chair,San Francisco,West,SMB,Credit Card,Bob Jones,4,343.47,158.96,1373.88,635.84,150.94,46.65,61.43,894.86,239.16,17.73,2024,1,Jan,2024-01,2024Q1,Wednesday,713.01,105.07,61.43,25.03,1348.85,18.0,242.79,23.5,26.39,7.58,364.09,348.92,325.42,306.61,22.0,67.45,239.16,17.73,25.87,24.13,22.73,52.86,65.13,10.99,337.21,223.72,59.79,Moderate Margin (5-20%)
TXN-2014,2024-02-01,Office Supplies,Mesh Office Chair,Los Angeles,West,Enterprise,PayPal,Bob Jones,8,329.13,156.58,2633.04,1252.64,211.09,70.5,120.42,1654.65,501.84,19.63,2024,2,Feb,2024-02,2024Q1,Thursday,1303.37,189.5,120.42,77.03,2556.01,18.0,460.08,48.99,29.2,9.71,591.51,711.86,662.87,643.38,22.0,141.54,501.84,19.63,27.85,25.93,25.17,50.99,62.84,8.02,319.5,206.83,62.73,Moderate Margin (5-20%)
TXN-1831,2024-02-04,Office Supplies,High-Speed Paper Shredder,New York,East,SMB,Credit Card,Fiona Gallagher,7,182.95,86.14,1280.65,602.98,83.93,49.73,62.9,799.54,249.79,19.78,2024,2,Feb,2024-02,2024Q1,Sunday,659.79,104.03,62.9,17.88,1262.77,18.0,227.3,25.86,21.48,8.38,300.59,359.2,333.34,320.24,22.0,70.45,249.79,19.78,28.45,26.4,25.36,52.25,62.43,6.55,180.4,114.22,35.68,Moderate Margin (5-20%)
TXN-2080,2024-02-05,Hardware,NAS Storage Enclosure,Miami,East,SMB,PayPal,Charlie Davis,7,839.81,487.44,5878.67,3412.08,766.63,49.98,289.0,4517.69,331.02,5.7,2024,2,Feb,2024-02,2024Q1,Monday,2399.46,690.73,289.0,67.13,5811.54,18.0,1046.08,111.81,95.9,28.97,1796.34,603.12,491.31,424.38,22.0,93.36,331.02,5.7,10.38,8.45,7.3,41.29,76.85,13.04,830.22,645.38,47.29,Moderate Margin (5-20%)
TXN-1139,2024-02-05,Services,Annual IT Maintenance Plan,Chicago,Midwest,Enterprise,Direct Invoice,Alice Smith,10,1758.24,574.17,17582.4,5741.7,1785.05,56.76,759.28,8342.79,5381.18,30.96,2024,2,Feb,2024-02,2024Q1,Monday,11639.49,1550.44,759.28,201.21,17381.19,18.0,3128.61,396.21,308.37,115.57,4151.53,7487.96,7091.75,6898.95,22.0,1517.77,5381.18,30.96,43.08,40.8,39.69,66.97,47.45,10.15,1738.12,834.28,538.12,High Margin (>=20%)
TXN-2064,2024-02-07,Electronics,Smart Display 10,Boston,East,Enterprise,Direct Invoice,Charlie Davis,21,349.19,196.71,7332.99,4130.91,488.29,220.56,225.12,5064.88,942.62,13.1,2024,2,Feb,2024-02,2024Q1,Wednesday,3063.72,666.48,225.12,138.36,7194.63,18.0,1295.03,153.94,134.1,33.26,1600.45,1463.27,1309.33,1208.49,22.0,265.87,942.62,13.1,20.34,18.2,16.8,42.58,69.07,6.66,342.6,241.18,44.89,Moderate Margin (5-20%)
TXN-1244,2024-02-08,Electronics,Wireless Noise-Canceling Headset,Chicago,Midwest,SMB,Wire Transfer,Evan Wright,6,254.12,124.02,1524.72,744.12,187.16,52.62,81.38,1065.28,195.55,13.07,2024,2,Feb,2024-02,2024Q1,Thursday,751.82,134.95,81.38,28.78,1495.94,18.0,269.27,32.69,21.46,9.15,456.11,295.71,263.02,250.71,22.0,55.16,195.55,13.07,19.77,17.58,16.76,50.26,69.87,12.28,249.32,177.55,32.59,Moderate Margin (5-20%)
TXN-1105,2024-02-08,Services,Annual IT Maintenance Plan,Chicago,Midwest,Consumer,PayPal,Fiona Gallagher,4,1844.5,586.4,7378.0,2345.6,1003.92,26.04,267.52,3643.08,1943.67,27.0,2024,2,Feb,2024-02,2024Q1,Thursday,4853.99,851.26,267.52,178.41,7199.59,18.0,1295.93,125.46,143.66,55.75,2148.74,2705.25,2579.79,2491.88,22.0,548.21,1943.67,27.0,37.58,35.83,34.61,67.42,49.38,13.61,1799.9,910.77,485.92,High Margin (>=20%)
TXN-1251,2024-02-09,Services,Cloud Migration Consulting,Los Angeles,West,SMB,Direct Invoice,Charlie Davis,2,3710.49,1204.69,7420.98,2409.38,612.96,18.5,222.63,3263.47,2474.48,34.02,2024,2,Feb,2024-02,2024Q1,Friday,4863.6,628.72,222.63,148.0,7272.98,18.0,1309.14,126.82,105.2,23.64,1482.81,3380.79,3253.97,3172.41,22.0,697.93,2474.48,34.02,46.48,44.74,43.62,66.87,43.98,8.26,3636.49,1631.74,1237.24,High Margin (>=20%)
TXN-1207,2024-02-10,Office Supplies,High-Speed Paper Shredder,Seattle,West,SMB,Wire Transfer,Diana Prince,4,185.43,88.87,741.72,355.48,54.4,37.22,47.16,494.26,120.66,16.72,2024,2,Feb,2024-02,2024Q1,Saturday,366.3,55.68,47.16,19.94,721.78,18.0,129.92,11.47,10.62,4.94,194.46,171.84,160.37,154.69,22.0,34.03,120.66,16.72,23.81,22.22,21.43,50.75,66.64,7.33,180.44,123.56,30.16,Moderate Margin (5-20%)
TXN-1044,2024-02-10,Hardware,NAS Storage Enclosure,Austin,South,Enterprise,Credit Card,Alice Smith,25,819.16,488.87,20479.0,12221.75,1495.16,352.73,912.03,14981.67,1442.97,7.24,2024,2,Feb,2024-02,2024Q1,Saturday,7706.45,2364.63,912.03,550.8,19928.2,18.0,3587.08,477.91,300.28,46.25,5124.55,2581.9,2103.99,1849.96,22.0,406.99,1442.97,7.24,12.96,10.56,9.28,38.67,73.16,7.3,797.13,599.27,57.72,Moderate Margin (5-20%)
TXN-1611,2024-02-10,Software,Cloud Storage Annual,Phoenix,West,SMB,Credit Card,Alice Smith,5,373.03,78.85,1865.15,394.25,223.47,52.53,110.99,781.24,670.02,36.78,2024,2,Feb,2024-02,2024Q1,Saturday,1427.62,134.23,110.99,43.28,1821.87,18.0,327.94,38.21,20.62,11.43,521.22,906.4,868.19,859.0,22.0,188.98,670.02,36.78,49.75,47.65,47.15,78.36,41.89,11.98,364.37,156.25,134.0,High Margin (>=20%)
TXN-1888,2024-02-16,Hardware,NAS Storage Enclosure,San Francisco,West,Enterprise,Wire Transfer,Evan Wright,20,782.5,488.64,15650.0,9772.8,1046.36,192.18,670.52,11681.86,1457.49,9.53,2024,2,Feb,2024-02,2024Q1,Friday,5515.13,1281.88,670.52,362.07,15287.93,18.0,2751.83,360.5,212.03,116.92,3190.94,2324.19,1963.69,1868.58,22.0,411.09,1457.49,9.53,15.2,12.84,12.22,36.08,74.64,6.69,764.4,584.09,72.87,Moderate Margin (5-20%)
TXN-1054,2024-02-16,Electronics,Smart Display 10,Los Angeles,West,Consumer,PayPal,Evan Wright,1,337.51,206.12,337.51,206.12,40.45,6.85,25.62,279.04,5.23,1.57,2024,2,Feb,2024-02,2024Q1,Friday,127.17,38.73,25.62,4.22,333.29,18.0,59.99,6.23,3.95,1.37,111.65,15.52,9.29,6.71,22.0,1.48,5.23,1.57,4.66,2.79,2.01,38.16,82.68,11.98,333.29,279.04,5.23,Low Margin (0-5%)
TXN-1603,2024-02-16,Hardware,NAS Storage Enclosure,Houston,South,Consumer,Direct Invoice,Diana Prince,3,722.54,475.35,2167.62,1426.05,242.63,35.94,97.78,1802.4,87.18,4.09,2024,2,Feb,2024-02,2024Q1,Friday,704.58,170.92,97.78,36.99,2130.63,18.0,383.51,37.94,24.4,16.8,547.27,157.31,119.37,111.77,22.0,24.59,87.18,4.09,7.38,5.6,5.25,33.07,83.15,11.19,710.21,600.8,29.06,Low Margin (0-5%)
TXN-1765,2024-02-16,Services,Cybersecurity Audit,Phoenix,West,SMB,Wire Transfer,Diana Prince,7,2272.09,787.13,15904.63,5509.91,1095.59,54.5,678.13,7338.13,5275.58,33.9,2024,2,Feb,2024-02,2024Q1,Friday,10053.77,1139.99,678.13,340.95,15563.68,18.0,2801.46,247.5,195.11,120.62,2968.21,7085.56,6838.06,6763.57,22.0,1487.99,5275.58,33.9,45.53,43.94,43.46,64.6,46.14,6.89,2223.38,1048.3,753.65,High Margin (>=20%)
TXN-2046,2024-02-17,Electronics,Laptop Pro 15,San Francisco,West,Enterprise,PayPal,Evan Wright,6,1117.6,742.52,6705.6,4455.12,711.82,81.3,335.58,5583.82,55.29,0.84,2024,2,Feb,2024-02,2024Q1,Saturday,2113.49,675.88,335.58,136.99,6568.61,18.0,1182.35,144.14,116.81,22.93,1804.58,308.91,164.77,70.89,22.0,15.6,55.29,0.84,4.7,2.51,1.08,32.18,83.27,10.62,1094.77,930.64,9.22,Low Margin (0-5%)
TXN-1818,2024-02-18,Office Supplies,Standing Desk Converter,San Francisco,West,SMB,Credit Card,Bob Jones,7,296.87,145.77,2078.09,1020.39,168.9,67.35,104.29,1360.93,332.87,16.48,2024,2,Feb,2024-02,2024Q1,Sunday,999.52,186.92,104.29,58.18,2019.91,18.0,363.58,31.21,21.28,7.19,527.46,472.06,440.85,426.76,22.0,93.89,332.87,16.48,23.37,21.83,21.13,49.48,65.49,8.13,288.56,194.42,47.55,Moderate Margin (5-20%)
TXN-1199,2024-02-18,Electronics,Smart Display 10,Los Angeles,West,Enterprise,Direct Invoice,Alice Smith,11,366.94,201.44,4036.34,2215.84,407.72,87.28,203.56,2914.4,373.36,9.46,2024,2,Feb,2024-02,2024Q1,Sunday,1730.32,461.57,203.56,90.18,3946.16,18.0,710.31,72.02,47.33,27.83,1160.13,570.19,498.17,478.67,22.0,105.31,373.36,9.46,14.45,12.62,12.13,43.85,72.2,10.1,358.74,264.95,33.94,Moderate Margin (5-20%)
TXN-1481,2024-02-18,Hardware,Rack Server Blade X,Austin,South,Consumer,Credit Card,Bob Jones,6,2987.66,2176.9,17925.96,13061.4,1791.43,47.79,537.78,15438.4,-124.3,-0.71,2024,2,Feb,2024-02,2024Q1,Sunday,4561.22,1818.95,537.78,303.34,17622.62,18.0,3172.07,328.33,303.37,142.13,4195.95,365.27,36.94,-124.3,22.0,0.0,-124.3,-0.71,2.07,0.21,-0.71,25.88,86.12,9.99,2937.1,2573.07,-20.72,Loss Making (<0%)
TXN-1239,2024-02-18,Hardware,Gigabit Switch 24-Port,Los Angeles,West,SMB,Credit Card,Alice Smith,6,418.48,250.83,2510.88,1504.98,152.23,67.86,92.91,1817.98,239.26,9.66,2024,2,Feb,2024-02,2024Q1,Sunday,970.65,256.8,92.91,35.25,2475.63,18.0,445.61,61.54,48.55,15.98,569.8,400.85,339.31,306.74,22.0,67.48,239.26,9.66,16.19,13.71,12.39,39.21,72.4,6.06,412.6,303.0,39.88,Moderate Margin (5-20%)
TXN-1390,2024-02-19,Hardware,NAS Storage Enclosure,Austin,South,Enterprise,Credit Card,Evan Wright,29,816.97,491.28,23692.13,14247.12,2577.91,286.57,710.76,17822.36,1350.07,5.84,2024,2,Feb,2024-02,2024Q1,Monday,8868.06,2614.23,710.76,576.95,23115.18,18.0,4160.73,591.08,443.21,86.56,6189.47,2678.59,2087.51,1730.86,22.0,380.79,1350.07,5.84,11.59,9.03,7.49,38.36,75.22,10.88,797.08,614.56,46.55,Moderate Margin (5-20%)
TXN-1277,2024-02-21,Electronics,Laptop Pro 15,Phoenix,West,Enterprise,PayPal,Evan Wright,8,1225.39,740.51,9803.12,5924.08,801.11,58.54,313.2,7096.93,881.69,9.24,2024,2,Feb,2024-02,2024Q1,Wednesday,3622.62,1077.51,313.2,256.42,9546.7,18.0,1718.41,183.1,114.52,55.73,2250.36,1372.26,1189.16,1130.37,22.0,248.68,881.69,9.24,14.37,12.46,11.84,37.95,72.39,8.17,1193.34,887.12,110.21,Moderate Margin (5-20%)
TXN-1414,2024-02-21,Software,Data Analytics Suite,Houston,South,SMB,Credit Card,Charlie Davis,7,1476.84,292.04,10337.88,2044.28,1297.5,58.61,454.31,3854.7,3950.69,38.86,2024,2,Feb,2024-02,2024Q1,Wednesday,8123.16,1020.06,454.31,170.44,10167.44,18.0,1830.14,171.89,123.38,67.58,2830.48,5292.68,5120.79,5064.99,22.0,1114.3,3950.69,38.86,52.06,50.36,49.82,79.89,37.29,12.55,1452.49,550.67,564.38,High Margin (>=20%)
TXN-2111,2024-02-21,Electronics,Wireless Noise-Canceling Headset,New York,East,Enterprise,PayPal,Alice Smith,7,237.14,118.51,1659.98,829.57,161.73,64.36,71.67,1127.33,209.54,12.88,2024,2,Feb,2024-02,2024Q1,Wednesday,796.96,183.91,71.67,33.45,1626.53,18.0,292.78,30.47,23.55,7.37,481.67,315.29,284.82,268.64,22.0,59.1,209.54,12.88,19.38,17.51,16.52,49.0,67.91,9.74,232.36,161.05,29.93,Moderate Margin (5-20%)
TXN-1014,2024-02-22,Hardware,Gigabit Switch 24-Port,Austin,South,Enterprise,Direct Invoice,Charlie Davis,28,431.11,265.93,12071.08,7446.04,1079.43,317.05,476.41,9318.93,878.47,7.47,2024,2,Feb,2024-02,2024Q1,Thursday,4312.45,973.13,476.41,312.59,11758.49,18.0,2116.53,184.39,217.01,61.21,2846.02,1466.43,1282.04,1126.24,22.0,247.77,878.47,7.47,12.47,10.9,9.58,36.68,77.2,8.94,419.95,332.82,31.37,Moderate Margin (5-20%)
TXN-1018,2024-02-23,Electronics,Ultra-Wide Monitor 34,Chicago,Midwest,Enterprise,Direct Invoice,Diana Prince,10,667.57,383.07,6675.7,3830.7,599.36,144.01,330.32,4904.39,617.39,9.47,2024,2,Feb,2024-02,2024Q1,Friday,2687.39,642.45,330.32,157.61,6518.09,18.0,1173.26,102.74,123.17,46.18,1716.14,971.25,868.51,791.52,22.0,174.13,617.39,9.47,14.9,13.32,12.14,41.23,73.47,8.98,651.81,490.44,61.74,Moderate Margin (5-20%)
TXN-1085,2024-02-24,Services,Annual IT Maintenance Plan,Seattle,West,Enterprise,Direct Invoice,Charlie Davis,7,1898.36,620.78,13288.52,4345.46,1812.81,45.83,517.08,6721.18,3714.75,28.42,2024,2,Feb,2024-02,2024Q1,Saturday,8723.41,1136.82,517.08,219.65,13068.87,18.0,2352.4,260.81,222.9,35.34,3512.54,5210.87,4950.06,4762.5,22.0,1047.75,3714.75,28.42,39.87,37.88,36.44,66.75,50.58,13.64,1866.98,960.17,530.68,High Margin (>=20%)
TXN-2087,2024-02-24,Software,Data Analytics Suite,Seattle,West,Enterprise,Credit Card,Bob Jones,23,1503.9,305.99,34589.7,7037.77,2335.4,257.85,1594.74,11225.76,14051.49,41.86,2024,2,Feb,2024-02,2024Q1,Saturday,26533.93,3482.16,1594.74,1018.0,33571.7,18.0,6042.91,641.61,394.06,186.62,7670.15,18863.78,18222.17,18014.73,22.0,3963.24,14051.49,41.86,56.19,54.28,53.66,79.04,32.45,6.75,1459.64,488.08,610.93,High Margin (>=20%)
TXN-2005,2024-02-24,Software,Enterprise ERP License,Chicago,Midwest,Enterprise,Wire Transfer,Diana Prince,5,2420.64,505.64,12103.2,2528.2,767.83,31.09,556.86,3883.98,4798.08,40.65,2024,2,Feb,2024-02,2024Q1,Saturday,9274.86,1335.32,556.86,300.14,11803.06,18.0,2124.55,272.1,211.96,51.68,2691.1,6583.76,6311.66,6151.38,22.0,1353.3,4798.08,40.65,55.78,53.47,52.12,78.58,32.09,6.34,2360.61,776.8,959.62,High Margin (>=20%)
TXN-1076,2024-02-24,Office Supplies,High-Speed Paper Shredder,Seattle,West,Enterprise,Wire Transfer,Bob Jones,5,166.33,86.91,831.65,434.55,97.53,57.95,30.59,620.62,67.82,8.25,2024,2,Feb,2024-02,2024Q1,Saturday,387.04,88.53,30.59,10.06,821.59,18.0,147.89,19.71,10.65,4.87,274.6,112.44,92.73,86.95,22.0,19.13,67.82,8.25,13.69,11.29,10.58,47.11,74.63,11.73,164.32,124.12,13.56,Moderate Margin (5-20%)
TXN-2000,2024-02-25,Hardware,NAS Storage Enclosure,Boston,East,Enterprise,Wire Transfer,Fiona Gallagher,17,835.32,490.7,14200.44,8341.9,1635.29,249.59,612.93,10839.71,1066.42,7.64,2024,2,Feb,2024-02,2024Q1,Sunday,5608.5,1310.7,612.93,250.04,13950.4,18.0,2511.07,294.9,180.23,42.35,3808.51,1799.99,1505.09,1367.21,22.0,300.79,1066.42,7.64,12.9,10.79,9.8,40.2,76.33,11.52,820.61,637.63,62.73,Moderate Margin (5-20%)
TXN-1743,2024-02-26,Services,Cloud Migration Consulting,Miami,East,SMB,Credit Card,Evan Wright,3,3493.92,1235.26,10481.76,3705.78,1183.48,18.23,377.48,5284.97,2705.14,26.49,2024,2,Feb,2024-02,2024Q1,Monday,6506.62,1125.54,377.48,269.36,10212.4,18.0,1838.23,218.49,190.82,75.55,2704.73,3801.89,3583.4,3468.13,22.0,762.99,2705.14,26.49,37.23,35.09,33.96,63.71,50.42,11.29,3404.13,1761.66,901.71,High Margin (>=20%)
TXN-1442,2024-02-26,Electronics,Wireless Noise-Canceling Headset,Boston,East,Enterprise,Credit Card,Diana Prince,16,239.59,116.34,3833.44,1861.44,384.85,203.0,115.0,2564.29,460.43,12.34,2024,2,Feb,2024-02,2024Q1,Monday,1869.11,457.45,115.0,102.89,3730.55,18.0,671.5,86.42,49.43,17.34,1160.3,708.81,622.39,590.3,22.0,129.87,460.43,12.34,19.0,16.68,15.82,50.1,66.89,10.04,233.16,160.27,28.78,Moderate Margin (5-20%)
TXN-1322,2024-02-27,Services,Cloud Migration Consulting,New York,East,SMB,PayPal,Diana Prince,6,3664.91,1173.38,21989.46,7040.28,1569.62,48.79,972.99,9631.68,6831.24,31.98,2024,2,Feb,2024-02,2024Q1,Tuesday,14318.33,2324.94,972.99,630.85,21358.61,18.0,3844.55,502.06,307.9,165.97,4916.34,9401.99,8899.93,8758.0,22.0,1926.76,6831.24,31.98,44.02,41.67,41.0,67.04,43.8,7.14,3559.77,1605.28,1138.54,High Margin (>=20%)
TXN-1634,2024-02-29,Services,Annual IT Maintenance Plan,New York,East,SMB,Wire Transfer,Alice Smith,2,1686.11,622.86,3372.22,1245.72,344.64,26.5,178.59,1795.45,823.99,25.06,2024,2,Feb,2024-02,2024Q1,Thursday,2042.32,325.78,178.59,84.18,3288.04,18.0,591.85,54.0,64.45,8.04,875.51,1166.81,1112.81,1056.4,22.0,232.41,823.99,25.06,35.49,33.84,32.13,62.11,53.24,10.22,1644.02,897.72,412.0,High Margin (>=20%)
TXN-1785,2024-03-01,Electronics,Laptop Pro 15,Boston,East,SMB,Direct Invoice,Alice Smith,1,1215.02,749.86,1215.02,749.86,129.23,7.87,46.8,933.76,100.05,8.34,2024,3,Mar,2024-03,2024Q1,Friday,449.77,96.08,46.8,15.39,1199.63,18.0,215.93,24.48,22.82,5.78,279.98,169.79,145.31,128.27,22.0,28.22,100.05,8.34,14.15,12.11,10.69,37.49,76.85,10.64,1199.63,933.76,100.05,Moderate Margin (5-20%)
TXN-1959,2024-03-02,Office Supplies,Mesh Office Chair,San Francisco,West,Enterprise,Wire Transfer,Evan Wright,26,343.56,156.06,8932.56,4057.56,1161.22,370.26,376.68,5965.72,1371.93,15.66,2024,3,Mar,2024-03,2024Q1,Saturday,4705.22,699.55,376.68,169.78,8762.78,18.0,1577.3,207.4,172.55,41.33,2607.71,2097.51,1890.11,1758.89,22.0,386.96,1371.93,15.66,23.94,21.57,20.07,53.7,66.79,13.0,337.03,229.45,52.77,Moderate Margin (5-20%)
TXN-1506,2024-03-02,Office Supplies,Mesh Office Chair,Chicago,Midwest,SMB,Credit Card,Diana Prince,3,336.43,156.5,1009.29,469.5,66.21,16.7,45.53,597.94,228.57,22.92,2024,3,Mar,2024-03,2024Q1,Saturday,527.56,78.86,45.53,12.23,997.06,18.0,179.47,15.69,16.79,5.26,207.3,320.26,304.57,293.04,22.0,64.47,228.57,22.92,32.12,30.55,29.39,52.91,59.24,6.56,332.35,199.31,76.19,High Margin (>=20%)
TXN-1795,2024-03-02,Hardware,NAS Storage Enclosure,Los Angeles,West,SMB,PayPal,Bob Jones,5,775.99,487.56,3879.95,2437.8,510.62,44.65,200.06,3193.13,142.97,3.78,2024,3,Mar,2024-03,2024Q1,Saturday,1345.04,275.11,200.06,97.11,3782.84,18.0,680.91,71.95,75.5,16.14,1030.44,314.6,242.65,183.29,22.0,40.32,142.97,3.78,8.32,6.41,4.85,35.56,82.3,13.16,756.57,638.63,28.59,Low Margin (0-5%)
TXN-2133,2024-03-03,Hardware,Rack Server Blade X,Seattle,West,SMB,PayPal,Fiona Gallagher,4,3225.06,1995.74,12900.24,7982.96,815.32,28.03,387.01,9213.32,1586.43,12.58,2024,3,Mar,2024-03,2024Q1,Sunday,4632.5,955.29,387.01,284.78,12615.46,18.0,2270.78,235.59,222.4,45.02,2185.65,2446.85,2211.26,2033.88,22.0,447.45,1586.43,12.58,19.4,17.53,16.12,36.72,71.42,6.32,3153.86,2303.33,396.61,Moderate Margin (5-20%)
TXN-1415,2024-03-05,Electronics,Laptop Pro 15,Los Angeles,West,SMB,PayPal,Charlie Davis,6,1210.67,734.35,7264.02,4406.1,678.4,52.61,353.16,5490.27,528.22,7.39,2024,3,Mar,2024-03,2024Q1,Tuesday,2736.9,737.97,353.16,121.02,7143.0,18.0,1285.74,150.01,119.24,31.69,1822.14,914.76,764.75,677.2,22.0,148.98,528.22,7.39,12.81,10.71,9.48,38.32,75.58,9.34,1190.5,915.04,88.04,Moderate Margin (5-20%)
TXN-1129,2024-03-05,Hardware,Gigabit Switch 24-Port,Phoenix,West,SMB,PayPal,Diana Prince,5,446.31,253.18,2231.55,1265.9,200.53,36.36,71.69,1574.48,314.48,14.43,2024,3,Mar,2024-03,2024Q1,Tuesday,913.94,156.98,71.69,51.71,2179.84,18.0,392.37,33.67,25.95,14.42,465.56,448.38,414.71,403.18,22.0,88.7,314.48,14.43,20.57,19.02,18.5,41.93,70.56,8.99,435.97,314.9,62.9,Moderate Margin (5-20%)
TXN-2175,2024-03-06,Software,Cloud Storage Annual,Austin,South,Enterprise,Wire Transfer,Bob Jones,8,428.53,81.98,3428.24,655.84,406.05,43.71,140.54,1246.14,1277.69,38.16,2024,3,Mar,2024-03,2024Q1,Wednesday,2691.98,348.65,140.54,80.42,3347.82,18.0,602.61,81.92,45.85,12.8,938.95,1753.03,1671.11,1638.06,22.0,360.37,1277.69,38.16,52.36,49.92,48.93,80.41,36.35,11.84,418.48,155.77,159.71,High Margin (>=20%)
TXN-1840,2024-03-06,Office Supplies,Ergonomic Executive Desk,Phoenix,West,Enterprise,Credit Card,Charlie Davis,10,784.52,447.2,7845.2,4472.0,484.29,98.36,282.69,5337.34,1054.68,13.65,2024,3,Mar,2024-03,2024Q1,Wednesday,3255.37,797.18,282.69,117.83,7727.37,18.0,1390.93,161.37,97.33,18.0,1662.52,1592.85,1431.48,1352.15,22.0,297.47,1054.68,13.65,20.61,18.52,17.5,42.13,68.03,6.17,772.74,533.73,105.47,Moderate Margin (5-20%)
TXN-1817,2024-03-06,Services,Cloud Migration Consulting,Phoenix,West,Enterprise,PayPal,Evan Wright,16,3262.31,1169.6,52196.96,18713.6,6035.3,145.51,2339.84,27234.25,13768.75,26.83,2024,3,Mar,2024-03,2024Q1,Wednesday,32598.79,5196.93,2339.84,884.57,51312.39,18.0,9236.23,869.23,738.82,379.09,13717.58,18881.21,18011.98,17652.25,22.0,3883.5,13768.75,26.83,36.8,35.1,34.4,63.53,52.18,11.56,3207.02,1702.14,860.55,High Margin (>=20%)
TXN-1653,2024-03-07,Services,Cybersecurity Audit,Los Angeles,West,Consumer,Credit Card,Evan Wright,7,2224.46,828.89,15571.22,5802.23,1031.86,40.08,695.27,7569.44,4366.52,28.83,2024,3,Mar,2024-03,2024Q1,Thursday,9345.03,1546.88,695.27,423.96,15147.26,18.0,2726.51,275.38,208.55,51.09,3314.09,6030.94,5755.56,5598.1,22.0,1231.58,4366.52,28.83,39.82,38.0,36.96,61.69,48.61,6.63,2163.89,1081.35,623.79,High Margin (>=20%)
TXN-2117,2024-03-07,Hardware,NAS Storage Enclosure,Boston,East,Government,Credit Card,Diana Prince,39,824.18,483.44,32143.02,18854.16,3098.62,253.36,1062.3,23268.44,4064.7,12.84,2024,3,Mar,2024-03,2024Q1,Thursday,12790.82,2397.04,1062.3,498.04,31644.98,18.0,5696.1,509.5,513.02,254.17,6811.32,5979.5,5470.0,5211.15,22.0,1146.45,4064.7,12.84,18.9,17.29,16.47,40.42,72.39,9.64,811.41,596.63,104.22,Moderate Margin (5-20%)
TXN-1499,2024-03-08,Hardware,Rack Server Blade X,Boston,East,SMB,Credit Card,Bob Jones,6,3061.45,2040.84,18368.7,12245.04,1182.49,31.06,551.06,14009.65,889.15,4.99,2024,3,Mar,2024-03,2024Q1,Friday,5586.15,2180.73,551.06,537.51,17831.19,18.0,3209.61,353.64,231.19,83.95,3945.34,1640.81,1287.17,1139.93,22.0,250.78,889.15,4.99,9.2,7.22,6.39,31.33,76.27,6.44,2971.86,2334.94,148.19,Low Margin (0-5%)
TXN-1647,2024-03-08,Software,Security Firewall Pro,Houston,South,Enterprise,Credit Card,Diana Prince,19,795.68,215.81,15117.92,4100.39,1709.82,221.5,453.54,6485.25,5085.44,34.06,2024,3,Mar,2024-03,2024Q1,Friday,10829.61,1506.95,453.54,187.92,14930.0,18.0,2687.4,290.68,189.11,61.79,3891.81,6937.8,6647.12,6519.8,22.0,1434.36,5085.44,34.06,46.47,44.52,43.67,72.54,42.9,11.31,785.79,341.33,267.65,High Margin (>=20%)
TXN-1432,2024-03-08,Services,Cloud Migration Consulting,Boston,East,SMB,Wire Transfer,Alice Smith,4,3758.78,1204.28,15035.12,4817.12,1645.79,47.23,601.65,7111.79,4364.31,29.53,2024,3,Mar,2024-03,2024Q1,Friday,9963.13,1624.93,601.65,254.87,14780.25,18.0,2660.44,325.12,191.04,67.9,3919.6,6043.53,5718.41,5595.27,22.0,1230.96,4364.31,29.53,40.89,38.69,37.86,67.41,47.3,10.95,3695.06,1777.95,1091.08,High Margin (>=20%)
TXN-1030,2024-03-09,Electronics,Smart Display 10,Chicago,Midwest,Enterprise,Direct Invoice,Bob Jones,20,367.19,196.93,7343.8,3938.6,713.63,229.95,220.31,5102.49,1028.5,14.26,2024,3,Mar,2024-03,2024Q1,Saturday,3271.64,531.12,220.31,133.56,7210.24,18.0,1297.84,175.4,119.51,36.87,1695.01,1576.63,1401.23,1318.59,22.0,290.09,1028.5,14.26,21.87,19.43,18.29,45.37,69.48,9.72,360.51,255.12,51.42,Moderate Margin (5-20%)
TXN-1680,2024-03-10,Electronics,Ultra-Wide Monitor 34,Phoenix,West,Enterprise,Direct Invoice,Evan Wright,13,667.74,373.1,8680.62,4850.3,785.58,193.79,260.42,6090.09,875.55,10.31,2024,3,Mar,2024-03,2024Q1,Sunday,3645.42,983.3,260.42,184.9,8495.72,18.0,1529.23,212.22,120.81,33.2,2223.09,1422.33,1210.11,1122.5,22.0,246.95,875.55,10.31,16.74,14.24,13.21,42.91,70.16,9.05,653.52,468.47,67.35,Moderate Margin (5-20%)
TXN-1941,2024-03-10,Office Supplies,Mesh Office Chair,Phoenix,West,SMB,PayPal,Diana Prince,3,313.47,164.42,940.41,493.26,101.26,34.33,49.59,678.44,102.86,11.23,2024,3,Mar,2024-03,2024Q1,Sunday,422.34,78.71,49.59,24.81,915.6,18.0,164.81,22.47,11.02,6.91,263.89,158.45,135.98,131.87,22.0,29.01,102.86,11.23,17.31,14.85,14.4,46.13,72.14,10.77,305.2,226.15,34.29,Moderate Margin (5-20%)
TXN-1175,2024-03-10,Software,Security Firewall Pro,Los Angeles,West,SMB,Direct Invoice,Evan Wright,2,894.59,226.33,1789.18,452.66,196.73,19.89,96.34,765.62,592.48,33.62,2024,3,Mar,2024-03,2024Q1,Sunday,1309.78,182.96,96.34,26.74,1762.44,18.0,317.24,30.88,29.68,6.29,495.92,813.86,782.98,759.59,22.0,167.11,592.48,33.62,46.18,44.43,43.1,74.32,42.79,11.0,881.22,382.81,296.24,High Margin (>=20%)
TXN-2187,2024-03-10,Office Supplies,High-Speed Paper Shredder,Boston,East,Enterprise,Wire Transfer,Bob Jones,16,184.11,90.18,2945.76,1442.88,337.42,151.92,88.37,2020.59,366.14,12.65,2024,3,Mar,2024-03,2024Q1,Sunday,1451.55,307.52,88.37,51.33,2894.43,18.0,521.0,57.56,55.26,15.91,885.23,566.32,508.76,469.41,22.0,103.27,366.14,12.65,19.57,17.58,16.22,50.15,68.59,11.45,180.9,126.29,22.88,Moderate Margin (5-20%)
TXN-2011,2024-03-13,Services,Cybersecurity Audit,Austin,South,Enterprise,Wire Transfer,Evan Wright,7,2342.05,779.12,16394.35,5453.84,1254.51,102.89,491.83,7303.07,5356.63,33.51,2024,3,Mar,2024-03,2024Q1,Wednesday,10529.35,1328.93,491.83,411.16,15983.19,18.0,2876.97,313.33,219.56,49.17,3178.16,7351.19,7037.86,6867.47,22.0,1510.84,5356.63,33.51,45.99,44.03,42.97,65.88,44.55,7.65,2283.31,1043.3,765.23,High Margin (>=20%)
TXN-1086,2024-03-13,Electronics,Ultra-Wide Monitor 34,New York,East,SMB,Credit Card,Charlie Davis,2,645.81,363.89,1291.62,727.78,85.53,10.05,68.96,892.32,170.64,13.49,2024,3,Mar,2024-03,2024Q1,Wednesday,537.55,111.41,68.96,26.29,1265.33,18.0,227.76,32.04,20.22,9.43,275.95,261.6,229.56,218.77,22.0,48.13,170.64,13.49,20.67,18.14,17.29,42.48,69.09,6.62,632.66,446.16,85.32,Moderate Margin (5-20%)
TXN-2079,2024-03-14,Hardware,Rack Server Blade X,Phoenix,West,SMB,Direct Invoice,Alice Smith,5,3218.19,2043.39,16090.95,10216.95,1922.85,51.4,521.55,12712.75,933.3,5.93,2024,3,Mar,2024-03,2024Q1,Thursday,5509.02,1301.96,521.55,364.98,15725.97,18.0,2830.67,319.97,270.19,75.44,3797.76,1711.26,1391.29,1196.54,22.0,263.24,933.3,5.93,10.88,8.85,7.61,35.03,79.01,11.95,3145.19,2542.55,186.66,Moderate Margin (5-20%)
TXN-1172,2024-03-14,Services,Cloud Migration Consulting,Seattle,West,Enterprise,PayPal,Bob Jones,7,3464.64,1227.54,24252.48,8592.78,2940.4,46.12,910.68,12489.98,6901.95,28.85,2024,3,Mar,2024-03,2024Q1,Thursday,15329.39,1717.79,910.68,330.31,23922.17,18.0,4305.99,583.54,461.38,179.17,5614.99,9714.4,9130.86,8848.65,22.0,1946.7,6901.95,28.85,40.61,38.17,36.99,64.08,51.5,12.12,3417.45,1784.28,985.99,High Margin (>=20%)
TXN-1994,2024-03-18,Electronics,Laptop Pro 15,New York,East,Enterprise,PayPal,Alice Smith,15,1218.15,734.31,18272.25,11014.65,1485.9,189.38,548.17,13238.1,1865.74,10.43,2024,3,Mar,2024-03,2024Q1,Monday,6870.07,1818.3,548.17,387.53,17884.72,18.0,3219.25,333.52,239.77,136.95,4041.75,2828.32,2494.8,2391.98,22.0,526.24,1865.74,10.43,15.81,13.95,13.37,38.41,72.45,8.13,1192.31,882.54,124.38,Moderate Margin (5-20%)
TXN-1947,2024-03-18,Software,Cloud Storage Annual,Boston,East,SMB,Credit Card,Diana Prince,2,426.25,78.43,852.5,156.86,81.82,20.88,49.82,309.38,345.27,41.29,2024,3,Mar,2024-03,2024Q1,Monday,679.28,65.51,49.82,16.36,836.14,18.0,150.51,15.1,8.64,5.15,218.03,461.25,446.15,442.66,22.0,97.39,345.27,41.29,55.16,53.36,52.94,81.24,36.29,9.6,418.07,154.69,172.64,High Margin (>=20%)
TXN-1536,2024-03-18,Hardware,NAS Storage Enclosure,Phoenix,West,Enterprise,Wire Transfer,Charlie Davis,19,734.58,496.13,13957.02,9426.47,1010.25,152.22,418.71,11007.65,513.62,3.78,2024,3,Mar,2024-03,2024Q1,Monday,4143.49,1636.3,418.71,387.06,13569.96,18.0,2442.59,232.71,141.84,107.03,3217.48,926.01,693.3,658.49,22.0,144.87,513.62,3.78,6.82,5.11,4.85,30.53,78.87,7.24,714.21,579.35,27.03,Low Margin (0-5%)
TXN-2144,2024-03-19,Hardware,Gigabit Switch 24-Port,Boston,East,Government,Credit Card,Alice Smith,33,432.92,248.18,14286.36,8189.94,859.32,280.71,428.59,9758.56,1899.45,13.53,2024,3,Mar,2024-03,2024Q1,Tuesday,5852.19,1404.16,428.59,244.23,14042.13,18.0,2527.58,263.25,284.92,103.95,2972.78,2879.41,2616.16,2435.19,22.0,535.74,1899.45,13.53,20.51,18.63,17.34,41.68,68.31,6.01,425.52,295.71,57.56,Moderate Margin (5-20%)
TXN-1567,2024-03-20,Electronics,Ultra-Wide Monitor 34,Boston,East,Consumer,PayPal,Evan Wright,6,685.91,388.63,4115.46,2331.78,569.83,39.34,123.46,3064.41,359.61,8.96,2024,3,Mar,2024-03,2024Q1,Wednesday,1681.83,368.8,123.46,101.85,4013.61,18.0,722.45,91.65,51.04,23.33,1101.43,580.4,488.75,461.04,22.0,101.43,359.61,8.96,14.46,12.18,11.49,41.9,74.46,13.85,668.94,510.73,59.94,Moderate Margin (5-20%)
TXN-1644,2024-03-20,Office Supplies,Ergonomic Executive Desk,Phoenix,West,SMB,Credit Card,Fiona Gallagher,6,854.97,440.02,5129.82,2640.12,333.07,39.75,255.62,3268.56,913.65,18.22,2024,3,Mar,2024-03,2024Q1,Wednesday,2375.52,443.09,255.62,114.18,5015.64,18.0,902.82,97.65,74.6,39.6,1071.53,1303.99,1206.34,1171.34,22.0,257.69,913.65,18.22,26.0,24.05,23.35,47.36,63.72,6.49,835.94,544.76,152.28,Moderate Margin (5-20%)
TXN-1256,2024-03-21,Electronics,Wireless Noise-Canceling Headset,Los Angeles,West,Enterprise,PayPal,Charlie Davis,10,266.84,122.34,2668.4,1223.4,315.72,136.17,101.22,1776.51,382.55,14.76,2024,3,Mar,2024-03,2024Q1,Thursday,1368.63,261.08,101.22,76.37,2592.03,18.0,466.57,51.14,28.73,15.88,814.19,554.44,503.3,490.45,22.0,107.9,382.55,14.76,21.39,19.42,18.92,52.8,66.58,11.83,259.2,177.65,38.26,Moderate Margin (5-20%)
TXN-1079,2024-03-22,Software,Enterprise ERP License,Houston,South,Enterprise,Wire Transfer,Bob Jones,7,2536.12,488.4,17752.84,3418.8,1951.6,63.66,647.94,6082.0,7291.2,41.61,2024,3,Mar,2024-03,2024Q1,Friday,14105.92,1560.89,647.94,228.12,17524.72,18.0,3154.45,288.45,319.81,74.12,4224.09,9881.83,9593.38,9347.69,22.0,2056.49,7291.2,41.61,56.39,54.74,53.34,80.49,34.26,10.99,2503.53,868.86,1041.6,High Margin (>=20%)
TXN-2136,2024-03-23,Hardware,NAS Storage Enclosure,Phoenix,West,Enterprise,Credit Card,Alice Smith,26,817.01,469.83,21242.26,12215.58,1604.77,383.22,662.38,14865.95,3108.26,14.9,2024,3,Mar,2024-03,2024Q1,Saturday,8651.19,1567.82,662.38,375.49,20866.77,18.0,3756.02,346.18,237.73,135.86,4218.19,4433.0,4086.82,3984.95,22.0,876.69,3108.26,14.9,21.24,19.59,19.1,41.46,69.98,7.55,802.57,571.77,119.55,Moderate Margin (5-20%)
TXN-1922,2024-03-24,Electronics,Ultra-Wide Monitor 34,Phoenix,West,Consumer,Wire Transfer,Alice Smith,4,653.1,373.23,2612.4,1492.92,172.42,55.83,122.31,1843.48,311.68,12.18,2024,3,Mar,2024-03,2024Q1,Sunday,1066.96,246.54,122.31,52.52,2559.88,18.0,460.78,40.92,41.2,11.85,597.1,469.86,428.94,399.59,22.0,87.91,311.68,12.18,18.35,16.76,15.61,41.68,70.57,6.6,639.97,460.87,77.92,Moderate Margin (5-20%)
TXN-1487,2024-03-25,Electronics,Wireless Noise-Canceling Headset,Austin,South,Government,PayPal,Bob Jones,14,244.21,122.19,3418.94,1710.66,386.27,170.15,109.62,2376.7,481.72,14.5,2024,3,Mar,2024-03,2024Q1,Monday,1610.99,247.09,109.62,97.29,3321.65,18.0,597.9,68.62,38.67,27.02,913.13,697.86,629.24,617.59,22.0,135.87,481.72,14.5,21.01,18.94,18.59,48.5,69.52,11.3,237.26,169.76,34.41,Moderate Margin (5-20%)
TXN-1723,2024-03-25,Software,Security Firewall Pro,Boston,East,Consumer,Direct Invoice,Evan Wright,5,886.9,227.51,4434.5,1137.55,485.2,57.22,133.04,1813.01,1622.13,37.42,2024,3,Mar,2024-03,2024Q1,Monday,3197.65,325.16,133.04,99.3,4335.2,18.0,780.34,69.29,74.16,26.07,1000.62,2197.03,2127.74,2079.65,22.0,457.52,1622.13,37.42,50.68,49.08,47.97,73.76,40.88,10.94,867.04,362.6,324.43,High Margin (>=20%)
TXN-1533,2024-03-26,Office Supplies,Mesh Office Chair,Houston,South,Enterprise,PayPal,Charlie Davis,21,334.68,160.16,7028.28,3363.36,590.41,136.77,213.61,4304.15,1191.47,17.31,2024,3,Mar,2024-03,2024Q1,Tuesday,3520.55,842.21,213.61,144.37,6883.91,18.0,1239.1,110.94,116.8,17.72,1783.0,1737.55,1626.61,1527.53,22.0,336.06,1191.47,17.31,25.24,23.63,22.19,51.14,61.24,8.4,327.81,204.96,56.74,Moderate Margin (5-20%)
TXN-1608,2024-03-28,Electronics,Wireless Noise-Canceling Headset,Boston,East,SMB,Credit Card,Alice Smith,6,243.03,119.67,1458.18,718.02,189.84,32.42,78.88,1019.16,197.09,13.7,2024,3,Mar,2024-03,2024Q1,Thursday,720.18,128.63,78.88,19.98,1438.2,18.0,258.88,22.05,22.48,6.8,429.77,290.41,268.36,252.68,22.0,55.59,197.09,13.7,20.19,18.66,17.57,50.08,69.89,13.02,239.7,169.86,32.85,Moderate Margin (5-20%)
TXN-1646,2024-03-30,Hardware,NAS Storage Enclosure,New York,East,Consumer,Credit Card,Diana Prince,2,825.42,470.35,1650.84,940.7,124.54,12.32,80.16,1157.72,168.9,10.39,2024,3,Mar,2024-03,2024Q1,Saturday,685.68,189.06,80.16,24.46,1626.38,18.0,292.75,36.39,31.94,5.27,406.08,279.6,243.21,216.54,22.0,47.64,168.9,10.39,17.19,14.95,13.31,42.16,70.13,7.54,813.19,578.86,84.45,Moderate Margin (5-20%)
TXN-2068,2024-04-02,Hardware,Rack Server Blade X,New York,East,Enterprise,PayPal,Bob Jones,21,3005.06,2189.05,63106.26,45970.05,4178.5,300.3,2527.53,52976.38,1194.97,1.94,2024,4,Apr,2024-04,2024Q2,Tuesday,15618.34,4766.02,2527.53,1517.87,61588.39,18.0,11085.91,1367.99,1160.43,214.44,11772.35,3845.99,2478.0,1532.01,22.0,337.04,1194.97,1.94,6.24,4.02,2.49,25.36,83.95,6.62,2932.78,2522.68,56.9,Low Margin (0-5%)
TXN-1668,2024-04-04,Services,Annual IT Maintenance Plan,Phoenix,West,SMB,PayPal,Evan Wright,5,1800.1,591.45,9000.5,2957.25,739.79,57.14,383.51,4137.69,2954.44,33.27,2024,4,Apr,2024-04,2024Q2,Thursday,5923.58,702.35,383.51,119.67,8880.83,18.0,1598.55,221.86,95.54,64.35,1882.79,4040.79,3818.93,3787.74,22.0,833.3,2954.44,33.27,45.5,43.0,42.65,66.7,45.97,8.22,1776.17,827.54,590.89,High Margin (>=20%)
TXN-1694,2024-04-04,Hardware,NAS Storage Enclosure,Seattle,West,Consumer,Direct Invoice,Evan Wright,4,840.14,499.1,3360.56,1996.4,236.18,21.05,154.48,2408.11,388.96,11.74,2024,4,Apr,2024-04,2024Q2,Thursday,1316.84,275.97,154.48,47.32,3313.24,18.0,596.38,78.63,64.12,12.26,687.68,629.16,550.53,498.67,22.0,109.71,388.96,11.74,18.99,16.62,15.05,39.74,71.66,7.03,828.31,602.03,97.24,Moderate Margin (5-20%)
TXN-1035,2024-04-05,Services,Annual IT Maintenance Plan,Phoenix,West,Consumer,Credit Card,Charlie Davis,1,1764.79,602.06,1764.79,602.06,175.99,8.9,60.4,847.35,479.42,27.81,2024,4,Apr,2024-04,2024Q2,Friday,1122.08,208.74,60.4,40.65,1724.14,18.0,310.35,43.43,19.3,9.32,454.03,668.05,624.62,614.64,22.0,135.22,479.42,27.81,38.75,36.23,35.65,65.08,48.01,9.97,1724.14,847.35,479.42,High Margin (>=20%)
TXN-1010,2024-04-05,Hardware,Gigabit Switch 24-Port,Houston,South,Enterprise,Credit Card,Charlie Davis,8,481.89,262.57,3855.12,2100.56,445.59,110.44,159.59,2816.18,306.92,8.21,2024,4,Apr,2024-04,2024Q2,Friday,1639.13,406.34,159.59,115.43,3739.69,18.0,673.14,75.33,75.94,27.59,1121.96,517.17,441.84,393.49,22.0,86.57,306.92,8.21,13.83,11.81,10.52,43.83,73.05,11.56,467.46,352.02,38.36,Moderate Margin (5-20%)
TXN-2048,2024-04-05,Software,Data Analytics Suite,Boston,East,SMB,PayPal,Charlie Davis,3,1385.79,303.31,4157.37,909.93,492.46,44.8,175.73,1622.92,1567.94,38.75,2024,4,Apr,2024-04,2024Q2,Friday,3136.74,296.09,175.73,110.7,4046.67,18.0,728.4,92.09,52.06,26.67,1009.08,2127.66,2035.57,2010.18,22.0,442.24,1567.94,38.75,52.58,50.3,49.67,77.51,39.04,11.85,1348.89,540.97,522.65,High Margin (>=20%)
TXN-2167,2024-04-06,Electronics,Laptop Pro 15,Austin,South,Enterprise,Credit Card,Evan Wright,9,1272.77,769.1,11454.93,6921.9,1542.73,64.81,521.91,9051.35,481.5,4.26,2024,4,Apr,2024-04,2024Q2,Saturday,4390.3,1278.45,521.91,142.73,11312.2,18.0,2036.2,237.61,212.78,85.3,3407.9,982.4,744.79,617.31,22.0,135.81,481.5,4.26,8.68,6.58,5.46,38.81,79.02,13.47,1256.91,1005.71,53.5,Low Margin (0-5%)
TXN-2020,2024-04-07,Software,Security Firewall Pro,Miami,East,Enterprise,Wire Transfer,Bob Jones,20,834.22,214.91,16684.4,4298.2,1871.4,126.93,602.4,6898.93,6166.02,37.42,2024,4,Apr,2024-04,2024Q2,Sunday,12181.79,1196.23,602.4,204.41,16479.99,18.0,2966.4,252.67,310.11,83.1,3796.96,8384.83,8132.16,7905.15,22.0,1739.13,6166.02,37.42,50.88,49.35,47.97,73.92,41.35,11.22,824.0,344.95,308.3,High Margin (>=20%)
TXN-1031,2024-04-09,Software,Security Firewall Pro,Seattle,West,SMB,Wire Transfer,Alice Smith,5,875.02,222.55,4375.1,1112.75,592.88,72.21,217.01,1994.85,1310.53,30.81,2024,4,Apr,2024-04,2024Q2,Tuesday,3140.36,439.16,217.01,121.99,4253.11,18.0,765.56,92.01,76.58,29.66,1321.26,1819.1,1727.09,1680.17,22.0,369.64,1310.53,30.81,42.77,40.61,39.5,73.84,45.6,13.55,850.62,398.97,262.11,High Margin (>=20%)
TXN-1231,2024-04-09,Services,Cybersecurity Audit,Boston,East,SMB,Direct Invoice,Diana Prince,2,2283.46,837.97,4566.92,1675.94,293.09,23.64,173.1,2165.77,1302.39,29.07,2024,4,Apr,2024-04,2024Q2,Tuesday,2803.78,501.18,173.1,87.2,4479.72,18.0,806.35,97.4,63.07,17.43,991.01,1812.77,1715.37,1669.73,22.0,367.34,1302.39,29.07,40.47,38.29,37.27,62.59,47.42,6.42,2239.86,1082.88,651.2,High Margin (>=20%)
TXN-1509,2024-04-09,Hardware,Gigabit Switch 24-Port,Austin,South,Enterprise,Wire Transfer,Bob Jones,15,466.99,255.32,7004.85,3829.8,703.87,99.38,356.78,4989.83,645.59,9.43,2024,4,Apr,2024-04,2024Q2,Tuesday,3018.2,823.0,356.78,156.85,6848.0,18.0,1232.64,126.38,132.42,51.31,1983.03,1035.17,908.79,827.68,22.0,182.09,645.59,9.43,15.12,13.27,12.09,44.07,71.23,10.05,456.53,332.66,43.04,Moderate Margin (5-20%)
TXN-1758,2024-04-10,Software,Enterprise ERP License,Seattle,West,SMB,Direct Invoice,Bob Jones,3,2417.26,475.3,7251.78,1425.9,653.36,16.89,348.5,2444.65,2954.39,41.5,2024,4,Apr,2024-04,2024Q2,Wednesday,5692.27,701.05,348.5,133.61,7118.17,18.0,1281.27,113.42,117.89,46.52,1719.8,3972.47,3859.05,3787.68,22.0,833.29,2954.39,41.5,55.81,54.21,53.21,79.97,33.71,9.01,2372.72,814.88,984.8,High Margin (>=20%)
TXN-1156,2024-04-10,Services,Annual IT Maintenance Plan,Phoenix,West,SMB,Credit Card,Charlie Davis,3,1659.49,627.39,4978.47,1882.17,592.44,25.6,157.3,2657.51,1268.51,26.2,2024,4,Apr,2024-04,2024Q2,Wednesday,2959.55,408.75,157.3,136.75,4841.72,18.0,871.51,122.23,59.27,32.33,1184.09,1775.46,1653.23,1626.29,22.0,357.78,1268.51,26.2,36.67,34.15,33.59,61.13,53.38,11.9,1613.91,885.84,422.84,High Margin (>=20%)
TXN-1469,2024-04-12,Hardware,Gigabit Switch 24-Port,Boston,East,Consumer,Direct Invoice,Charlie Davis,4,476.17,250.63,1904.68,1002.52,201.01,54.72,94.42,1352.67,250.92,13.34,2024,4,Apr,2024-04,2024Q2,Friday,878.68,154.62,94.42,23.48,1881.2,18.0,338.62,33.95,31.88,13.61,504.77,373.91,339.96,321.69,22.0,70.77,250.92,13.34,19.88,18.07,17.1,46.71,71.02,10.55,470.3,338.17,62.73,Moderate Margin (5-20%)
TXN-1423,2024-04-12,Software,Data Analytics Suite,Seattle,West,SMB,Direct Invoice,Evan Wright,6,1438.04,297.78,8628.24,1786.68,1185.69,69.47,339.31,3381.15,3211.99,38.03,2024,4,Apr,2024-04,2024Q2,Friday,6658.24,643.32,339.31,183.32,8444.92,18.0,1520.09,184.16,144.3,25.95,2237.79,4420.45,4236.29,4117.94,22.0,905.95,3211.99,38.03,52.34,50.16,48.76,78.84,39.19,13.74,1407.49,563.52,535.33,High Margin (>=20%)
TXN-1001,2024-04-12,Hardware,Rack Server Blade X,Los Angeles,West,SMB,PayPal,Bob Jones,3,2995.19,2091.44,8985.57,6274.32,779.02,19.29,352.83,7425.46,228.88,2.61,2024,4,Apr,2024-04,2024Q2,Friday,2485.13,797.26,352.83,226.12,8759.45,18.0,1576.7,165.39,102.55,24.65,1948.4,536.73,371.34,293.44,22.0,64.56,228.88,2.61,6.13,4.24,3.35,28.37,82.64,8.67,2919.82,2475.15,76.29,Low Margin (0-5%)
TXN-1221,2024-04-13,Electronics,Smart Display 10,Chicago,Midwest,SMB,Wire Transfer,Charlie Davis,3,352.75,202.64,1058.25,607.92,112.35,35.93,31.77,787.97,87.34,8.39,2024,4,Apr,2024-04,2024Q2,Saturday,433.06,108.87,31.77,17.27,1040.98,18.0,187.38,24.22,14.3,6.35,288.92,144.14,119.92,111.97,22.0,24.63,87.34,8.39,13.85,11.52,10.76,41.6,74.46,10.62,346.99,262.66,29.11,Moderate Margin (5-20%)
TXN-1672,2024-04-13,Hardware,NAS Storage Enclosure,Chicago,Midwest,Enterprise,Wire Transfer,Diana Prince,23,719.58,460.42,16550.34,10589.66,1425.57,215.55,496.51,12727.29,840.63,5.15,2024,4,Apr,2024-04,2024Q2,Saturday,5724.5,1900.61,496.51,236.18,16314.16,18.0,2936.55,349.21,323.49,64.17,4038.24,1686.26,1337.05,1077.73,22.0,237.1,840.63,5.15,10.34,8.2,6.61,35.09,76.9,8.61,709.31,553.36,36.55,Moderate Margin (5-20%)
TXN-1862,2024-04-13,Software,Cloud Storage Annual,Austin,South,Government,Direct Invoice,Charlie Davis,25,391.68,78.23,9792.0,1955.75,728.83,263.13,293.76,3241.47,3997.7,41.67,2024,4,Apr,2024-04,2024Q2,Saturday,7637.96,907.37,293.76,198.29,9593.71,18.0,1726.87,196.6,148.8,25.79,2193.09,5444.87,5248.27,5125.26,22.0,1127.56,3997.7,41.67,56.75,54.71,53.42,79.61,33.1,7.44,383.75,129.66,159.91,High Margin (>=20%)
TXN-1412,2024-04-14,Hardware,Gigabit Switch 24-Port,Boston,East,Enterprise,Wire Transfer,Alice Smith,17,419.84,258.76,7137.28,4398.92,850.24,201.71,334.69,5785.56,93.84,1.35,2024,4,Apr,2024-04,2024Q2,Sunday,2574.08,838.65,334.69,164.28,6973.0,18.0,1255.14,152.78,99.34,23.64,2225.29,348.79,196.01,120.31,22.0,26.47,93.84,1.35,5.0,2.81,1.73,36.91,81.06,11.91,410.18,340.33,5.52,Low Margin (0-5%)
TXN-1656,2024-04-15,Office Supplies,High-Speed Paper Shredder,Los Angeles,West,Government,Credit Card,Charlie Davis,11,182.46,90.43,2007.06,994.73,223.26,83.54,60.21,1361.74,300.78,15.22,2024,4,Apr,2024-04,2024Q2,Monday,982.13,153.3,60.21,30.2,1976.86,18.0,355.83,49.55,33.28,6.63,520.31,461.82,412.27,385.62,22.0,84.84,300.78,15.22,23.36,20.85,19.51,49.68,67.85,11.12,179.71,123.79,27.34,Moderate Margin (5-20%)
TXN-1399,2024-04-15,Office Supplies,Mesh Office Chair,Miami,East,SMB,Wire Transfer,Diana Prince,5,306.29,158.49,1531.45,792.45,124.86,34.93,94.04,1046.28,193.22,12.77,2024,4,Apr,2024-04,2024Q2,Monday,721.06,164.7,94.04,17.94,1513.51,18.0,272.43,38.0,23.43,6.62,418.53,302.53,264.53,247.72,22.0,54.5,193.22,12.77,19.99,17.48,16.37,47.64,68.32,8.15,302.7,209.26,38.64,Moderate Margin (5-20%)
TXN-1891,2024-04-15,Office Supplies,Ergonomic Executive Desk,Los Angeles,West,Consumer,Direct Invoice,Fiona Gallagher,5,856.2,459.31,4281.0,2296.55,527.56,34.69,137.3,2996.1,479.61,11.5,2024,4,Apr,2024-04,2024Q2,Monday,1875.23,454.27,137.3,109.22,4171.78,18.0,750.92,67.08,53.99,14.54,1153.82,721.41,654.33,614.88,22.0,135.27,479.61,11.5,17.29,15.68,14.74,44.95,69.99,12.32,834.36,599.22,95.92,Moderate Margin (5-20%)
TXN-1682,2024-04-16,Software,Enterprise ERP License,Boston,East,SMB,Wire Transfer,Fiona Gallagher,5,2641.9,521.48,13209.5,2607.4,987.25,46.84,427.04,4068.53,5607.4,43.65,2024,4,Apr,2024-04,2024Q2,Tuesday,10239.28,1095.0,427.04,362.82,12846.68,18.0,2312.4,314.78,229.1,49.71,2556.13,7683.15,7368.37,7188.98,22.0,1581.58,5607.4,43.65,59.81,57.36,55.96,79.7,30.8,7.47,2569.34,813.71,1121.48,High Margin (>=20%)
TXN-1893,2024-04-16,Hardware,NAS Storage Enclosure,Austin,South,SMB,Credit Card,Diana Prince,2,815.86,503.24,1631.72,1006.48,100.5,23.98,53.16,1184.12,153.05,9.51,2024,4,Apr,2024-04,2024Q2,Tuesday,602.27,181.95,53.16,22.97,1608.75,18.0,289.58,30.83,25.58,9.95,359.59,242.68,211.85,196.22,22.0,43.17,153.05,9.51,15.09,13.17,12.2,37.44,72.57,6.16,804.38,592.06,76.53,Moderate Margin (5-20%)
TXN-1861,2024-04-16,Hardware,Gigabit Switch 24-Port,Boston,East,SMB,Wire Transfer,Fiona Gallagher,2,432.84,259.9,865.68,519.8,80.92,25.57,56.9,683.19,42.42,4.96,2024,4,Apr,2024-04,2024Q2,Tuesday,336.15,94.17,56.9,9.73,855.95,18.0,154.07,14.75,12.14,2.69,257.56,78.59,63.84,54.39,22.0,11.97,42.42,4.96,9.18,7.46,6.35,39.27,78.92,9.35,427.98,341.6,21.21,Low Margin (0-5%)
TXN-1563,2024-04-17,Office Supplies,Standing Desk Converter,New York,East,Consumer,PayPal,Bob Jones,3,286.61,146.57,859.83,439.71,100.7,42.74,40.46,623.61,105.55,12.42,2024,4,Apr,2024-04,2024Q2,Wednesday,409.84,66.05,40.46,10.28,849.55,18.0,152.92,15.78,13.32,4.53,249.95,159.89,144.11,135.32,22.0,29.77,105.55,12.42,18.82,16.96,15.93,48.24,72.53,11.71,283.18,207.87,35.18,Moderate Margin (5-20%)
TXN-1911,2024-04-18,Electronics,Smart Display 10,Seattle,West,SMB,Credit Card,Fiona Gallagher,5,354.57,193.36,1772.85,966.8,166.6,48.05,53.19,1234.64,221.66,12.67,2024,4,Apr,2024-04,2024Q2,Thursday,783.33,176.42,53.19,22.72,1750.13,18.0,315.02,39.41,20.82,5.34,444.26,339.07,299.66,284.18,22.0,62.52,221.66,12.67,19.37,17.12,16.24,44.76,69.64,9.4,350.03,246.93,44.33,Moderate Margin (5-20%)
TXN-2169,2024-04-19,Electronics,Laptop Pro 15,Los Angeles,West,Consumer,Wire Transfer,Fiona Gallagher,1,1179.64,767.21,1179.64,767.21,90.32,8.77,50.07,916.37,95.5,8.23,2024,4,Apr,2024-04,2024Q2,Friday,392.54,82.95,50.07,19.89,1159.75,18.0,208.76,26.86,20.13,8.99,232.11,160.43,133.57,122.43,22.0,26.93,95.5,8.23,13.83,11.52,10.56,33.85,77.68,7.66,1159.75,916.37,95.5,Moderate Margin (5-20%)
TXN-1307,2024-04-19,Services,Cloud Migration Consulting,Los Angeles,West,Enterprise,PayPal,Diana Prince,21,3418.07,1176.3,71779.47,24702.3,9907.71,140.72,3267.54,38018.27,18240.07,25.97,2024,4,Apr,2024-04,2024Q2,Friday,45526.49,6877.55,3267.54,1550.68,70228.79,18.0,12641.18,1162.98,1086.81,301.53,20193.52,25332.97,24169.99,23384.71,22.0,5144.64,18240.07,25.97,36.07,34.42,33.3,64.83,52.97,13.8,3344.23,1810.39,868.57,High Margin (>=20%)
TXN-1868,2024-04-20,Software,Data Analytics Suite,Seattle,West,Enterprise,Direct Invoice,Diana Prince,15,1558.03,307.7,23370.45,4615.5,2649.1,110.1,873.93,8248.63,9617.45,41.79,2024,4,Apr,2024-04,2024Q2,Saturday,18400.36,1848.52,873.93,354.59,23015.86,18.0,4142.85,481.59,270.8,163.75,5481.65,12918.71,12437.12,12330.07,22.0,2712.62,9617.45,41.79,56.13,54.04,53.57,79.95,35.3,11.34,1534.39,549.91,641.16,High Margin (>=20%)
TXN-1165,2024-04-21,Services,Annual IT Maintenance Plan,Chicago,Midwest,SMB,Wire Transfer,Bob Jones,2,1666.17,614.74,3332.34,1229.48,253.92,29.16,116.82,1629.38,994.98,30.61,2024,4,Apr,2024-04,2024Q2,Sunday,2020.68,248.31,116.82,82.18,3250.16,18.0,585.03,63.41,49.75,16.31,648.21,1372.47,1309.06,1275.62,22.0,280.64,994.98,30.61,42.23,40.28,39.25,62.17,48.9,7.62,1625.08,814.69,497.49,High Margin (>=20%)
TXN-1951,2024-04-24,Hardware,Gigabit Switch 24-Port,Seattle,West,SMB,Wire Transfer,Diana Prince,6,447.49,272.25,2684.94,1633.5,306.84,30.6,107.81,2078.75,159.23,6.03,2024,4,Apr,2024-04,2024Q2,Wednesday,1006.59,268.56,107.81,44.85,2640.09,18.0,475.22,46.04,51.89,9.29,713.81,292.78,246.74,204.14,22.0,44.91,159.23,6.03,11.09,9.35,7.73,38.13,77.42,11.43,440.02,346.46,26.54,Moderate Margin (5-20%)
TXN-1397,2024-04-26,Office Supplies,Standing Desk Converter,Houston,South,Enterprise,Credit Card,Diana Prince,28,276.25,137.99,7735.0,3863.72,1028.28,151.28,289.97,5333.25,962.05,12.63,2024,4,Apr,2024-04,2024Q2,Friday,3751.52,873.44,289.97,119.76,7615.24,18.0,1370.74,121.68,103.22,49.75,2342.97,1408.55,1286.87,1233.4,22.0,271.35,962.05,12.63,18.5,16.9,16.2,49.26,68.95,13.29,271.97,190.47,34.36,Moderate Margin (5-20%)
TXN-1135,2024-04-27,Services,Cloud Migration Consulting,San Francisco,West,Consumer,PayPal,Bob Jones,2,3422.03,1248.71,6844.06,2497.42,832.21,21.13,205.32,3556.08,1622.13,24.42,2024,4,Apr,2024-04,2024Q2,Saturday,4144.77,801.75,205.32,201.87,6642.19,18.0,1195.59,153.16,85.32,33.77,1860.41,2284.36,2131.2,2079.65,22.0,457.52,1622.13,24.42,34.39,32.09,31.31,62.4,51.96,12.16,3321.1,1778.04,811.06,High Margin (>=20%)
TXN-2052,2024-04-28,Software,Security Firewall Pro,Boston,East,Consumer,Direct Invoice,Charlie Davis,1,859.0,222.47,859.0,222.47,89.28,7.73,34.35,353.83,289.64,34.7,2024,4,Apr,2024-04,2024Q2,Sunday,612.31,82.85,34.35,24.22,834.78,18.0,150.26,18.68,14.75,6.66,214.21,398.1,379.42,371.33,22.0,81.69,289.64,34.7,47.69,45.45,44.48,73.35,41.19,10.39,834.78,353.83,289.64,High Margin (>=20%)
TXN-2178,2024-04-30,Software,Security Firewall Pro,Boston,East,Government,Credit Card,Fiona Gallagher,35,874.28,221.82,30599.8,7763.7,3189.58,475.78,917.99,12347.05,11105.65,37.25,2024,4,Apr,2024-04,2024Q2,Tuesday,22047.25,2305.67,917.99,788.85,29810.95,18.0,5365.97,608.75,400.19,88.72,6889.02,15158.23,14549.48,14238.01,22.0,3132.36,11105.65,37.25,50.85,48.81,47.76,73.96,40.35,10.42,851.74,352.77,317.3,High Margin (>=20%)
TXN-2078,2024-04-30,Hardware,NAS Storage Enclosure,Austin,South,SMB,Direct Invoice,Alice Smith,4,811.91,477.66,3247.64,1910.64,443.89,30.43,157.62,2542.58,149.54,4.7,2024,4,Apr,2024-04,2024Q2,Tuesday,1271.64,337.7,157.62,65.36,3182.28,18.0,572.81,66.12,63.7,19.54,969.64,302.0,235.88,191.72,22.0,42.18,149.54,4.7,9.49,7.41,6.02,39.96,78.29,13.67,795.57,635.64,37.38,Low Margin (0-5%)
TXN-1551,2024-04-30,Services,Annual IT Maintenance Plan,Chicago,Midwest,SMB,Wire Transfer,Bob Jones,1,1929.81,594.52,1929.81,594.52,187.84,5.53,65.84,853.73,621.42,32.88,2024,4,Apr,2024-04,2024Q2,Tuesday,1295.33,185.28,65.84,39.96,1889.85,18.0,340.17,44.92,21.58,12.35,444.49,850.84,805.92,796.69,22.0,175.27,621.42,32.88,45.02,42.64,42.16,68.54,44.24,9.73,1889.85,853.73,621.42,High Margin (>=20%)
TXN-1954,2024-05-01,Office Supplies,Standing Desk Converter,San Francisco,West,Enterprise,Credit Card,Charlie Davis,23,296.07,138.65,6809.61,3188.95,791.22,243.13,314.38,4537.68,845.32,12.75,2024,5,May,2024-05,2024Q2,Wednesday,3440.07,788.01,314.38,180.59,6629.02,18.0,1193.22,136.67,128.44,45.52,2136.74,1303.33,1166.66,1083.74,22.0,238.42,845.32,12.75,19.66,17.6,16.35,51.89,66.64,11.62,288.22,197.29,36.75,Moderate Margin (5-20%)
TXN-2085,2024-05-02,Office Supplies,Mesh Office Chair,Phoenix,West,Enterprise,Wire Transfer,Alice Smith,23,311.13,164.11,7155.99,3774.53,689.23,163.8,214.68,4842.24,890.78,12.61,2024,5,May,2024-05,2024Q2,Thursday,3289.86,838.94,214.68,91.6,7064.39,18.0,1271.59,149.07,127.05,34.93,1906.65,1383.21,1234.14,1142.02,22.0,251.24,890.78,12.61,19.58,17.47,16.17,46.57,67.67,9.63,307.15,210.53,38.73,Moderate Margin (5-20%)
TXN-1799,2024-05-03,Services,Cloud Migration Consulting,San Francisco,West,Enterprise,Wire Transfer,Charlie Davis,18,3426.39,1255.2,61675.02,22593.6,7748.66,243.71,1850.25,32436.22,16180.8,26.53,2024,5,May,2024-05,2024Q2,Friday,38394.29,6465.55,1850.25,687.13,60987.89,18.0,10977.82,988.38,721.53,368.41,16308.17,22086.12,21097.74,20744.62,22.0,4563.82,16180.8,26.53,36.21,34.59,34.01,62.95,52.59,12.56,3388.22,1802.01,898.93,High Margin (>=20%)
TXN-1237,2024-05-03,Hardware,Gigabit Switch 24-Port,Chicago,Midwest,Government,Credit Card,Evan Wright,33,485.38,261.16,16017.54,8618.28,2194.75,189.95,497.76,11500.74,1792.98,11.38,2024,5,May,2024-05,2024Q2,Friday,7140.44,1346.09,497.76,258.82,15758.72,18.0,2836.57,395.0,309.55,91.35,4228.55,2911.89,2516.89,2298.69,22.0,505.71,1792.98,11.38,18.48,15.97,14.59,45.31,71.8,13.7,477.54,348.51,54.33,Moderate Margin (5-20%)
TXN-1493,2024-05-04,Office Supplies,Mesh Office Chair,Seattle,West,SMB,Wire Transfer,Bob Jones,2,328.21,164.95,656.42,329.9,74.72,19.94,45.79,470.35,74.93,11.62,2024,5,May,2024-05,2024Q2,Saturday,314.72,55.05,45.79,11.8,644.62,18.0,116.03,14.91,9.71,1.47,195.5,119.22,104.31,96.07,22.0,21.14,74.93,11.62,18.49,16.18,14.9,48.82,71.65,11.38,322.31,235.18,37.47,Moderate Margin (5-20%)
TXN-1798,2024-05-04,Software,Cloud Storage Annual,Phoenix,West,SMB,Direct Invoice,Bob Jones,2,420.37,81.13,840.74,162.26,71.32,23.12,37.41,294.11,335.81,40.4,2024,5,May,2024-05,2024Q2,Saturday,668.91,82.61,37.41,9.57,831.17,18.0,149.61,19.98,9.06,5.12,214.46,454.45,434.47,430.53,22.0,94.72,335.81,40.4,54.68,52.27,51.8,80.48,34.98,8.48,415.58,147.06,167.9,High Margin (>=20%)
TXN-1387,2024-05-05,Electronics,Laptop Pro 15,Seattle,West,Consumer,PayPal,Charlie Davis,6,1181.33,751.47,7087.98,4508.82,990.35,38.11,293.32,5830.6,220.55,3.19,2024,5,May,2024-05,2024Q2,Sunday,2409.74,596.11,293.32,169.42,6918.56,18.0,1245.34,174.41,77.64,42.95,1917.89,491.85,317.44,282.75,22.0,62.2,220.55,3.19,7.11,4.59,4.09,34.83,82.26,13.97,1153.09,971.77,36.76,Low Margin (0-5%)
TXN-1402,2024-05-05,Electronics,Wireless Noise-Canceling Headset,New York,East,SMB,PayPal,Bob Jones,7,234.8,117.74,1643.6,824.18,204.12,95.3,70.05,1193.65,138.36,8.56,2024,5,May,2024-05,2024Q2,Sunday,792.35,189.22,70.05,27.07,1616.53,18.0,290.98,39.58,29.67,12.98,558.69,233.66,194.08,177.39,22.0,39.03,138.36,8.56,14.45,12.01,10.97,49.02,72.62,12.42,230.93,170.52,19.77,Moderate Margin (5-20%)
TXN-1194,2024-05-06,Services,Cloud Migration Consulting,New York,East,Enterprise,Direct Invoice,Charlie Davis,15,3777.45,1242.68,56661.75,18640.2,5763.39,84.55,2474.61,26962.75,16370.06,29.49,2024,5,May,2024-05,2024Q2,Monday,36865.91,5759.95,2474.61,1155.64,55506.11,18.0,9991.1,1144.66,985.27,333.78,14082.5,22783.41,21638.75,20987.26,22.0,4617.2,16370.06,29.49,41.05,38.98,37.81,66.42,47.59,10.17,3700.41,1797.52,1091.34,High Margin (>=20%)
TXN-1148,2024-05-07,Hardware,Rack Server Blade X,Chicago,Midwest,SMB,Direct Invoice,Fiona Gallagher,5,2953.06,2121.54,14765.3,10607.7,1316.83,44.32,541.26,12510.11,154.83,1.07,2024,5,May,2024-05,2024Q2,Tuesday,3900.38,1404.68,541.26,257.22,14508.08,18.0,2611.45,281.65,208.37,95.23,3307.09,593.29,311.64,198.5,22.0,43.67,154.83,1.07,4.09,2.15,1.37,26.88,84.73,8.92,2901.62,2502.02,30.97,Low Margin (0-5%)
TXN-1082,2024-05-07,Services,Cloud Migration Consulting,Chicago,Midwest,SMB,Wire Transfer,Alice Smith,5,3584.8,1239.57,17924.0,6197.85,1371.43,25.55,537.72,8132.55,5464.37,31.24,2024,5,May,2024-05,2024Q2,Tuesday,11295.09,1813.28,537.72,431.06,17492.94,18.0,3148.73,426.07,201.73,86.29,3747.98,7547.11,7121.04,7005.6,22.0,1541.23,5464.37,31.24,43.14,40.71,40.05,64.57,45.37,7.65,3498.59,1626.51,1092.87,High Margin (>=20%)
TXN-1516,2024-05-08,Office Supplies,High-Speed Paper Shredder,Boston,East,Enterprise,Credit Card,Bob Jones,9,172.75,94.39,1554.75,849.51,141.72,110.94,73.99,1176.16,135.78,9.0,2024,5,May,2024-05,2024Q2,Wednesday,658.76,110.88,73.99,46.48,1508.27,18.0,271.49,33.63,20.85,7.33,437.53,221.23,187.6,174.08,22.0,38.3,135.78,9.0,14.67,12.44,11.54,43.68,75.65,9.12,167.59,130.68,15.09,Moderate Margin (5-20%)
TXN-1326,2024-05-08,Electronics,Smart Display 10,Miami,East,Enterprise,Credit Card,Diana Prince,21,368.06,193.47,7729.26,4062.87,764.16,129.55,333.01,5289.59,1030.84,13.54,2024,5,May,2024-05,2024Q2,Wednesday,3549.4,826.22,333.01,116.99,7612.27,18.0,1370.21,139.35,79.28,43.76,2052.94,1496.46,1357.11,1321.59,22.0,290.75,1030.84,13.54,19.66,17.83,17.36,46.63,68.44,9.89,362.49,251.89,49.09,Moderate Margin (5-20%)
TXN-1146,2024-05-09,Office Supplies,Mesh Office Chair,Chicago,Midwest,SMB,Wire Transfer,Alice Smith,2,301.19,165.79,602.38,331.58,80.61,19.74,48.63,480.56,41.13,6.96,2024,5,May,2024-05,2024Q2,Thursday,259.65,43.28,48.63,11.15,591.23,18.0,106.42,11.97,7.3,4.61,192.26,67.39,55.42,52.73,22.0,11.6,41.13,6.96,11.4,9.37,8.92,43.92,79.78,13.38,295.62,240.28,20.56,Moderate Margin (5-20%)
TXN-2143,2024-05-09,Services,Cybersecurity Audit,New York,East,Government,Wire Transfer,Evan Wright,28,2335.67,765.32,65398.76,21428.96,8910.17,218.91,2017.74,32575.78,18449.59,28.54,2024,5,May,2024-05,2024Q2,Thursday,43210.94,6794.98,2017.74,758.86,64639.9,18.0,11635.18,1077.07,677.26,138.51,17941.8,25269.14,24192.07,23653.32,22.0,5203.73,18449.59,28.54,39.09,37.43,36.59,66.85,49.81,13.62,2308.57,1163.42,658.91,High Margin (>=20%)
TXN-1507,2024-05-09,Software,Enterprise ERP License,Houston,South,SMB,Direct Invoice,Bob Jones,3,2444.32,512.64,7332.96,1537.92,733.32,18.83,281.4,2571.47,2696.51,37.63,2024,5,May,2024-05,2024Q2,Thursday,5627.73,847.3,281.4,167.31,7165.65,18.0,1289.82,181.35,144.11,35.65,1880.85,3746.88,3565.53,3457.07,22.0,760.56,2696.51,37.63,52.29,49.76,48.25,78.54,35.07,10.0,2388.55,857.16,898.84,High Margin (>=20%)
TXN-1873,2024-05-11,Electronics,Ultra-Wide Monitor 34,Boston,East,SMB,PayPal,Fiona Gallagher,6,642.65,397.71,3855.9,2386.26,417.7,74.95,200.41,3079.32,170.32,4.48,2024,5,May,2024-05,2024Q2,Saturday,1415.28,394.07,200.41,54.36,3801.54,18.0,684.28,85.73,46.59,22.53,1087.13,328.15,242.42,218.36,22.0,48.04,170.32,4.48,8.63,6.38,5.74,37.23,79.86,10.83,633.59,513.22,28.39,Low Margin (0-5%)
TXN-1711,2024-05-11,Office Supplies,High-Speed Paper Shredder,Los Angeles,West,SMB,PayPal,Bob Jones,2,176.69,89.12,353.38,178.24,43.35,29.26,26.42,277.27,16.52,4.75,2024,5,May,2024-05,2024Q2,Saturday,169.45,38.17,26.42,5.69,347.69,18.0,62.58,7.55,4.51,0.99,137.2,32.25,24.7,21.18,22.0,4.66,16.52,4.75,9.28,7.1,6.09,48.74,78.46,12.27,173.84,138.64,8.26,Low Margin (0-5%)
TXN-1472,2024-05-12,Hardware,Gigabit Switch 24-Port,Seattle,West,Enterprise,Direct Invoice,Bob Jones,6,446.02,261.99,2676.12,1571.94,371.09,44.5,129.76,2117.29,50.75,1.95,2024,5,May,2024-05,2024Q2,Sunday,1030.43,317.1,129.76,73.75,2602.37,18.0,468.43,65.47,44.86,7.42,862.45,167.98,102.51,65.07,22.0,14.32,50.75,1.95,6.45,3.94,2.5,39.6,79.12,13.87,433.73,352.88,8.46,Low Margin (0-5%)
TXN-1576,2024-05-13,Electronics,Smart Display 10,Boston,East,SMB,Direct Invoice,Alice Smith,5,345.67,194.02,1728.35,970.1,145.97,51.23,92.82,1260.12,146.52,8.62,2024,5,May,2024-05,2024Q2,Monday,730.06,203.04,92.82,28.19,1700.16,18.0,306.03,26.36,34.49,11.69,493.06,237.0,210.64,187.84,22.0,41.32,146.52,8.62,13.94,12.39,11.05,42.94,72.91,8.45,340.03,252.02,29.3,Moderate Margin (5-20%)
TXN-1806,2024-05-13,Hardware,NAS Storage Enclosure,Houston,South,SMB,Wire Transfer,Evan Wright,6,804.79,489.79,4828.74,2938.74,479.99,84.89,181.52,3685.14,264.34,5.62,2024,5,May,2024-05,2024Q2,Monday,1768.37,515.82,181.52,121.63,4707.11,18.0,847.28,112.89,81.33,26.97,1262.22,506.15,393.26,338.9,22.0,74.56,264.34,5.62,10.75,8.35,7.2,37.57,76.32,9.94,784.52,614.19,44.06,Moderate Margin (5-20%)
TXN-1945,2024-05-14,Software,Cloud Storage Annual,Boston,East,Government,PayPal,Bob Jones,38,392.0,81.01,14896.0,3078.38,1839.47,296.62,555.16,5769.63,5602.25,38.35,2024,5,May,2024-05,2024Q2,Tuesday,11528.29,1196.46,555.16,289.33,14606.67,18.0,2629.2,294.04,208.59,44.42,3887.71,7640.58,7346.54,7182.37,22.0,1580.12,5602.25,38.35,52.31,50.3,49.17,78.92,38.73,12.35,384.39,151.83,147.43,High Margin (>=20%)
TXN-1227,2024-05-16,Office Supplies,Mesh Office Chair,Chicago,Midwest,Consumer,PayPal,Charlie Davis,5,316.03,158.04,1580.15,790.2,213.17,58.76,47.4,1109.53,175.1,11.19,2024,5,May,2024-05,2024Q2,Thursday,773.99,187.49,47.4,15.96,1564.19,18.0,281.55,25.11,23.18,5.61,506.82,267.17,242.06,224.49,22.0,49.39,175.1,11.19,17.08,15.48,14.35,49.48,70.22,13.49,312.84,221.91,35.02,Moderate Margin (5-20%)
TXN-1591,2024-05-17,Electronics,Smart Display 10,New York,East,SMB,Credit Card,Bob Jones,6,329.0,192.13,1974.0,1152.78,227.15,45.59,85.51,1511.03,174.14,8.94,2024,5,May,2024-05,2024Q2,Friday,795.55,151.88,85.51,25.67,1948.33,18.0,350.7,33.15,34.61,5.6,510.13,285.42,252.27,223.26,22.0,49.12,174.14,8.94,14.65,12.95,11.46,40.83,76.55,11.51,324.72,251.84,29.02,Moderate Margin (5-20%)
TXN-1263,2024-05-20,Hardware,Gigabit Switch 24-Port,Phoenix,West,SMB,Wire Transfer,Charlie Davis,6,457.28,272.75,2743.68,1636.5,236.01,86.48,133.42,2092.41,261.86,9.66,2024,5,May,2024-05,2024Q2,Monday,1073.89,211.27,133.42,33.29,2710.39,18.0,487.87,47.07,37.68,13.76,667.18,406.71,359.64,335.72,22.0,73.86,261.86,9.66,15.01,13.27,12.39,39.62,76.26,8.6,451.73,348.73,43.64,Moderate Margin (5-20%)
TXN-1075,2024-05-23,Office Supplies,Mesh Office Chair,New York,East,Consumer,PayPal,Bob Jones,2,321.76,159.7,643.52,319.4,64.2,25.31,30.75,439.66,79.91,12.67,2024,5,May,2024-05,2024Q2,Thursday,311.5,67.79,30.75,12.62,630.9,18.0,113.56,13.09,10.35,2.44,188.05,123.45,110.36,102.45,22.0,22.54,79.91,12.67,19.57,17.49,16.24,49.37,68.32,9.98,315.45,219.83,39.96,Moderate Margin (5-20%)
TXN-2110,2024-05-24,Services,Cloud Migration Consulting,Seattle,West,SMB,Wire Transfer,Alice Smith,5,3628.91,1175.84,18144.55,5879.2,1876.73,46.67,544.34,8346.94,5891.11,33.03,2024,5,May,2024-05,2024Q2,Friday,11958.63,1409.74,544.34,306.72,17837.83,18.0,3210.81,283.49,299.16,54.2,3877.48,8081.15,7797.66,7552.7,22.0,1661.59,5891.11,33.03,45.3,43.71,42.34,67.04,46.0,10.34,3567.57,1669.39,1178.22,High Margin (>=20%)
TXN-1057,2024-05-24,Services,Annual IT Maintenance Plan,Chicago,Midwest,SMB,Credit Card,Evan Wright,2,1681.03,602.23,3362.06,1204.46,359.56,24.91,118.94,1707.87,979.77,29.56,2024,5,May,2024-05,2024Q2,Friday,2110.5,250.22,118.94,47.1,3314.96,18.0,596.69,65.36,45.07,9.67,753.63,1356.87,1291.51,1256.11,22.0,276.34,979.77,29.56,40.93,38.96,37.89,63.67,50.8,10.69,1657.48,853.94,489.88,High Margin (>=20%)
TXN-2028,2024-05-24,Electronics,Ultra-Wide Monitor 34,Los Angeles,West,SMB,Direct Invoice,Evan Wright,4,658.11,381.04,2632.44,1524.16,191.72,48.62,135.62,1900.12,226.21,8.79,2024,5,May,2024-05,2024Q2,Friday,1050.45,295.43,135.62,57.83,2574.61,18.0,463.43,55.93,39.5,6.38,671.39,379.06,323.13,290.01,22.0,63.8,226.21,8.79,14.72,12.55,11.26,40.8,72.18,7.28,643.65,475.03,56.55,Moderate Margin (5-20%)
TXN-1126,2024-05-24,Software,Security Firewall Pro,Los Angeles,West,Consumer,PayPal,Alice Smith,6,906.94,222.21,5441.64,1333.26,736.09,79.61,232.31,2381.27,1785.97,33.38,2024,5,May,2024-05,2024Q2,Friday,4017.3,497.12,232.31,91.08,5350.56,18.0,963.1,96.79,104.95,19.28,1545.13,2472.17,2375.38,2289.71,22.0,503.74,1785.97,33.38,46.2,44.39,42.79,75.08,43.76,13.53,891.76,396.88,297.66,High Margin (>=20%)
TXN-2146,2024-05-25,Office Supplies,Ergonomic Executive Desk,Miami,East,SMB,Credit Card,Fiona Gallagher,5,881.85,461.59,4409.25,2307.95,412.42,39.87,156.52,2916.76,612.69,14.23,2024,5,May,2024-05,2024Q2,Saturday,1998.25,502.35,156.52,103.05,4306.2,18.0,775.12,72.97,46.47,17.85,1111.16,887.09,814.12,785.5,22.0,172.81,612.69,14.23,20.6,18.91,18.24,46.4,66.15,9.35,861.24,583.35,122.54,Moderate Margin (5-20%)
TXN-1334,2024-05-25,Hardware,Rack Server Blade X,San Francisco,West,SMB,Credit Card,Diana Prince,7,3206.3,2157.45,22444.1,15102.15,1425.72,83.53,869.81,17481.21,1665.87,7.54,2024,5,May,2024-05,2024Q2,Saturday,6995.13,1701.34,869.81,346.82,22097.28,18.0,3977.51,551.63,274.42,47.05,4080.4,2914.73,2363.1,2135.73,22.0,469.86,1665.87,7.54,13.19,10.69,9.67,31.66,77.89,6.35,3156.75,2497.32,237.98,Moderate Margin (5-20%)
TXN-1871,2024-05-26,Office Supplies,High-Speed Paper Shredder,Phoenix,West,SMB,Wire Transfer,Alice Smith,2,179.57,93.65,359.14,187.3,45.54,12.95,32.76,278.55,22.71,6.49,2024,5,May,2024-05,2024Q2,Sunday,162.81,31.84,32.76,9.03,350.11,18.0,63.02,6.3,6.85,2.55,123.09,39.72,33.42,29.12,22.0,6.41,22.71,6.49,11.35,9.55,8.32,46.5,77.56,12.68,175.06,139.28,11.36,Moderate Margin (5-20%)
TXN-1349,2024-05-27,Electronics,Ultra-Wide Monitor 34,Chicago,Midwest,Enterprise,Credit Card,Diana Prince,27,674.75,374.7,18218.25,10116.9,2071.45,208.07,546.55,12942.97,2287.29,12.69,2024,5,May,2024-05,2024Q2,Monday,7903.35,1616.52,546.55,198.0,18020.25,18.0,3243.64,421.05,211.88,104.59,4442.59,3460.76,3039.71,2932.42,22.0,645.13,2287.29,12.69,19.2,16.87,16.27,43.86,71.04,11.37,667.42,479.37,84.71,Moderate Margin (5-20%)
TXN-1266,2024-05-27,Hardware,NAS Storage Enclosure,Chicago,Midwest,Enterprise,Wire Transfer,Fiona Gallagher,25,719.49,502.32,17987.25,12558.0,1440.27,294.01,738.28,15030.56,239.8,1.35,2024,5,May,2024-05,2024Q2,Monday,5232.03,1925.33,738.28,197.22,17790.03,18.0,3202.21,322.93,243.71,39.94,4397.89,834.14,511.21,307.44,22.0,67.64,239.8,1.35,4.69,2.87,1.73,29.41,83.56,8.01,711.6,601.22,9.59,Low Margin (0-5%)
TXN-2019,2024-05-27,Office Supplies,Standing Desk Converter,Houston,South,Enterprise,Credit Card,Fiona Gallagher,14,273.08,135.08,3823.12,1891.12,423.92,202.93,200.16,2718.13,366.87,9.87,2024,5,May,2024-05,2024Q2,Monday,1827.04,442.62,200.16,104.96,3718.16,18.0,669.27,66.22,49.79,28.95,1269.63,557.41,491.19,470.35,22.0,103.48,366.87,9.87,14.99,13.21,12.65,49.14,71.1,11.09,265.58,194.15,26.2,Moderate Margin (5-20%)
TXN-1140,2024-05-28,Software,Data Analytics Suite,Austin,South,Enterprise,Wire Transfer,Charlie Davis,26,1540.68,314.82,40057.68,8185.32,4524.4,275.02,1639.83,14624.57,14813.65,37.38,2024,5,May,2024-05,2024Q2,Tuesday,31447.23,4750.4,1639.83,425.13,39632.55,18.0,7133.86,908.88,632.07,275.23,11189.65,20257.58,19348.7,18991.86,22.0,4178.21,14813.65,37.38,51.11,48.82,47.92,79.35,36.51,11.29,1524.33,562.48,569.76,High Margin (>=20%)
TXN-1159,2024-05-28,Hardware,NAS Storage Enclosure,Los Angeles,West,Enterprise,Credit Card,Evan Wright,20,818.91,487.51,16378.2,9750.2,1150.53,167.65,766.56,11834.94,1954.95,12.12,2024,5,May,2024-05,2024Q2,Tuesday,6373.54,1341.08,766.56,254.46,16123.74,18.0,2902.27,258.26,234.2,51.08,3425.82,2947.72,2689.46,2506.34,22.0,551.39,1954.95,12.12,18.28,16.68,15.54,39.53,72.26,7.02,806.19,591.75,97.75,Moderate Margin (5-20%)
TXN-1906,2024-05-28,Hardware,Gigabit Switch 24-Port,Seattle,West,Enterprise,Credit Card,Alice Smith,10,434.07,251.13,4340.7,2511.3,328.39,147.3,130.22,3117.21,416.87,9.76,2024,5,May,2024-05,2024Q2,Tuesday,1758.49,497.59,130.22,70.91,4269.79,18.0,768.56,80.33,55.81,15.6,1103.5,654.99,574.66,534.45,22.0,117.58,416.87,9.76,15.34,13.46,12.52,41.18,71.81,7.57,426.98,311.72,41.69,Moderate Margin (5-20%)
TXN-1782,2024-05-29,Office Supplies,Standing Desk Converter,New York,East,SMB,PayPal,Alice Smith,6,261.17,139.01,1567.02,834.06,163.51,49.72,86.4,1133.69,157.56,10.32,2024,5,May,2024-05,2024Q2,Wednesday,692.13,152.21,86.4,40.83,1526.19,18.0,274.71,28.04,16.79,6.54,451.84,240.29,212.25,202.0,22.0,44.44,157.56,10.32,15.74,13.91,13.24,45.35,72.35,10.43,254.36,188.95,26.26,Moderate Margin (5-20%)
TXN-2099,2024-05-29,Electronics,Laptop Pro 15,San Francisco,West,Enterprise,PayPal,Bob Jones,15,1212.06,733.39,18180.9,11000.85,1229.97,99.73,545.43,12875.98,2127.29,11.84,2024,5,May,2024-05,2024Q2,Wednesday,6958.96,1981.34,545.43,221.09,17959.81,18.0,3232.77,308.47,206.97,140.24,3856.47,3102.49,2794.02,2727.29,22.0,600.0,2127.29,11.84,17.27,15.56,15.19,38.75,70.82,6.77,1197.32,858.4,141.82,Moderate Margin (5-20%)
TXN-1303,2024-05-29,Hardware,Rack Server Blade X,Los Angeles,West,Enterprise,Credit Card,Diana Prince,24,3070.1,2140.04,73682.4,51360.96,7938.7,240.38,3512.03,63052.07,387.78,0.53,2024,5,May,2024-05,2024Q2,Wednesday,21546.83,7149.53,3512.03,774.61,72907.79,18.0,13123.4,1197.74,1411.06,399.76,18840.64,2706.19,1508.45,497.15,22.0,109.37,387.78,0.53,3.71,2.07,0.68,29.55,85.57,10.77,3037.82,2627.17,16.16,Low Margin (0-5%)
TXN-1549,2024-05-31,Software,Cloud Storage Annual,Austin,South,Consumer,Direct Invoice,Charlie Davis,3,417.79,79.06,1253.37,237.18,119.63,26.29,58.58,441.68,484.03,39.62,2024,5,May,2024-05,2024Q2,Friday,984.6,120.34,58.58,31.59,1221.78,18.0,219.92,23.43,21.67,5.89,324.84,659.76,636.33,620.55,22.0,136.52,484.03,39.62,54.0,52.08,50.79,80.59,35.24,9.54,407.26,147.23,161.34,High Margin (>=20%)
TXN-2071,2024-05-31,Office Supplies,High-Speed Paper Shredder,Austin,South,Government,Wire Transfer,Charlie Davis,29,175.04,89.31,5076.16,2589.99,576.44,149.97,247.21,3563.61,694.93,13.86,2024,5,May,2024-05,2024Q2,Friday,2424.83,430.54,247.21,61.34,5014.82,18.0,902.67,77.11,69.19,16.57,1404.16,1020.67,943.56,890.94,22.0,196.01,694.93,13.86,20.35,18.82,17.77,48.35,70.2,11.36,172.92,122.88,23.96,Moderate Margin (5-20%)
TXN-1570,2024-06-01,Electronics,Wireless Noise-Canceling Headset,New York,East,SMB,Wire Transfer,Bob Jones,4,260.01,117.81,1040.04,471.24,102.65,31.78,36.96,642.63,201.91,19.77,2024,6,Jun,2024-06,2024Q2,Saturday,550.19,90.91,36.96,18.61,1021.43,18.0,183.86,20.76,11.41,3.14,262.3,287.89,267.13,258.86,22.0,56.95,201.91,19.77,28.18,26.15,25.34,53.86,61.79,9.87,255.36,160.66,50.48,Moderate Margin (5-20%)
TXN-1202,2024-06-01,Office Supplies,Mesh Office Chair,Phoenix,West,SMB,PayPal,Alice Smith,7,339.03,156.11,2373.21,1092.77,268.7,91.02,101.71,1554.2,421.05,17.98,2024,6,Jun,2024-06,2024Q2,Saturday,1248.75,176.11,101.71,31.69,2341.52,18.0,421.47,36.89,46.0,11.49,637.54,611.21,574.32,539.81,22.0,118.76,421.05,17.98,26.1,24.53,23.05,53.33,65.49,11.32,334.5,222.03,60.15,Moderate Margin (5-20%)
TXN-2088,2024-06-01,Services,Cloud Migration Consulting,Phoenix,West,Enterprise,Credit Card,Bob Jones,26,3744.73,1166.98,97362.98,30341.48,9488.74,195.13,2920.89,42946.24,33855.5,35.36,2024,6,Jun,2024-06,2024Q2,Saturday,65402.65,7628.55,2920.89,1618.85,95744.13,18.0,17233.94,1511.06,984.06,730.27,20233.31,45169.34,43658.28,43404.49,22.0,9548.99,33855.5,35.36,47.18,45.6,45.33,68.31,44.11,9.75,3682.47,1651.78,1302.13,High Margin (>=20%)
TXN-1983,2024-06-02,Software,Data Analytics Suite,Chicago,Midwest,Enterprise,PayPal,Diana Prince,26,1434.14,312.14,37287.64,8115.64,3654.47,188.22,1650.58,13608.91,15166.94,41.11,2024,6,Jun,2024-06,2024Q2,Sunday,28774.37,2808.87,1650.58,397.63,36890.01,18.0,6640.2,570.93,664.43,207.93,8302.14,20472.23,19901.3,19444.8,22.0,4277.86,15166.94,41.11,55.5,53.95,52.71,78.0,36.5,9.8,1418.85,523.42,583.34,High Margin (>=20%)
TXN-1304,2024-06-03,Services,Cybersecurity Audit,Los Angeles,West,Consumer,Credit Card,Charlie Davis,3,2034.57,831.79,6103.71,2495.37,670.25,44.2,229.88,3439.7,1400.06,23.33,2024,6,Jun,2024-06,2024Q2,Monday,3505.65,621.79,229.88,102.69,6001.02,18.0,1080.18,92.59,76.37,24.38,1566.12,1939.53,1846.94,1794.95,22.0,394.89,1400.06,23.33,32.32,30.78,29.91,58.42,56.35,10.98,2000.34,1146.57,466.69,High Margin (>=20%)
TXN-1889,2024-06-03,Office Supplies,Standing Desk Converter,Miami,East,SMB,PayPal,Charlie Davis,4,295.73,138.98,1182.92,555.92,162.01,48.92,70.49,837.34,140.05,12.16,2024,6,Jun,2024-06,2024Q2,Monday,595.72,88.69,70.49,31.28,1151.64,18.0,207.3,28.41,21.06,3.41,370.11,225.61,197.2,179.55,22.0,39.5,140.05,12.16,19.59,17.12,15.59,51.73,70.79,13.7,287.91,209.34,35.01,Moderate Margin (5-20%)
TXN-1681,2024-06-03,Office Supplies,Mesh Office Chair,San Francisco,West,SMB,PayPal,Diana Prince,2,316.49,155.68,632.98,311.36,64.11,15.07,59.07,449.61,63.16,10.22,2024,6,Jun,2024-06,2024Q2,Monday,306.57,70.17,59.07,15.05,617.93,18.0,111.23,14.16,7.36,4.35,208.42,98.15,83.99,80.98,22.0,17.82,63.16,10.22,15.88,13.59,13.11,49.61,71.03,10.13,308.96,224.8,31.58,Moderate Margin (5-20%)
TXN-2057,2024-06-04,Software,Enterprise ERP License,New York,East,SMB,Credit Card,Evan Wright,2,2684.34,508.51,5368.68,1017.02,397.36,19.48,213.54,1647.4,2214.94,42.11,2024,6,Jun,2024-06,2024Q2,Tuesday,4242.41,581.75,213.54,109.25,5259.43,18.0,946.7,107.39,98.59,15.37,1212.13,3030.28,2922.89,2839.67,22.0,624.73,2214.94,42.11,57.62,55.57,53.99,80.66,30.69,7.4,2629.72,823.7,1107.47,High Margin (>=20%)
TXN-1463,2024-06-04,Services,Annual IT Maintenance Plan,Boston,East,Enterprise,Credit Card,Evan Wright,23,1772.63,629.93,40770.49,14488.39,2625.51,248.06,1223.11,18585.07,11818.88,29.84,2024,6,Jun,2024-06,2024Q2,Tuesday,25124.71,4374.77,1223.11,1157.39,39613.1,18.0,7130.36,999.06,719.75,217.96,8471.45,16653.26,15654.2,15152.41,22.0,3333.53,11818.88,29.84,42.04,39.52,38.25,63.43,45.58,6.44,1722.31,808.05,513.86,High Margin (>=20%)
TXN-1949,2024-06-06,Software,Cloud Storage Annual,Miami,East,SMB,Direct Invoice,Diana Prince,1,387.38,79.96,387.38,79.96,27.33,14.56,40.46,162.31,127.07,33.47,2024,6,Jun,2024-06,2024Q2,Thursday,299.72,44.04,40.46,7.7,379.68,18.0,68.34,7.03,6.46,3.07,126.39,173.33,166.3,162.91,22.0,35.84,127.07,33.47,45.65,43.8,42.91,78.94,41.9,7.06,379.68,162.31,127.07,High Margin (>=20%)
TXN-1598,2024-06-07,Software,Cloud Storage Annual,San Francisco,West,Enterprise,PayPal,Evan Wright,29,379.5,80.62,11005.5,2337.98,1503.77,290.89,330.16,4462.8,4105.35,37.73,2024,6,Jun,2024-06,2024Q2,Friday,8541.6,865.21,330.16,125.92,10879.58,18.0,1958.32,199.18,141.37,52.25,2990.03,5551.57,5352.39,5263.27,22.0,1157.92,4105.35,37.73,51.03,49.2,48.38,78.51,40.55,13.66,375.16,153.89,141.56,High Margin (>=20%)
TXN-2101,2024-06-08,Hardware,Rack Server Blade X,Phoenix,West,Enterprise,Credit Card,Diana Prince,22,3063.59,2149.56,67398.98,47290.32,4086.24,228.63,2860.34,54465.53,3594.51,5.48,2024,6,Jun,2024-06,2024Q2,Saturday,18352.8,4912.86,2860.34,1755.86,65643.12,18.0,11815.76,1204.1,842.47,390.19,12088.07,6264.73,5060.63,4608.35,22.0,1013.84,3594.51,5.48,9.54,7.71,7.02,27.96,80.81,6.06,2983.78,2475.71,163.39,Moderate Margin (5-20%)
TXN-1091,2024-06-09,Services,Cloud Migration Consulting,Boston,East,Enterprise,Wire Transfer,Bob Jones,27,3323.86,1186.08,89744.22,32024.16,12080.22,153.91,2692.33,46950.62,24548.59,27.85,2024,6,Jun,2024-06,2024Q2,Sunday,56110.19,6818.74,2692.33,1609.87,88134.35,18.0,15864.18,1602.64,1639.5,349.7,21745.2,34364.99,32762.35,31472.55,22.0,6923.96,24548.59,27.85,38.99,37.17,35.71,63.66,52.32,13.46,3264.24,1738.91,909.21,High Margin (>=20%)
TXN-1168,2024-06-10,Software,Data Analytics Suite,Miami,East,SMB,Wire Transfer,Charlie Davis,6,1546.9,307.38,9281.4,1844.28,1286.01,42.59,420.55,3593.43,3471.12,38.48,2024,6,Jun,2024-06,2024Q2,Monday,7175.56,736.26,420.55,261.56,9019.84,18.0,1623.57,165.3,133.08,58.39,2485.41,4690.15,4524.85,4450.16,22.0,979.04,3471.12,38.48,52.0,50.17,49.34,79.55,38.72,13.86,1503.31,598.9,578.52,High Margin (>=20%)
TXN-1255,2024-06-10,Electronics,Laptop Pro 15,Seattle,West,SMB,Credit Card,Diana Prince,4,1225.37,722.25,4901.48,2889.0,513.71,51.23,207.39,3661.33,494.18,10.19,2024,6,Jun,2024-06,2024Q2,Monday,1960.49,384.64,207.39,51.99,4849.49,18.0,872.91,111.14,81.45,22.63,1156.97,803.52,692.38,633.56,22.0,139.38,494.18,10.19,16.57,14.28,13.06,40.43,74.7,10.48,1212.37,915.33,123.54,Moderate Margin (5-20%)
TXN-1358,2024-06-12,Hardware,Gigabit Switch 24-Port,Austin,South,Enterprise,Direct Invoice,Evan Wright,20,429.69,264.21,8593.8,5284.2,951.31,218.69,257.81,6712.01,468.57,5.55,2024,6,Jun,2024-06,2024Q2,Wednesday,3153.02,853.27,257.81,156.58,8437.22,18.0,1518.7,205.4,122.0,56.19,2281.08,871.94,666.54,600.73,22.0,132.16,468.57,5.55,10.33,7.9,7.12,37.37,78.1,11.07,421.86,335.6,23.43,Moderate Margin (5-20%)
TXN-1039,2024-06-13,Office Supplies,High-Speed Paper Shredder,New York,East,Consumer,Credit Card,Alice Smith,5,187.3,88.89,936.5,444.45,62.45,63.86,51.55,622.31,124.79,13.73,2024,6,Jun,2024-06,2024Q2,Thursday,464.55,97.59,51.55,27.5,909.0,18.0,163.62,19.12,12.09,2.1,275.45,189.1,169.98,159.99,22.0,35.2,124.79,13.73,20.8,18.7,17.6,51.11,66.45,6.67,181.8,124.46,24.96,Moderate Margin (5-20%)
TXN-1122,2024-06-13,Electronics,Laptop Pro 15,Los Angeles,West,Consumer,Direct Invoice,Fiona Gallagher,4,1207.66,715.06,4830.64,2860.24,671.15,24.92,144.92,3701.23,292.18,6.13,2024,6,Jun,2024-06,2024Q2,Thursday,1906.68,554.58,144.92,63.72,4766.92,18.0,858.05,78.95,88.62,31.05,1395.57,511.11,432.16,374.59,22.0,82.41,292.18,6.13,10.72,9.07,7.86,40.0,76.62,13.89,1191.73,925.31,73.04,Moderate Margin (5-20%)
TXN-1302,2024-06-14,Office Supplies,High-Speed Paper Shredder,Los Angeles,West,Government,Credit Card,Evan Wright,11,182.09,87.99,2002.99,967.89,267.81,119.15,89.83,1444.68,202.33,10.3,2024,6,Jun,2024-06,2024Q2,Friday,995.87,193.42,89.83,39.23,1963.76,18.0,353.48,49.59,27.62,10.95,670.21,325.66,276.07,259.4,22.0,57.07,202.33,10.3,16.58,14.06,13.21,50.71,72.13,13.37,178.52,131.33,18.39,Moderate Margin (5-20%)
TXN-1642,2024-06-14,Services,Annual IT Maintenance Plan,San Francisco,West,SMB,Credit Card,Charlie Davis,2,1805.52,587.88,3611.04,1175.76,338.73,15.97,110.74,1641.2,1141.85,32.22,2024,6,Jun,2024-06,2024Q2,Friday,2367.96,310.92,110.74,67.32,3543.72,18.0,637.87,89.22,50.41,11.94,776.36,1591.6,1502.38,1463.91,22.0,322.06,1141.85,32.22,44.91,42.4,41.31,66.82,45.45,9.38,1771.86,820.6,570.92,High Margin (>=20%)
TXN-1308,2024-06-14,Software,Data Analytics Suite,Phoenix,West,SMB,Wire Transfer,Fiona Gallagher,5,1494.84,308.42,7474.2,1542.1,630.0,40.58,224.23,2436.91,3142.26,42.93,2024,6,Jun,2024-06,2024Q2,Friday,5777.59,643.89,224.23,154.51,7319.69,18.0,1317.54,131.96,97.8,19.41,1538.7,4238.89,4106.93,4028.54,22.0,886.28,3142.26,42.93,57.91,56.11,55.04,78.93,32.6,8.43,1463.94,487.38,628.45,High Margin (>=20%)
TXN-1112,2024-06-14,Software,Cloud Storage Annual,Seattle,West,Consumer,Wire Transfer,Bob Jones,7,410.9,83.61,2876.3,585.27,201.16,97.74,128.22,1012.39,1136.09,40.63,2024,6,Jun,2024-06,2024Q2,Friday,2210.79,224.53,128.22,80.24,2796.06,18.0,503.29,68.56,49.36,15.31,651.65,1559.14,1490.58,1456.53,22.0,320.44,1136.09,40.63,55.76,53.31,52.09,79.07,35.2,6.99,399.44,144.63,162.3,High Margin (>=20%)
TXN-1962,2024-06-14,Office Supplies,Mesh Office Chair,Chicago,Midwest,Enterprise,Credit Card,Alice Smith,6,318.01,156.98,1908.06,941.88,189.33,76.36,73.58,1281.15,272.36,14.6,2024,6,Jun,2024-06,2024Q2,Friday,923.4,191.11,73.58,42.78,1865.28,18.0,335.75,33.81,24.56,14.53,530.38,393.02,359.21,349.18,22.0,76.82,272.36,14.6,21.07,19.26,18.72,49.5,67.14,9.92,310.88,213.52,45.39,Moderate Margin (5-20%)
TXN-2102,2024-06-15,Services,Cybersecurity Audit,Austin,South,Enterprise,Credit Card,Charlie Davis,21,2080.08,798.71,43681.68,16772.91,3384.19,231.62,1573.94,21962.66,11203.21,26.21,2024,6,Jun,2024-06,2024Q2,Saturday,25972.19,5174.32,1573.94,936.58,42745.1,18.0,7694.12,1005.83,468.86,229.66,10364.07,15608.12,14602.29,14363.09,22.0,3159.88,11203.21,26.21,36.51,34.16,33.6,60.76,50.28,7.75,2035.48,1045.84,533.49,High Margin (>=20%)
TXN-1912,2024-06-16,Office Supplies,Standing Desk Converter,Los Angeles,West,SMB,Credit Card,Charlie Davis,2,277.13,141.72,554.26,283.44,70.53,23.65,33.4,411.02,57.29,10.48,2024,6,Jun,2024-06,2024Q2,Sunday,263.04,46.23,33.4,7.78,546.48,18.0,98.37,11.95,8.16,4.33,173.81,89.23,77.28,73.45,22.0,16.16,57.29,10.48,16.33,14.14,13.44,48.13,74.16,12.73,273.24,205.51,28.64,Moderate Margin (5-20%)
TXN-2184,2024-06-17,Office Supplies,High-Speed Paper Shredder,Los Angeles,West,Consumer,PayPal,Bob Jones,5,194.39,90.3,971.95,451.5,122.59,74.51,43.69,692.29,89.65,9.4,2024,6,Jun,2024-06,2024Q2,Monday,502.35,113.33,43.69,18.1,953.85,18.0,171.69,22.94,12.55,2.2,354.12,148.23,125.29,114.94,22.0,25.29,89.65,9.4,15.54,13.14,12.05,52.67,71.23,12.61,190.77,138.46,17.93,Moderate Margin (5-20%)
TXN-2075,2024-06-17,Hardware,Rack Server Blade X,Boston,East,SMB,Credit Card,Charlie Davis,6,3224.1,2195.56,19344.6,13173.36,1929.36,53.61,675.61,15831.94,3.33,0.02,2024,6,Jun,2024-06,2024Q2,Monday,5610.04,2309.48,675.61,561.2,18783.4,18.0,3381.01,452.31,272.33,86.93,4968.06,641.98,189.67,4.27,22.0,0.94,3.33,0.02,3.42,1.01,0.02,29.87,81.84,9.97,3130.57,2638.66,0.56,Low Margin (0-5%)
TXN-1502,2024-06-19,Electronics,Laptop Pro 15,Seattle,West,SMB,Credit Card,Diana Prince,4,1272.13,732.86,5088.52,2931.44,306.82,26.5,167.15,3431.91,695.57,13.93,2024,6,Jun,2024-06,2024Q2,Wednesday,2062.18,492.59,167.15,94.9,4993.62,18.0,898.85,115.28,72.58,10.5,993.06,1069.12,953.84,891.76,22.0,196.19,695.57,13.93,21.41,19.1,17.86,41.3,67.44,6.03,1248.4,857.98,173.89,Moderate Margin (5-20%)
TXN-2018,2024-06-20,Electronics,Laptop Pro 15,Phoenix,West,SMB,Wire Transfer,Alice Smith,5,1213.58,770.41,6067.9,3852.05,814.56,38.06,197.39,4902.06,204.91,3.43,2024,6,Jun,2024-06,2024Q2,Thursday,2121.01,597.06,197.39,94.84,5973.06,18.0,1075.15,130.72,113.8,33.28,1647.07,473.94,343.22,262.7,22.0,57.79,204.91,3.43,7.93,5.75,4.4,35.51,80.79,13.42,1194.61,980.41,40.98,Low Margin (0-5%)
TXN-1338,2024-06-21,Services,Cloud Migration Consulting,Austin,South,Government,Credit Card,Fiona Gallagher,21,3432.26,1249.81,72077.46,26246.01,5772.94,282.28,2438.72,34739.95,20219.4,28.73,2024,6,Jun,2024-06,2024Q2,Friday,44128.81,7581.32,2438.72,1702.64,70374.82,18.0,12667.47,1473.61,836.26,178.63,16075.26,28053.55,26579.94,25922.31,22.0,5702.91,20219.4,28.73,39.86,37.77,36.83,62.71,48.2,8.01,3351.18,1654.28,962.83,High Margin (>=20%)
TXN-1192,2024-06-21,Electronics,Wireless Noise-Canceling Headset,Phoenix,West,SMB,PayPal,Diana Prince,6,238.74,115.44,1432.44,692.64,93.78,45.8,52.11,884.33,254.79,17.99,2024,6,Jun,2024-06,2024Q2,Friday,723.37,164.53,52.11,16.43,1416.01,18.0,254.88,33.0,15.29,7.79,356.22,367.15,334.15,326.65,22.0,71.86,254.79,17.99,25.93,23.6,23.07,51.09,61.74,6.55,236.0,147.39,42.46,Moderate Margin (5-20%)
TXN-2002,2024-06-22,Electronics,Smart Display 10,San Francisco,West,SMB,PayPal,Charlie Davis,7,355.5,207.1,2488.5,1449.7,225.27,86.8,110.52,1872.29,207.94,8.46,2024,6,Jun,2024-06,2024Q2,Saturday,1008.4,241.62,110.52,30.4,2458.1,18.0,442.46,39.69,44.38,6.47,664.21,344.19,304.5,266.59,22.0,58.65,207.94,8.46,14.0,12.39,10.85,41.02,75.24,9.05,351.16,267.47,29.71,Moderate Margin (5-20%)
TXN-1845,2024-06-23,Office Supplies,Ergonomic Executive Desk,Seattle,West,Enterprise,PayPal,Fiona Gallagher,7,835.5,465.59,5848.5,3259.13,550.65,73.64,180.63,4064.05,775.22,13.63,2024,6,Jun,2024-06,2024Q2,Sunday,2430.27,452.87,180.63,159.1,5689.4,18.0,1024.09,128.79,82.44,32.62,1257.79,1172.48,1043.69,993.87,22.0,218.65,775.22,13.63,20.61,18.34,17.47,42.72,69.49,9.42,812.77,580.58,110.75,Moderate Margin (5-20%)
TXN-1737,2024-06-24,Electronics,Ultra-Wide Monitor 34,Boston,East,SMB,Direct Invoice,Alice Smith,7,673.99,395.88,4717.93,2771.16,627.25,86.73,148.73,3633.87,328.28,7.07,2024,6,Jun,2024-06,2024Q2,Monday,1874.13,422.83,148.73,72.64,4645.29,18.0,836.15,105.82,75.46,13.56,1285.54,588.59,482.77,420.87,22.0,92.59,328.28,7.07,12.67,10.39,9.06,40.34,77.02,13.3,663.61,519.12,46.9,Moderate Margin (5-20%)
TXN-2027,2024-06-24,Hardware,Rack Server Blade X,New York,East,Enterprise,Wire Transfer,Charlie Davis,11,3244.74,2089.41,35692.14,22983.51,4308.9,62.47,1418.52,28773.4,1018.69,2.9,2024,6,Jun,2024-06,2024Q2,Monday,12136.65,4036.86,1418.52,571.98,35120.16,18.0,6321.63,736.47,475.28,207.86,9826.75,2309.9,1573.43,1306.01,22.0,287.32,1018.69,2.9,6.58,4.48,3.72,34.56,80.62,12.07,3192.74,2615.76,92.61,Low Margin (0-5%)
TXN-1024,2024-06-24,Services,Cloud Migration Consulting,Phoenix,West,SMB,Wire Transfer,Alice Smith,5,3265.69,1140.62,16328.45,5703.1,1799.91,34.71,489.85,8027.57,4549.52,28.69,2024,6,Jun,2024-06,2024Q2,Monday,10153.91,1442.1,489.85,471.44,15857.01,18.0,2854.26,319.8,306.01,71.19,3766.57,6387.34,6067.54,5832.72,22.0,1283.2,4549.52,28.69,40.28,38.26,36.78,64.03,49.16,11.02,3171.4,1605.51,909.9,High Margin (>=20%)
TXN-2058,2024-06-25,Electronics,Laptop Pro 15,Austin,South,SMB,Credit Card,Fiona Gallagher,3,1145.32,736.8,3435.96,2210.4,348.94,38.48,171.4,2769.22,133.99,3.97,2024,6,Jun,2024-06,2024Q2,Tuesday,1161.62,309.57,171.4,63.94,3372.02,18.0,606.96,75.28,53.22,7.05,868.39,293.23,217.95,171.78,22.0,37.79,133.99,3.97,8.7,6.46,5.09,34.45,80.6,10.16,1124.01,923.07,44.66,Low Margin (0-5%)
TXN-1780,2024-06-27,Services,Cybersecurity Audit,Seattle,West,SMB,Direct Invoice,Fiona Gallagher,5,2083.89,820.95,10419.45,4104.75,1269.9,68.76,312.58,5755.99,2327.64,22.96,2024,6,Jun,2024-06,2024Q2,Thursday,6035.06,1063.38,312.58,279.64,10139.81,18.0,1825.17,227.68,156.89,48.29,2714.62,3320.44,3092.76,2984.16,22.0,656.52,2327.64,22.96,32.75,30.5,29.43,59.52,55.24,12.19,2027.96,1151.2,465.53,High Margin (>=20%)
TXN-1073,2024-06-28,Services,Annual IT Maintenance Plan,New York,East,Consumer,PayPal,Fiona Gallagher,2,1659.77,609.81,3319.54,1219.62,246.45,29.22,99.59,1594.88,998.2,30.86,2024,6,Jun,2024-06,2024Q2,Friday,2014.95,233.28,99.59,84.97,3234.57,18.0,582.22,79.98,57.25,10.56,608.54,1406.41,1326.43,1279.74,22.0,281.54,998.2,30.86,43.48,41.01,39.56,62.29,48.05,7.42,1617.28,797.44,499.1,High Margin (>=20%)
TXN-1918,2024-06-28,Services,Cloud Migration Consulting,Houston,South,Enterprise,PayPal,Bob Jones,29,3551.59,1238.34,102996.11,35911.86,12979.99,164.26,3089.88,52145.99,26011.82,25.83,2024,6,Jun,2024-06,2024Q2,Friday,64786.82,12094.08,3089.88,2297.43,100698.68,18.0,18125.76,1550.41,1953.4,393.69,28328.21,36458.61,34908.2,33348.49,22.0,7336.67,26011.82,25.83,36.21,34.67,33.12,64.34,50.63,12.6,3472.37,1798.14,896.96,High Margin (>=20%)
TXN-1747,2024-06-29,Electronics,Ultra-Wide Monitor 34,Chicago,Midwest,SMB,PayPal,Evan Wright,2,648.73,372.95,1297.46,745.9,98.82,29.05,54.27,928.04,139.1,10.93,2024,6,Jun,2024-06,2024Q2,Saturday,527.16,115.73,54.27,24.4,1273.06,18.0,229.15,31.08,23.35,3.47,297.87,229.29,198.21,178.33,22.0,39.23,139.1,10.93,18.01,15.57,14.01,41.41,71.53,7.62,636.53,464.02,69.55,Moderate Margin (5-20%)
TXN-2022,2024-06-29,Services,Annual IT Maintenance Plan,Boston,East,SMB,Direct Invoice,Evan Wright,2,1909.13,620.0,3818.26,1240.0,512.91,19.17,180.74,1952.82,1038.41,27.77,2024,6,Jun,2024-06,2024Q2,Saturday,2498.79,324.05,180.74,79.47,3738.79,18.0,672.98,81.09,67.38,17.85,1036.87,1461.92,1380.83,1331.3,22.0,292.89,1038.41,27.77,39.1,36.93,35.61,66.83,51.14,13.43,1869.4,976.41,519.21,High Margin (>=20%)
TXN-1071,2024-06-30,Electronics,Laptop Pro 15,Austin,South,SMB,Direct Invoice,Evan Wright,7,1114.51,737.64,7801.57,5163.48,969.18,35.32,246.44,6414.42,121.3,1.59,2024,6,Jun,2024-06,2024Q2,Sunday,2451.64,847.35,246.44,186.45,7615.12,18.0,1370.72,134.79,96.54,33.49,2098.29,353.35,218.56,155.51,22.0,34.21,121.3,1.59,4.64,2.87,2.04,32.19,82.22,12.42,1087.87,916.35,17.33,Low Margin (0-5%)
TXN-1174,2024-06-30,Software,Enterprise ERP License,Austin,South,Enterprise,Credit Card,Diana Prince,28,2318.6,505.98,64920.8,14167.44,6814.05,236.86,1947.62,23165.97,25883.45,40.68,2024,6,Jun,2024-06,2024Q2,Sunday,49464.97,5279.67,1947.62,1288.39,63632.41,18.0,11453.83,1283.12,1125.08,405.34,14278.2,35186.77,33903.65,33183.91,22.0,7300.46,25883.45,40.68,55.3,53.28,52.15,77.74,35.68,10.5,2272.59,827.36,924.41,High Margin (>=20%)
TXN-1224,2024-07-01,Software,Cloud Storage Annual,Chicago,Midwest,SMB,Direct Invoice,Diana Prince,2,383.48,81.71,766.96,163.42,96.49,26.08,47.69,333.68,258.73,34.18,2024,7,Jul,2024-07,2024Q3,Monday,593.59,67.79,47.69,9.95,757.01,18.0,136.26,18.48,10.19,4.84,238.05,355.54,337.06,331.71,22.0,72.98,258.73,34.18,46.97,44.53,43.82,78.41,43.51,12.58,378.5,166.84,129.36,High Margin (>=20%)
TXN-2006,2024-07-01,Electronics,Laptop Pro 15,Chicago,Midwest,SMB,PayPal,Alice Smith,7,1146.77,737.82,8027.39,5164.74,796.54,57.18,252.06,6270.52,300.88,3.86,2024,7,Jul,2024-07,2024Q3,Monday,2634.98,826.33,252.06,227.67,7799.72,18.0,1403.95,185.16,152.28,20.31,1932.11,702.87,517.71,385.74,22.0,84.86,300.88,3.86,9.01,6.64,4.95,33.78,78.11,9.92,1114.25,895.79,42.98,Low Margin (0-5%)
TXN-1916,2024-07-02,Electronics,Smart Display 10,New York,East,Enterprise,Credit Card,Alice Smith,5,340.05,201.16,1700.25,1005.8,219.17,36.2,101.2,1362.37,82.23,4.9,2024,7,Jul,2024-07,2024Q3,Tuesday,672.28,156.09,101.2,22.17,1678.08,18.0,302.05,36.75,23.93,6.48,512.66,159.62,122.87,105.42,22.0,23.19,82.23,4.9,9.51,7.32,6.28,40.06,80.13,12.89,335.62,272.47,16.45,Low Margin (0-5%)
TXN-2070,2024-07-03,Office Supplies,Ergonomic Executive Desk,Seattle,West,SMB,Credit Card,Bob Jones,2,816.87,467.61,1633.74,935.22,162.21,21.98,54.24,1173.65,189.71,11.85,2024,7,Jul,2024-07,2024Q3,Wednesday,665.44,137.83,54.24,33.08,1600.66,18.0,288.12,27.28,27.72,9.04,376.26,289.18,261.9,243.22,22.0,53.51,189.71,11.85,18.07,16.36,15.19,41.57,71.84,9.93,800.33,586.83,94.86,Moderate Margin (5-20%)
TXN-1254,2024-07-03,Office Supplies,Standing Desk Converter,Austin,South,SMB,Direct Invoice,Fiona Gallagher,5,281.9,135.09,1409.5,675.45,127.5,45.72,66.44,915.11,232.09,16.83,2024,7,Jul,2024-07,2024Q3,Wednesday,703.87,121.0,66.44,30.18,1379.32,18.0,248.28,21.88,27.32,3.54,360.66,343.21,321.33,297.55,22.0,65.46,232.09,16.83,24.88,23.3,21.57,51.03,64.92,9.05,275.86,183.02,46.42,Moderate Margin (5-20%)
TXN-1164,2024-07-04,Electronics,Ultra-Wide Monitor 34,Houston,South,Consumer,Direct Invoice,Charlie Davis,2,666.39,372.82,1332.78,745.64,159.12,26.3,74.12,1005.18,108.39,8.32,2024,7,Jul,2024-07,2024Q3,Thursday,556.98,129.0,74.12,30.16,1302.62,18.0,234.47,20.96,17.17,8.65,388.54,168.44,147.48,138.96,22.0,30.57,108.39,8.32,12.93,11.32,10.67,42.76,75.42,11.94,651.31,502.59,54.2,Moderate Margin (5-20%)
TXN-2042,2024-07-05,Services,Cybersecurity Audit,Los Angeles,West,Enterprise,Wire Transfer,Alice Smith,21,2263.08,829.86,47524.68,17427.06,4269.12,281.72,1541.76,23519.66,13135.0,27.94,2024,7,Jul,2024-07,2024Q3,Friday,29589.42,5205.67,1541.76,508.2,47016.48,18.0,8462.97,963.65,623.96,136.2,11298.27,18291.15,17327.5,16839.74,22.0,3704.74,13135.0,27.94,38.9,36.85,35.82,62.93,49.49,8.98,2238.88,1119.98,625.48,High Margin (>=20%)
TXN-1312,2024-07-06,Software,Cloud Storage Annual,Austin,South,Enterprise,PayPal,Alice Smith,17,410.35,77.13,6975.95,1311.21,737.15,116.5,209.28,2374.14,2914.74,42.83,2024,7,Jul,2024-07,2024Q3,Saturday,5494.79,515.68,209.28,169.95,6806.0,18.0,1225.08,140.77,88.73,50.16,1578.61,3916.18,3775.41,3736.84,22.0,822.1,2914.74,42.83,57.54,55.47,54.91,80.73,34.03,10.57,400.35,139.66,171.46,High Margin (>=20%)
TXN-1872,2024-07-07,Hardware,Gigabit Switch 24-Port,Houston,South,Government,PayPal,Charlie Davis,28,476.33,247.83,13337.24,6939.24,1487.23,353.63,579.64,9359.74,1695.7,12.98,2024,7,Jul,2024-07,2024Q3,Sunday,6126.08,1114.16,579.64,271.92,13065.32,18.0,2351.76,201.39,265.62,49.57,3534.66,2591.42,2390.03,2173.98,22.0,478.28,1695.7,12.98,19.83,18.29,16.64,46.89,70.18,11.15,466.62,334.28,60.56,Moderate Margin (5-20%)
TXN-1372,2024-07-07,Office Supplies,High-Speed Paper Shredder,Los Angeles,West,Consumer,Wire Transfer,Diana Prince,3,185.14,90.83,555.42,272.49,39.92,20.16,46.18,378.75,89.25,16.29,2024,7,Jul,2024-07,2024Q3,Sunday,275.51,39.39,46.18,7.42,548.0,18.0,98.64,9.86,8.58,3.0,145.65,129.86,120.0,114.42,22.0,25.17,89.25,16.29,23.7,21.9,20.88,50.28,68.19,7.19,182.67,126.25,29.75,Moderate Margin (5-20%)
TXN-1383,2024-07-08,Services,Cybersecurity Audit,Boston,East,SMB,PayPal,Alice Smith,4,2249.92,792.86,8999.68,3171.44,892.51,36.62,269.99,4370.56,2504.48,28.45,2024,7,Jul,2024-07,2024Q3,Monday,5631.24,912.99,269.99,197.0,8802.68,18.0,1584.48,223.3,110.18,25.22,2112.11,3519.13,3295.83,3210.87,22.0,706.39,2504.48,28.45,39.98,37.44,36.48,63.97,48.56,9.92,2200.67,1092.64,626.12,High Margin (>=20%)
TXN-1041,2024-07-09,Hardware,Rack Server Blade X,San Francisco,West,Consumer,Wire Transfer,Evan Wright,6,3354.68,2200.36,20128.08,13202.16,2102.99,49.36,603.84,15958.35,1232.45,6.3,2024,7,Jul,2024-07,2024Q3,Tuesday,6374.96,1531.79,603.84,550.96,19577.12,18.0,3523.88,413.37,249.22,155.67,4287.98,2086.98,1673.61,1580.06,22.0,347.61,1232.45,6.3,10.66,8.55,8.07,32.56,79.28,10.45,3262.85,2659.72,205.41,Moderate Margin (5-20%)
TXN-1208,2024-07-11,Hardware,NAS Storage Enclosure,Seattle,West,SMB,Direct Invoice,Charlie Davis,3,765.76,494.0,2297.28,1482.0,247.37,18.04,121.18,1868.59,59.44,2.66,2024,7,Jul,2024-07,2024Q3,Thursday,755.29,237.02,121.18,59.99,2237.29,18.0,402.71,40.8,30.96,16.28,623.61,131.68,90.88,76.2,22.0,16.76,59.44,2.66,5.89,4.06,3.41,33.76,81.34,10.77,745.76,622.86,19.81,Low Margin (0-5%)
TXN-1801,2024-07-11,Electronics,Wireless Noise-Canceling Headset,San Francisco,West,Enterprise,Credit Card,Bob Jones,13,258.84,122.74,3364.92,1595.62,201.91,189.01,173.71,2160.25,549.22,16.57,2024,7,Jul,2024-07,2024Q3,Thursday,1718.04,354.53,173.71,51.26,3313.66,18.0,596.46,69.09,37.8,12.14,919.16,798.88,729.79,704.13,22.0,154.91,549.22,16.57,24.11,22.02,21.25,51.85,64.2,6.0,254.9,166.17,42.25,Moderate Margin (5-20%)
TXN-1577,2024-07-11,Hardware,Gigabit Switch 24-Port,Chicago,Midwest,Enterprise,Wire Transfer,Charlie Davis,16,454.02,265.19,7264.32,4243.04,675.3,102.14,301.3,5321.78,750.97,10.59,2024,7,Jul,2024-07,2024Q3,Thursday,2848.66,561.92,301.3,172.62,7091.7,18.0,1276.51,169.91,114.97,39.66,1640.66,1208.0,1038.09,962.78,22.0,211.81,750.97,10.59,17.03,14.64,13.58,40.17,73.26,9.3,443.23,332.61,46.94,Moderate Margin (5-20%)
TXN-1351,2024-07-12,Hardware,Rack Server Blade X,Phoenix,West,Government,PayPal,Alice Smith,20,3228.77,2158.7,64575.4,43174.0,3958.22,263.68,1937.26,49333.16,4361.56,6.96,2024,7,Jul,2024-07,2024Q3,Friday,19526.9,6144.79,1937.26,1874.5,62700.9,18.0,11286.16,1219.29,661.06,249.14,12303.95,7222.95,6003.66,5591.74,22.0,1230.18,4361.56,6.96,11.52,9.58,8.92,31.14,76.4,6.13,3135.04,2466.66,218.08,Moderate Margin (5-20%)
TXN-1883,2024-07-12,Electronics,Ultra-Wide Monitor 34,Phoenix,West,Enterprise,Direct Invoice,Alice Smith,27,645.87,362.5,17438.49,9787.5,1066.5,167.19,687.32,11708.51,2811.85,16.44,2024,7,Jul,2024-07,2024Q3,Friday,7314.8,1237.88,687.32,336.19,17102.3,18.0,3078.41,410.67,270.9,130.6,3158.89,4155.91,3745.24,3604.94,22.0,793.09,2811.85,16.44,24.3,21.9,21.08,42.77,67.14,6.12,633.42,433.65,104.14,Moderate Margin (5-20%)
TXN-1467,2024-07-14,Office Supplies,High-Speed Paper Shredder,Houston,South,SMB,Credit Card,Charlie Davis,4,169.44,93.17,677.76,372.68,84.97,20.55,39.25,517.45,58.36,8.73,2024,7,Jul,2024-07,2024Q3,Sunday,295.48,57.13,39.25,9.6,668.16,18.0,120.27,13.67,7.63,2.54,201.9,93.58,79.91,74.82,22.0,16.46,58.36,8.73,14.01,11.96,11.2,44.22,76.35,12.54,167.04,129.36,14.59,Moderate Margin (5-20%)
TXN-1775,2024-07-14,Software,Data Analytics Suite,Los Angeles,West,SMB,PayPal,Diana Prince,1,1500.68,286.56,1500.68,286.56,203.16,10.27,55.47,555.46,560.78,37.97,2024,7,Jul,2024-07,2024Q3,Sunday,1190.15,164.87,55.47,23.97,1476.71,18.0,265.81,23.57,22.69,8.83,433.77,756.38,732.81,718.95,22.0,158.17,560.78,37.97,51.22,49.62,48.69,80.59,37.01,13.54,1476.71,555.46,560.78,High Margin (>=20%)
TXN-1696,2024-07-15,Services,Cybersecurity Audit,Los Angeles,West,Enterprise,Direct Invoice,Bob Jones,17,2299.95,796.26,39099.15,13536.42,4823.87,227.57,1512.3,20100.16,10065.36,26.39,2024,7,Jul,2024-07,2024Q3,Monday,24598.49,3930.68,1512.3,964.24,38134.91,18.0,6864.28,849.41,506.85,156.5,10494.42,14104.07,13254.66,12904.31,22.0,2838.95,10065.36,26.39,36.98,34.76,33.84,64.5,51.41,12.34,2243.23,1182.36,592.08,High Margin (>=20%)
TXN-1066,2024-07-16,Office Supplies,Standing Desk Converter,Miami,East,Enterprise,Direct Invoice,Diana Prince,19,296.96,139.94,5642.24,2658.86,673.21,203.9,296.52,3832.49,821.15,14.72,2024,7,Jul,2024-07,2024Q3,Tuesday,2918.78,548.06,296.52,64.6,5577.64,18.0,1003.98,95.99,81.15,32.8,1721.69,1197.09,1101.1,1052.75,22.0,231.6,821.15,14.72,21.46,19.74,18.87,52.33,67.92,11.93,293.56,201.71,43.22,Moderate Margin (5-20%)
TXN-1524,2024-07-18,Software,Security Firewall Pro,Boston,East,Enterprise,Credit Card,Evan Wright,14,898.44,211.18,12578.16,2956.52,845.98,106.78,570.74,4480.02,4825.74,38.83,2024,7,Jul,2024-07,2024Q3,Thursday,9470.44,1410.09,570.74,151.2,12426.96,18.0,2236.85,211.52,239.02,100.53,2933.59,6536.85,6325.33,6186.84,22.0,1361.1,4825.74,38.83,52.6,50.9,49.79,76.21,35.62,6.73,887.64,320.0,344.7,High Margin (>=20%)
TXN-1008,2024-07-19,Hardware,Gigabit Switch 24-Port,New York,East,Enterprise,PayPal,Fiona Gallagher,28,461.95,262.37,12934.6,7346.36,1060.35,297.15,428.7,9132.56,1406.54,11.08,2024,7,Jul,2024-07,2024Q3,Friday,5343.54,1465.6,428.7,244.7,12689.9,18.0,2284.18,222.2,166.3,100.02,3251.8,2091.74,1869.54,1803.26,22.0,396.72,1406.54,11.08,16.48,14.73,14.21,42.11,70.61,8.2,453.21,326.16,50.23,Moderate Margin (5-20%)
TXN-1195,2024-07-19,Services,Annual IT Maintenance Plan,Chicago,Midwest,Consumer,Wire Transfer,Alice Smith,5,1856.0,574.93,9280.0,2874.65,1232.89,48.22,278.4,4434.16,2852.99,31.27,2024,7,Jul,2024-07,2024Q3,Friday,6250.0,806.91,278.4,155.35,9124.65,18.0,1642.44,152.46,95.81,22.37,2366.42,3883.58,3731.12,3657.68,22.0,804.69,2852.99,31.27,42.56,40.89,40.09,68.5,47.78,13.29,1824.93,886.83,570.6,High Margin (>=20%)
TXN-2124,2024-07-19,Software,Data Analytics Suite,Miami,East,SMB,Wire Transfer,Evan Wright,7,1534.94,306.35,10744.58,2144.45,1433.85,52.4,416.99,4047.69,3958.31,37.45,2024,7,Jul,2024-07,2024Q3,Friday,8426.2,1187.02,416.99,173.93,10570.65,18.0,1902.72,172.02,152.43,63.27,3090.26,5335.94,5163.92,5074.76,22.0,1116.45,3958.31,37.45,50.48,48.85,48.01,79.71,37.67,13.34,1510.09,578.24,565.47,High Margin (>=20%)
TXN-1167,2024-07-20,Hardware,Rack Server Blade X,Chicago,Midwest,SMB,PayPal,Diana Prince,5,3272.87,2008.62,16364.35,10043.1,1741.15,53.07,606.67,12443.99,1324.04,8.29,2024,7,Jul,2024-07,2024Q3,Saturday,5923.33,1407.97,606.67,397.92,15966.43,18.0,2873.96,283.49,261.19,127.7,3808.86,2114.47,1830.98,1697.49,22.0,373.45,1324.04,8.29,13.24,11.47,10.63,37.1,76.04,10.64,3193.29,2488.8,264.81,Moderate Margin (5-20%)
TXN-1937,2024-07-20,Software,Security Firewall Pro,New York,East,Consumer,Wire Transfer,Evan Wright,5,884.07,216.46,4420.35,1082.3,516.26,27.39,163.81,1789.76,1655.07,37.88,2024,7,Jul,2024-07,2024Q3,Saturday,3286.83,313.49,163.81,51.22,4369.13,18.0,786.44,106.45,63.06,25.52,1020.95,2265.88,2159.43,2121.89,22.0,466.82,1655.07,37.88,51.86,49.42,48.57,75.23,40.49,11.68,873.83,357.95,331.01,High Margin (>=20%)
TXN-2123,2024-07-20,Electronics,Ultra-Wide Monitor 34,Phoenix,West,SMB,Direct Invoice,Bob Jones,1,658.53,386.44,658.53,386.44,56.68,10.74,36.22,490.08,48.21,7.49,2024,7,Jul,2024-07,2024Q3,Saturday,257.5,74.48,36.22,14.59,643.94,18.0,115.91,11.65,7.93,2.01,178.12,79.38,67.73,61.81,22.0,13.6,48.21,7.49,12.33,10.52,9.6,39.99,74.42,8.61,643.94,490.08,48.21,Moderate Margin (5-20%)
TXN-1638,2024-07-22,Electronics,Smart Display 10,San Francisco,West,SMB,PayPal,Fiona Gallagher,3,332.85,194.29,998.55,582.87,118.88,20.67,49.17,771.59,72.42,7.38,2024,7,Jul,2024-07,2024Q3,Monday,398.94,82.0,49.17,16.74,981.81,18.0,176.73,24.77,17.64,7.04,270.72,128.22,103.45,92.85,22.0,20.43,72.42,7.38,13.06,10.54,9.46,40.63,77.27,11.91,327.27,257.2,24.14,Moderate Margin (5-20%)
TXN-1662,2024-07-22,Electronics,Wireless Noise-Canceling Headset,Houston,South,SMB,Wire Transfer,Alice Smith,2,265.48,123.73,530.96,247.46,47.76,14.63,36.85,346.7,71.76,13.84,2024,7,Jul,2024-07,2024Q3,Monday,271.22,63.36,36.85,12.28,518.68,18.0,93.36,8.45,10.0,1.83,162.6,108.62,100.17,92.0,22.0,20.24,71.76,13.84,20.94,19.31,17.74,52.29,65.3,9.0,259.34,173.35,35.88,Moderate Margin (5-20%)
TXN-1851,2024-07-22,Office Supplies,Mesh Office Chair,New York,East,Enterprise,Credit Card,Alice Smith,25,341.77,154.35,8544.25,3858.75,1176.27,361.87,395.66,5792.55,1342.62,16.02,2024,7,Jul,2024-07,2024Q3,Monday,4521.74,626.75,395.66,163.76,8380.49,18.0,1508.49,173.66,121.33,55.11,2560.55,1961.19,1787.53,1721.31,22.0,378.69,1342.62,16.02,23.4,21.33,20.54,53.96,67.79,13.77,335.22,231.7,53.7,Moderate Margin (5-20%)
TXN-1564,2024-07-22,Services,Cybersecurity Audit,Miami,East,SMB,PayPal,Charlie Davis,7,2092.58,799.31,14648.06,5595.17,1992.73,61.85,492.17,8141.92,3670.51,25.56,2024,7,Jul,2024-07,2024Q3,Monday,8763.37,1036.02,492.17,289.52,14358.54,18.0,2584.54,363.06,202.14,90.38,3582.77,5180.6,4817.54,4705.78,22.0,1035.27,3670.51,25.56,36.08,33.55,32.77,61.03,55.58,13.6,2051.22,1163.13,524.36,High Margin (>=20%)
TXN-1225,2024-07-23,Office Supplies,Standing Desk Converter,Los Angeles,West,Enterprise,PayPal,Fiona Gallagher,6,263.6,141.81,1581.6,850.86,101.77,74.92,53.7,1081.25,222.16,14.48,2024,7,Jul,2024-07,2024Q3,Tuesday,683.71,131.68,53.7,47.03,1534.57,18.0,276.22,29.69,19.12,11.99,362.07,321.64,291.95,284.82,22.0,62.66,222.16,14.48,20.96,19.02,18.56,44.55,68.36,6.43,255.76,180.21,37.03,Moderate Margin (5-20%)
TXN-2127,2024-07-23,Hardware,Gigabit Switch 24-Port,Austin,South,Enterprise,Direct Invoice,Diana Prince,21,444.29,265.37,9330.09,5572.77,1286.25,292.56,308.02,7459.6,454.74,5.01,2024,7,Jul,2024-07,2024Q3,Tuesday,3510.78,693.69,308.02,246.54,9083.55,18.0,1635.04,230.74,178.67,62.15,2580.52,930.26,699.52,583.0,22.0,128.26,454.74,5.01,10.24,7.7,6.42,38.65,79.95,13.79,432.55,355.22,21.65,Moderate Margin (5-20%)
TXN-1843,2024-07-24,Software,Enterprise ERP License,New York,East,SMB,Credit Card,Charlie Davis,3,2506.03,509.29,7518.09,1527.87,841.74,27.73,251.2,2648.54,3047.26,41.38,2024,7,Jul,2024-07,2024Q3,Wednesday,5836.34,593.19,251.2,153.88,7364.21,18.0,1325.56,153.44,92.07,29.77,1713.86,4122.48,3969.04,3906.74,22.0,859.48,3047.26,41.38,55.98,53.9,53.05,79.25,35.23,11.2,2454.74,882.85,1015.75,High Margin (>=20%)
TXN-1669,2024-07-25,Services,Annual IT Maintenance Plan,Los Angeles,West,SMB,Direct Invoice,Diana Prince,2,1925.07,601.36,3850.14,1202.72,320.82,15.34,189.34,1728.22,1293.11,34.02,2024,7,Jul,2024-07,2024Q3,Thursday,2598.78,305.43,189.34,48.64,3801.5,18.0,684.27,67.41,69.83,27.22,830.93,1767.85,1700.44,1657.83,22.0,364.72,1293.11,34.02,46.5,44.73,43.61,68.36,44.89,8.33,1900.75,864.11,646.55,High Margin (>=20%)
TXN-1590,2024-07-26,Hardware,NAS Storage Enclosure,Los Angeles,West,Enterprise,Credit Card,Evan Wright,22,791.0,462.64,17402.0,10178.08,1637.35,231.51,654.44,12701.38,1882.71,11.04,2024,7,Jul,2024-07,2024Q3,Friday,6869.47,1350.31,654.44,354.45,17047.55,18.0,3068.56,411.15,295.94,124.96,3873.61,2995.86,2584.71,2413.73,22.0,531.02,1882.71,11.04,17.57,15.16,14.16,40.3,72.99,9.41,774.89,577.34,85.58,Moderate Margin (5-20%)
TXN-2091,2024-07-26,Services,Annual IT Maintenance Plan,Houston,South,SMB,Credit Card,Diana Prince,4,1912.1,609.93,7648.4,2439.72,836.27,45.04,234.38,3555.41,2222.64,29.72,2024,7,Jul,2024-07,2024Q3,Friday,5038.77,895.91,234.38,169.91,7478.49,18.0,1346.13,121.19,104.72,48.28,2011.6,3027.17,2905.98,2849.54,22.0,626.9,2222.64,29.72,40.48,38.86,38.1,67.38,46.49,10.93,1869.62,888.85,555.66,High Margin (>=20%)
TXN-1926,2024-07-26,Hardware,NAS Storage Enclosure,Phoenix,West,SMB,Direct Invoice,Fiona Gallagher,6,724.54,479.46,4347.24,2876.76,462.24,67.04,151.57,3557.61,190.59,4.49,2024,7,Jul,2024-07,2024Q3,Friday,1368.94,309.19,151.57,101.54,4245.7,18.0,764.23,97.89,62.15,25.48,990.04,378.9,281.01,244.34,22.0,53.75,190.59,4.49,8.92,6.62,5.75,32.24,81.84,10.63,707.62,592.94,31.76,Low Margin (0-5%)
TXN-1494,2024-07-27,Office Supplies,Ergonomic Executive Desk,Houston,South,Enterprise,Wire Transfer,Alice Smith,19,889.29,462.36,16896.51,8784.84,1308.1,213.03,506.9,10812.87,3018.26,18.1,2024,7,Jul,2024-07,2024Q3,Saturday,7893.24,1341.69,506.9,218.43,16678.08,18.0,3002.05,364.06,325.91,36.01,3369.72,4523.52,4159.46,3869.56,22.0,851.3,3018.26,18.1,27.12,24.94,23.2,47.33,63.99,7.74,877.79,569.1,158.86,Moderate Margin (5-20%)
TXN-1695,2024-07-29,Software,Enterprise ERP License,Miami,East,Enterprise,PayPal,Charlie Davis,15,2665.94,492.6,39989.1,7389.0,3713.58,77.76,1199.67,12380.01,17703.36,45.22,2024,7,Jul,2024-07,2024Q3,Monday,31756.26,3028.85,1199.67,843.84,39145.26,18.0,7046.15,675.23,558.37,193.81,8019.86,23736.4,23061.17,22696.61,22.0,4993.25,17703.36,45.22,60.64,58.91,57.98,81.12,30.96,9.29,2609.68,825.33,1180.22,High Margin (>=20%)
TXN-1214,2024-08-01,Electronics,Ultra-Wide Monitor 34,Seattle,West,SMB,PayPal,Evan Wright,4,686.67,388.01,2746.68,1552.04,364.09,25.29,122.92,2064.34,264.22,9.73,2024,8,Aug,2024-08,2024Q3,Thursday,1164.04,223.07,122.92,30.6,2716.08,18.0,488.89,61.55,44.33,15.96,735.37,428.67,367.12,338.75,22.0,74.53,264.22,9.73,15.78,13.52,12.47,42.86,75.16,13.26,679.02,516.08,66.06,Moderate Margin (5-20%)
TXN-1456,2024-08-02,Software,Enterprise ERP License,Los Angeles,West,Enterprise,Wire Transfer,Charlie Davis,15,2500.78,520.5,37511.7,7807.5,4403.16,162.31,1616.94,13989.91,13995.91,38.41,2024,8,Aug,2024-08,2024Q3,Friday,28626.15,3549.78,1616.94,1078.05,36433.65,18.0,6558.06,752.47,381.19,183.18,9732.19,18893.96,18141.49,17943.48,22.0,3947.57,13995.91,38.41,51.86,49.79,49.25,78.57,37.29,11.74,2428.91,932.66,933.06,High Margin (>=20%)
TXN-1808,2024-08-02,Services,Cybersecurity Audit,Miami,East,Enterprise,Direct Invoice,Alice Smith,23,2128.35,782.41,48952.05,17995.43,3508.95,181.51,1468.56,23154.45,13693.06,28.71,2024,8,Aug,2024-08,2024Q3,Friday,29706.67,5692.07,1468.56,1249.95,47702.1,18.0,8586.38,1100.62,559.3,359.55,10851.09,18855.58,17754.96,17555.21,22.0,3862.15,13693.06,28.71,39.53,37.22,36.8,62.28,47.3,7.17,2074.0,1006.72,595.35,High Margin (>=20%)
TXN-2100,2024-08-03,Services,Annual IT Maintenance Plan,San Francisco,West,SMB,Wire Transfer,Diana Prince,5,1670.99,584.46,8354.95,2922.3,958.53,29.26,252.87,4162.96,2349.0,28.59,2024,8,Aug,2024-08,2024Q3,Saturday,5292.48,731.11,252.87,140.17,8214.78,18.0,1478.66,186.94,165.66,43.43,1971.77,3320.71,3133.77,3011.54,22.0,662.54,2349.0,28.59,40.42,38.15,36.66,64.43,49.83,11.47,1642.96,832.59,469.8,High Margin (>=20%)
TXN-1996,2024-08-04,Electronics,Smart Display 10,Boston,East,Enterprise,Wire Transfer,Evan Wright,26,352.52,194.48,9165.52,5056.48,875.43,255.9,426.24,6614.05,1073.89,11.94,2024,8,Aug,2024-08,2024Q3,Sunday,3935.43,683.56,426.24,173.61,8991.91,18.0,1618.54,228.79,150.79,62.06,2241.13,1694.3,1465.51,1376.78,22.0,302.89,1073.89,11.94,18.84,16.3,15.31,43.77,72.16,9.55,345.84,254.39,41.3,Moderate Margin (5-20%)
TXN-1124,2024-08-04,Software,Enterprise ERP License,San Francisco,West,SMB,Direct Invoice,Charlie Davis,2,2437.06,501.61,4874.12,1003.22,341.48,12.65,147.63,1504.98,2198.15,45.76,2024,8,Aug,2024-08,2024Q3,Sunday,3800.79,368.01,147.63,70.11,4804.01,18.0,864.72,90.6,57.79,35.51,869.77,2931.02,2840.42,2818.14,22.0,619.99,2198.15,45.76,61.01,59.13,58.66,79.12,30.88,7.01,2402.0,752.49,1099.08,High Margin (>=20%)
TXN-1965,2024-08-05,Software,Cloud Storage Annual,Chicago,Midwest,Enterprise,PayPal,Alice Smith,11,376.4,82.55,4140.4,908.05,578.38,91.25,149.88,1727.56,1451.48,35.75,2024,8,Aug,2024-08,2024Q3,Monday,3151.92,349.59,149.88,80.43,4059.97,18.0,730.79,100.99,50.97,30.01,1169.1,1982.82,1881.83,1860.87,22.0,409.39,1451.48,35.75,48.84,46.35,45.83,77.63,41.72,13.97,369.09,157.05,131.95,High Margin (>=20%)
TXN-1095,2024-08-05,Electronics,Laptop Pro 15,Seattle,West,Consumer,Wire Transfer,Evan Wright,5,1224.92,728.72,6124.6,3643.6,621.41,54.86,226.78,4546.65,448.28,7.51,2024,8,Aug,2024-08,2024Q3,Monday,2321.69,664.82,226.78,159.31,5965.29,18.0,1073.75,123.18,82.38,26.46,1567.87,753.82,630.64,574.72,22.0,126.44,448.28,7.51,12.64,10.57,9.63,38.92,74.24,10.15,1193.06,909.33,89.66,Moderate Margin (5-20%)
TXN-1815,2024-08-05,Office Supplies,Standing Desk Converter,Chicago,Midwest,Consumer,Credit Card,Evan Wright,6,295.96,134.57,1775.76,807.42,155.95,82.59,55.42,1101.38,302.99,17.42,2024,8,Aug,2024-08,2024Q3,Monday,931.67,201.54,55.42,36.67,1739.09,18.0,313.04,30.71,25.05,8.04,495.5,436.17,405.46,388.45,22.0,85.46,302.99,17.42,25.08,23.31,22.34,53.57,62.02,8.78,289.85,183.56,50.5,Moderate Margin (5-20%)
TXN-1127,2024-08-07,Software,Cloud Storage Annual,Austin,South,Enterprise,Credit Card,Alice Smith,29,423.73,82.26,12288.17,2385.54,1294.7,359.15,565.73,4605.12,4579.23,37.78,2024,8,Aug,2024-08,2024Q3,Wednesday,9734.99,1362.77,565.73,167.64,12120.53,18.0,2181.7,210.21,130.48,58.86,3582.35,6152.64,5942.43,5870.81,22.0,1291.58,4579.23,37.78,50.76,49.03,48.44,80.32,37.48,10.54,417.95,158.8,157.9,High Margin (>=20%)
TXN-1492,2024-08-07,Services,Annual IT Maintenance Plan,Seattle,West,Enterprise,Direct Invoice,Alice Smith,18,1744.07,615.55,31393.26,11079.9,3440.07,103.93,1094.89,15718.79,8472.23,27.54,2024,8,Aug,2024-08,2024Q3,Wednesday,19683.88,3170.93,1094.89,629.48,30763.78,18.0,5537.48,688.65,421.08,97.5,7809.82,11874.06,11185.41,10861.83,22.0,2389.6,8472.23,27.54,38.6,36.36,35.31,63.98,50.07,10.96,1709.1,873.27,470.68,High Margin (>=20%)
TXN-2129,2024-08-07,Services,Annual IT Maintenance Plan,Austin,South,Enterprise,Credit Card,Alice Smith,8,1704.5,613.67,13636.0,4909.36,1018.6,80.92,409.08,6417.96,4058.32,30.45,2024,8,Aug,2024-08,2024Q3,Wednesday,8416.72,1208.62,409.08,309.92,13326.08,18.0,2398.69,336.5,237.58,77.55,2717.22,5699.5,5363.0,5202.97,22.0,1144.65,4058.32,30.45,42.77,40.24,39.04,63.16,47.07,7.47,1665.76,802.24,507.29,High Margin (>=20%)
TXN-1183,2024-08-07,Electronics,Wireless Noise-Canceling Headset,Los Angeles,West,Consumer,Direct Invoice,Charlie Davis,5,247.61,121.38,1238.05,606.9,82.55,69.12,72.74,831.31,153.31,12.76,2024,8,Aug,2024-08,2024Q3,Wednesday,594.77,143.9,72.74,36.38,1201.67,18.0,216.3,24.8,12.51,7.4,368.31,226.46,201.66,196.55,22.0,43.24,153.31,12.76,18.85,16.78,16.36,49.5,67.15,6.67,240.33,166.26,30.66,Moderate Margin (5-20%)
TXN-1687,2024-08-08,Software,Security Firewall Pro,Chicago,Midwest,Enterprise,Credit Card,Diana Prince,10,789.35,219.06,7893.5,2190.6,820.69,138.78,236.8,3386.87,2633.39,33.7,2024,8,Aug,2024-08,2024Q3,Thursday,5622.49,778.15,236.8,80.41,7813.09,18.0,1406.36,150.62,147.76,26.45,1974.42,3648.07,3497.45,3376.14,22.0,742.75,2633.39,33.7,46.69,44.76,43.21,71.96,42.91,10.4,781.31,338.69,263.34,High Margin (>=20%)
TXN-2007,2024-08-08,Software,Data Analytics Suite,Austin,South,Enterprise,PayPal,Evan Wright,14,1380.94,299.86,19333.16,4198.04,1315.01,175.61,579.99,6268.65,7804.64,41.01,2024,8,Aug,2024-08,2024Q3,Thursday,14833.51,2022.52,579.99,301.61,19031.55,18.0,3425.68,455.88,356.91,78.36,4093.13,10740.38,10284.5,10005.95,22.0,2201.31,7804.64,41.01,56.43,54.04,52.58,77.94,32.42,6.8,1359.4,447.76,557.47,High Margin (>=20%)
TXN-1746,2024-08-08,Hardware,NAS Storage Enclosure,New York,East,SMB,Wire Transfer,Bob Jones,4,787.86,473.12,3151.44,1892.48,261.75,30.28,139.7,2324.21,239.44,7.76,2024,8,Aug,2024-08,2024Q3,Thursday,1194.84,362.35,139.7,64.12,3087.32,18.0,555.72,58.88,42.64,7.73,794.08,400.76,341.88,306.97,22.0,67.53,239.44,7.76,12.98,11.07,9.94,38.7,73.75,8.31,771.83,581.05,59.86,Moderate Margin (5-20%)
TXN-1766,2024-08-09,Hardware,Gigabit Switch 24-Port,Houston,South,SMB,PayPal,Evan Wright,2,466.72,249.28,933.44,498.56,105.9,27.92,31.56,663.94,97.58,10.69,2024,8,Aug,2024-08,2024Q3,Friday,414.57,91.94,31.56,20.31,913.13,18.0,164.36,18.59,15.56,2.0,257.32,157.25,138.66,125.1,22.0,27.52,97.58,10.69,17.22,15.19,13.7,45.4,71.13,11.35,456.56,331.97,48.79,Moderate Margin (5-20%)
TXN-1529,2024-08-09,Electronics,Ultra-Wide Monitor 34,Phoenix,West,Enterprise,Wire Transfer,Fiona Gallagher,16,629.04,386.55,10064.64,6184.8,868.59,124.5,301.94,7479.83,995.9,10.16,2024,8,Aug,2024-08,2024Q3,Friday,3615.35,732.89,301.94,264.49,9800.15,18.0,1764.03,226.88,130.42,46.67,2027.92,1587.43,1360.55,1276.8,22.0,280.9,995.9,10.16,16.2,13.88,13.03,36.89,74.32,8.63,612.51,467.49,62.24,Moderate Margin (5-20%)
TXN-1161,2024-08-09,Electronics,Ultra-Wide Monitor 34,San Francisco,West,SMB,Credit Card,Evan Wright,6,645.9,393.0,3875.4,2358.0,458.38,76.59,160.97,3053.94,200.9,5.33,2024,8,Aug,2024-08,2024Q3,Friday,1407.93,342.54,160.97,109.47,3765.93,18.0,677.87,88.92,43.4,20.44,1038.48,369.45,280.53,257.57,22.0,56.67,200.9,5.33,9.81,7.45,6.84,37.39,78.8,11.83,627.66,508.99,33.48,Moderate Margin (5-20%)
TXN-1113,2024-08-10,Electronics,Smart Display 10,Los Angeles,West,Government,Direct Invoice,Fiona Gallagher,29,341.01,206.3,9889.29,5982.7,656.74,404.5,377.03,7420.97,623.42,6.44,2024,8,Aug,2024-08,2024Q3,Saturday,3699.39,1151.95,377.03,207.2,9682.09,18.0,1742.78,192.67,168.74,51.5,2590.22,1109.17,916.5,799.26,22.0,175.84,623.42,6.44,11.46,9.47,8.26,38.21,75.04,6.64,333.87,255.9,21.5,Moderate Margin (5-20%)
TXN-1767,2024-08-11,Hardware,Gigabit Switch 24-Port,Chicago,Midwest,SMB,Credit Card,Bob Jones,5,469.03,259.81,2345.15,1299.05,204.31,32.35,109.23,1644.94,270.5,11.69,2024,8,Aug,2024-08,2024Q3,Sunday,1014.0,253.56,109.23,32.1,2313.05,18.0,416.35,56.92,25.33,14.49,599.45,414.55,357.63,346.79,22.0,76.29,270.5,11.69,17.92,15.46,14.99,43.84,70.14,8.71,462.61,328.99,54.1,Moderate Margin (5-20%)
TXN-1879,2024-08-12,Software,Cloud Storage Annual,San Francisco,West,Enterprise,Direct Invoice,Fiona Gallagher,26,407.19,81.73,10586.94,2124.98,988.18,326.9,317.61,3757.67,4261.12,41.48,2024,8,Aug,2024-08,2024Q3,Monday,8147.53,755.43,317.61,314.43,10272.51,18.0,1849.05,194.13,168.73,66.42,2388.12,5759.41,5565.28,5462.97,22.0,1201.85,4261.12,41.48,56.07,54.18,53.18,79.31,35.49,9.33,395.1,144.53,163.89,High Margin (>=20%)
TXN-1454,2024-08-13,Electronics,Smart Display 10,Chicago,Midwest,SMB,PayPal,Evan Wright,2,363.57,194.57,727.14,389.14,47.03,16.0,36.23,488.4,89.93,12.58,2024,8,Aug,2024-08,2024Q3,Tuesday,325.49,83.85,36.23,12.51,714.63,18.0,128.63,17.58,11.32,1.82,183.11,142.38,124.8,115.3,22.0,25.37,89.93,12.58,19.92,17.46,16.13,45.55,67.17,6.47,357.32,244.2,44.96,Moderate Margin (5-20%)
TXN-1755,2024-08-13,Software,Enterprise ERP License,Chicago,Midwest,SMB,PayPal,Bob Jones,2,2652.17,496.69,5304.34,993.38,493.13,10.71,201.35,1698.57,2254.96,43.82,2024,8,Aug,2024-08,2024Q3,Tuesday,4152.01,408.24,201.35,158.95,5145.39,18.0,926.17,103.04,81.75,37.18,1113.43,3038.58,2935.54,2890.97,22.0,636.01,2254.96,43.82,59.05,57.05,56.19,80.69,32.02,9.3,2572.7,849.28,1127.48,High Margin (>=20%)
TXN-1230,2024-08-14,Hardware,Rack Server Blade X,Phoenix,West,Consumer,Wire Transfer,Evan Wright,5,3156.89,2146.13,15784.45,10730.65,1415.75,68.49,662.09,12876.98,331.46,2.16,2024,8,Aug,2024-08,2024Q3,Wednesday,4621.96,1603.02,662.09,431.84,15352.61,18.0,2763.47,297.95,192.77,43.06,3749.35,872.61,574.66,424.95,22.0,93.49,331.46,2.16,5.68,3.74,2.77,30.11,81.58,8.97,3070.52,2575.4,66.29,Low Margin (0-5%)
TXN-1866,2024-08-14,Hardware,Gigabit Switch 24-Port,New York,East,Consumer,PayPal,Diana Prince,4,454.88,272.52,1819.52,1090.08,239.91,58.11,82.95,1471.05,63.65,3.59,2024,8,Aug,2024-08,2024Q3,Wednesday,682.63,178.28,82.95,46.81,1772.71,18.0,319.09,28.55,25.4,12.17,559.25,123.38,94.83,81.6,22.0,17.95,63.65,3.59,6.96,5.35,4.6,38.51,80.85,13.19,443.18,367.76,15.91,Low Margin (0-5%)
TXN-2038,2024-08-16,Hardware,NAS Storage Enclosure,Boston,East,SMB,Wire Transfer,Evan Wright,1,739.66,460.92,739.66,460.92,88.01,9.5,50.05,608.48,14.0,1.92,2024,8,Aug,2024-08,2024Q3,Friday,268.6,78.58,50.05,10.14,729.52,18.0,131.31,15.51,12.3,3.3,226.14,42.46,26.95,17.95,22.0,3.95,14.0,1.92,5.82,3.69,2.46,36.82,82.26,11.9,729.52,608.48,14.0,Low Margin (0-5%)
TXN-1910,2024-08-17,Office Supplies,High-Speed Paper Shredder,Austin,South,Government,Direct Invoice,Fiona Gallagher,36,172.96,91.02,6226.56,3276.72,844.34,197.38,186.8,4505.24,612.81,10.14,2024,8,Aug,2024-08,2024Q3,Saturday,2765.1,554.07,186.8,184.74,6041.82,18.0,1087.53,122.3,120.89,46.34,1782.59,982.51,860.21,785.66,22.0,172.85,612.81,10.14,16.26,14.24,13.0,45.77,72.36,13.56,167.83,125.15,17.02,Moderate Margin (5-20%)
TXN-1155,2024-08-19,Services,Cybersecurity Audit,Phoenix,West,SMB,PayPal,Fiona Gallagher,1,2240.1,765.33,2240.1,765.33,227.31,6.5,111.35,1110.49,596.72,27.17,2024,8,Aug,2024-08,2024Q3,Monday,1430.57,267.2,111.35,44.2,2195.9,18.0,395.26,35.22,28.49,10.53,612.36,818.21,782.99,765.03,22.0,168.31,596.72,27.17,37.26,35.66,34.84,65.15,49.57,10.15,2195.9,1110.49,596.72,High Margin (>=20%)
TXN-1341,2024-08-20,Electronics,Wireless Noise-Canceling Headset,Seattle,West,SMB,PayPal,Evan Wright,7,249.88,125.0,1749.16,875.0,213.58,44.14,81.29,1214.01,213.39,12.5,2024,8,Aug,2024-08,2024Q3,Tuesday,831.86,165.44,81.29,42.3,1706.86,18.0,307.23,32.63,30.74,9.54,504.45,327.41,294.78,273.58,22.0,60.19,213.39,12.5,19.18,17.27,16.03,48.74,69.41,12.21,243.84,173.43,30.48,Moderate Margin (5-20%)
TXN-1810,2024-08-20,Hardware,Rack Server Blade X,Chicago,Midwest,Consumer,Wire Transfer,Diana Prince,2,3206.16,2110.26,6412.32,4220.52,660.89,21.3,328.24,5230.95,284.72,4.53,2024,8,Aug,2024-08,2024Q3,Tuesday,2065.15,485.17,328.24,126.65,6285.67,18.0,1131.42,135.34,99.69,30.5,1495.6,569.55,434.21,365.02,22.0,80.3,284.72,4.53,9.06,6.91,5.81,32.85,81.58,10.31,3142.84,2615.48,142.36,Low Margin (0-5%)
TXN-2001,2024-08-20,Hardware,Gigabit Switch 24-Port,Miami,East,SMB,Wire Transfer,Fiona Gallagher,5,436.2,270.0,2181.0,1350.0,248.85,42.05,104.98,1745.88,113.72,5.37,2024,8,Aug,2024-08,2024Q3,Tuesday,766.58,172.86,104.98,64.42,2116.58,18.0,380.98,34.18,26.14,8.28,568.74,197.84,163.66,145.8,22.0,32.08,113.72,5.37,9.35,7.73,6.89,36.22,80.05,11.41,423.32,349.18,22.74,Moderate Margin (5-20%)
TXN-2145,2024-08-21,Hardware,NAS Storage Enclosure,Chicago,Midwest,SMB,Wire Transfer,Charlie Davis,2,785.52,494.61,1571.04,989.22,161.76,28.16,56.11,1235.25,89.9,5.89,2024,8,Aug,2024-08,2024Q3,Wednesday,536.52,130.95,56.11,45.3,1525.74,18.0,274.63,37.15,19.37,12.24,376.98,159.54,122.39,115.26,22.0,25.36,89.9,5.89,10.46,8.02,7.55,35.16,78.63,10.3,762.87,617.62,44.95,Moderate Margin (5-20%)
TXN-1699,2024-08-23,Software,Cloud Storage Annual,Austin,South,SMB,Credit Card,Bob Jones,2,383.99,78.69,767.98,157.38,82.28,19.09,44.51,303.26,291.31,38.59,2024,8,Aug,2024-08,2024Q3,Friday,597.46,59.69,44.51,13.14,754.84,18.0,135.87,11.58,11.0,4.16,205.57,391.89,380.31,373.47,22.0,82.16,291.31,38.59,51.92,50.38,49.48,79.15,39.49,10.71,377.42,151.63,145.66,High Margin (>=20%)
TXN-1313,2024-08-24,Software,Security Firewall Pro,Austin,South,SMB,Wire Transfer,Fiona Gallagher,1,888.85,214.56,888.85,214.56,120.09,13.94,51.68,400.27,295.59,34.25,2024,8,Aug,2024-08,2024Q3,Saturday,648.42,63.35,51.68,25.87,862.98,18.0,155.34,16.43,8.95,4.98,249.06,399.36,382.93,378.96,22.0,83.37,295.59,34.25,46.28,44.37,43.91,75.14,45.03,13.51,862.98,400.27,295.59,High Margin (>=20%)
TXN-1639,2024-08-24,Office Supplies,Ergonomic Executive Desk,Houston,South,Enterprise,PayPal,Diana Prince,24,870.98,451.51,20903.52,10836.24,2832.91,215.11,843.93,14728.19,2492.72,12.28,2024,8,Aug,2024-08,2024Q3,Saturday,9470.24,1744.65,843.93,597.04,20306.48,18.0,3655.17,327.66,355.8,45.61,5636.6,3833.64,3505.98,3195.79,22.0,703.07,2492.72,12.28,18.88,17.27,15.74,46.64,70.46,13.55,846.1,613.67,103.86,Moderate Margin (5-20%)
TXN-1291,2024-08-24,Office Supplies,Mesh Office Chair,Seattle,West,SMB,PayPal,Alice Smith,2,330.04,158.12,660.08,316.24,83.0,23.19,42.44,464.87,89.5,13.76,2024,8,Aug,2024-08,2024Q3,Saturday,334.1,47.21,42.44,9.74,650.34,18.0,117.06,13.41,11.57,1.46,195.84,138.26,124.85,114.74,22.0,25.24,89.5,13.76,21.26,19.2,17.64,51.37,70.43,12.57,325.17,232.44,44.75,Moderate Margin (5-20%)
TXN-1317,2024-08-25,Software,Enterprise ERP License,Houston,South,Consumer,Direct Invoice,Alice Smith,3,2546.05,520.53,7638.15,1561.59,769.84,30.04,229.14,2590.61,3058.84,40.99,2024,8,Aug,2024-08,2024Q3,Sunday,5901.27,690.85,229.14,175.29,7462.86,18.0,1343.31,163.95,132.02,36.16,1719.87,4181.4,4017.45,3921.59,22.0,862.75,3058.84,40.99,56.03,53.83,52.55,79.08,33.92,10.08,2487.62,863.54,1019.61,High Margin (>=20%)
TXN-2107,2024-08-27,Electronics,Laptop Pro 15,Miami,East,SMB,Wire Transfer,Bob Jones,1,1213.38,735.45,1213.38,735.45,93.94,8.27,57.76,895.42,116.02,9.68,2024,8,Aug,2024-08,2024Q3,Tuesday,463.68,108.98,57.76,14.25,1199.13,18.0,215.84,30.01,21.66,5.68,268.95,194.73,164.72,148.74,22.0,32.72,116.02,9.68,16.24,13.74,12.4,38.67,73.8,7.74,1199.13,895.42,116.02,Moderate Margin (5-20%)
TXN-1554,2024-08-27,Software,Security Firewall Pro,San Francisco,West,SMB,Credit Card,Evan Wright,7,810.43,227.67,5673.01,1593.69,751.57,72.91,227.61,2645.78,1738.1,31.1,2024,8,Aug,2024-08,2024Q3,Tuesday,3995.22,556.22,227.61,84.1,5588.91,18.0,1006.0,111.29,76.96,29.67,1608.31,2386.91,2275.62,2228.33,22.0,490.23,1738.1,31.1,42.71,40.72,39.87,71.48,46.64,13.25,798.42,377.97,248.3,High Margin (>=20%)
TXN-1276,2024-08-29,Office Supplies,Ergonomic Executive Desk,Chicago,Midwest,SMB,Direct Invoice,Evan Wright,1,824.13,438.75,824.13,438.75,83.4,10.36,41.21,573.72,101.87,12.66,2024,8,Aug,2024-08,2024Q3,Thursday,366.14,78.35,41.21,19.24,804.89,18.0,144.88,14.73,11.7,4.21,213.32,152.82,138.09,130.6,22.0,28.73,101.87,12.66,18.99,17.16,16.23,45.49,69.62,10.12,804.89,573.72,101.87,Moderate Margin (5-20%)
TXN-1955,2024-08-30,Services,Cloud Migration Consulting,Seattle,West,Government,Wire Transfer,Diana Prince,19,3298.68,1186.73,62674.92,22547.87,5824.03,125.16,2880.78,31377.84,18205.37,29.4,2024,8,Aug,2024-08,2024Q3,Friday,39374.15,5699.56,2880.78,752.9,61922.02,18.0,11145.96,1057.9,914.13,467.63,14529.53,24844.62,23786.72,23340.22,22.0,5134.85,18205.37,29.4,40.12,38.41,37.69,63.59,50.06,9.29,3259.05,1651.47,958.18,High Margin (>=20%)
TXN-1850,2024-09-01,Software,Security Firewall Pro,Austin,South,SMB,PayPal,Evan Wright,1,908.86,216.59,908.86,216.59,62.27,9.92,51.05,339.83,341.37,38.0,2024,9,Sep,2024-09,2024Q3,Sunday,681.7,90.68,51.05,10.57,898.29,18.0,161.69,19.37,15.73,4.98,213.92,467.78,448.41,437.66,22.0,96.29,341.37,38.0,52.07,49.92,48.72,75.89,37.39,6.85,898.29,339.83,341.37,High Margin (>=20%)
TXN-2194,2024-09-01,Services,Cloud Migration Consulting,Chicago,Midwest,Government,Wire Transfer,Evan Wright,25,3623.62,1215.75,90590.5,30393.75,6157.7,356.35,3242.39,40150.19,29262.04,32.72,2024,9,Sep,2024-09,2024Q3,Sunday,59032.49,9153.79,3242.39,1164.26,89426.24,18.0,16096.72,1883.66,1175.55,452.39,18910.23,40122.26,38238.6,37515.44,22.0,8253.4,29262.04,32.72,44.87,42.76,41.95,66.01,44.32,6.8,3577.05,1606.01,1170.48,High Margin (>=20%)
TXN-1441,2024-09-02,Services,Cloud Migration Consulting,Seattle,West,Government,Wire Transfer,Fiona Gallagher,26,3569.17,1147.57,92798.42,29836.82,7977.76,304.92,2783.95,40903.45,31448.15,34.61,2024,9,Sep,2024-09,2024Q3,Monday,61031.47,6889.53,2783.95,1930.13,90868.29,18.0,16356.29,1756.17,1731.71,730.71,17956.16,43075.31,41319.14,40318.14,22.0,8869.99,31448.15,34.61,47.4,45.47,44.37,67.16,44.08,8.6,3494.93,1573.21,1209.54,High Margin (>=20%)
TXN-2098,2024-09-02,Electronics,Ultra-Wide Monitor 34,Houston,South,Enterprise,Credit Card,Diana Prince,16,664.86,382.47,10637.76,6119.52,1253.53,147.14,319.13,7839.32,1145.74,10.89,2024,9,Sep,2024-09,2024Q3,Monday,4404.05,843.81,319.13,114.19,10523.57,18.0,1894.24,253.83,160.39,42.68,2563.61,1840.44,1586.61,1468.9,22.0,323.16,1145.74,10.89,17.49,15.08,13.96,41.85,73.69,11.78,657.72,489.96,71.61,Moderate Margin (5-20%)
TXN-1930,2024-09-04,Electronics,Smart Display 10,Phoenix,West,SMB,Credit Card,Charlie Davis,5,326.12,194.45,1630.6,972.25,195.48,46.86,86.43,1301.02,95.01,5.94,2024,9,Sep,2024-09,2024Q3,Wednesday,628.1,135.17,86.43,30.25,1600.35,18.0,288.06,35.4,19.25,12.3,463.94,164.16,128.76,121.81,22.0,26.8,95.01,5.94,10.26,8.05,7.61,39.25,79.79,11.99,320.07,260.2,19.0,Moderate Margin (5-20%)
TXN-1270,2024-09-04,Hardware,Rack Server Blade X,San Francisco,West,SMB,Wire Transfer,Diana Prince,5,2990.79,2036.85,14953.95,10184.25,1946.97,61.94,448.62,12641.78,204.2,1.4,2024,9,Sep,2024-09,2024Q3,Wednesday,4386.17,1266.29,448.62,383.53,14570.42,18.0,2622.68,271.51,160.02,30.98,3723.82,662.35,390.84,261.8,22.0,57.6,204.2,1.4,4.55,2.68,1.8,30.1,84.54,13.02,2914.08,2528.36,40.84,Low Margin (0-5%)
TXN-2008,2024-09-04,Office Supplies,Standing Desk Converter,Miami,East,Government,Wire Transfer,Alice Smith,38,298.7,142.52,11350.6,5415.76,1417.48,231.41,340.52,7405.17,1585.24,14.36,2024,9,Sep,2024-09,2024Q3,Wednesday,5626.48,1276.49,340.52,308.36,11042.24,18.0,1987.6,283.5,134.26,89.54,3265.9,2360.58,2077.08,2032.36,22.0,447.12,1585.24,14.36,21.38,18.81,18.41,50.95,65.24,12.49,290.59,194.87,41.72,Moderate Margin (5-20%)
TXN-1089,2024-09-06,Services,Cybersecurity Audit,San Francisco,West,Enterprise,Direct Invoice,Bob Jones,27,2303.96,819.61,62206.92,22129.47,4005.54,257.89,2177.58,28570.48,18743.67,30.46,2024,9,Sep,2024-09,2024Q3,Friday,39414.07,7114.02,2177.58,663.38,61543.54,18.0,11077.84,1299.34,663.23,133.87,13555.03,25859.04,24559.7,24030.34,22.0,5286.67,18743.67,30.46,42.02,39.91,39.05,64.04,45.93,6.44,2279.39,1058.17,694.21,High Margin (>=20%)
TXN-1473,2024-09-08,Office Supplies,Standing Desk Converter,Phoenix,West,SMB,Wire Transfer,Bob Jones,6,301.79,136.9,1810.74,821.4,165.92,71.23,95.54,1154.09,320.67,18.21,2024,9,Sep,2024-09,2024Q3,Sunday,939.8,130.66,95.54,49.54,1761.2,18.0,317.02,43.32,28.87,6.86,463.35,476.45,433.13,411.12,22.0,90.45,320.67,18.21,27.05,24.59,23.34,53.36,63.74,9.16,293.53,192.35,53.44,Moderate Margin (5-20%)
TXN-1999,2024-09-09,Electronics,Wireless Noise-Canceling Headset,Seattle,West,Enterprise,Credit Card,Alice Smith,11,261.34,120.9,2874.74,1329.9,198.97,100.96,88.37,1718.2,538.39,19.13,2024,9,Sep,2024-09,2024Q3,Monday,1484.66,337.82,88.37,60.18,2814.56,18.0,506.62,50.28,40.4,22.38,726.12,758.54,708.26,690.24,22.0,151.85,538.39,19.13,26.95,25.16,24.52,52.75,59.77,6.92,255.87,156.2,48.94,Moderate Margin (5-20%)
TXN-1890,2024-09-09,Services,Cybersecurity Audit,New York,East,Enterprise,Direct Invoice,Bob Jones,17,2367.72,816.02,40251.24,13872.34,4032.54,113.27,1615.01,19633.16,12108.46,30.62,2024,9,Sep,2024-09,2024Q3,Monday,25670.14,3306.99,1615.01,708.76,39542.48,18.0,7117.65,685.67,629.49,236.5,9067.81,16602.33,15916.66,15523.67,22.0,3415.21,12108.46,30.62,41.99,40.25,39.26,64.92,48.78,10.02,2326.03,1154.89,712.26,High Margin (>=20%)
TXN-1832,2024-09-10,Software,Security Firewall Pro,Houston,South,Enterprise,Wire Transfer,Bob Jones,14,894.46,211.16,12522.44,2956.24,1456.55,117.31,389.52,4919.62,4514.11,36.83,2024,9,Sep,2024-09,2024Q3,Tuesday,9299.39,1159.85,389.52,266.81,12255.63,18.0,2206.01,263.94,193.71,68.81,3123.23,6176.16,5912.22,5787.32,22.0,1273.21,4514.11,36.83,50.39,48.24,47.22,75.88,39.29,11.63,875.4,351.4,322.44,High Margin (>=20%)
TXN-1748,2024-09-11,Software,Cloud Storage Annual,Miami,East,Government,Wire Transfer,Charlie Davis,30,379.06,78.76,11371.8,2362.8,738.3,230.99,501.35,3833.44,4593.4,40.92,2024,9,Sep,2024-09,2024Q3,Wednesday,8861.75,1105.08,501.35,147.25,11224.55,18.0,2020.42,246.37,176.8,26.11,2575.72,6286.03,6039.66,5888.97,22.0,1295.57,4593.4,40.92,56.0,53.81,52.47,78.95,33.71,6.49,374.15,127.78,153.11,High Margin (>=20%)
TXN-1749,2024-09-12,Electronics,Laptop Pro 15,Phoenix,West,Consumer,Credit Card,Alice Smith,5,1207.28,735.73,6036.4,3678.65,432.22,61.84,246.1,4418.81,463.76,7.81,2024,9,Sep,2024-09,2024Q3,Thursday,2257.76,696.14,246.1,99.99,5936.41,18.0,1068.55,138.08,110.22,21.4,1436.3,821.46,683.38,594.56,22.0,130.8,463.76,7.81,13.84,11.51,10.02,38.03,73.2,7.16,1187.28,883.76,92.75,Moderate Margin (5-20%)
TXN-1045,2024-09-12,Services,Cybersecurity Audit,San Francisco,West,SMB,Direct Invoice,Fiona Gallagher,2,2218.16,773.19,4436.32,1546.38,412.14,25.55,180.04,2164.11,1280.64,29.61,2024,9,Sep,2024-09,2024Q3,Thursday,2778.05,367.94,180.04,111.89,4324.43,18.0,778.4,86.08,78.1,13.64,985.67,1792.38,1706.3,1641.84,22.0,361.2,1280.64,29.61,41.45,39.46,37.97,64.24,48.78,9.29,2162.22,1082.06,640.32,High Margin (>=20%)
TXN-1614,2024-09-13,Electronics,Laptop Pro 15,Los Angeles,West,Consumer,Credit Card,Charlie Davis,3,1196.89,749.28,3590.67,2247.84,249.84,39.08,126.23,2662.99,406.93,11.45,2024,9,Sep,2024-09,2024Q3,Friday,1305.42,266.03,126.23,37.41,3553.26,18.0,639.59,66.53,44.3,8.29,681.18,624.24,557.71,521.7,22.0,114.77,406.93,11.45,17.57,15.7,14.68,36.74,74.16,6.96,1184.42,887.66,135.64,Moderate Margin (5-20%)
TXN-1741,2024-09-13,Hardware,Gigabit Switch 24-Port,Chicago,Midwest,SMB,Credit Card,Alice Smith,1,476.58,261.41,476.58,261.41,51.8,14.27,42.99,370.47,32.65,6.93,2024,9,Sep,2024-09,2024Q3,Friday,209.85,44.39,42.99,5.32,471.26,18.0,84.83,8.92,6.88,1.26,153.45,56.4,47.48,41.86,22.0,9.21,32.65,6.93,11.97,10.08,8.88,44.53,77.74,10.87,471.26,370.47,32.65,Moderate Margin (5-20%)
TXN-1101,2024-09-14,Services,Annual IT Maintenance Plan,Phoenix,West,Enterprise,Credit Card,Fiona Gallagher,21,1817.24,576.95,38162.04,12115.95,3439.76,106.91,1649.11,17311.73,12704.47,33.65,2024,9,Sep,2024-09,2024Q3,Saturday,25640.36,2731.31,1649.11,405.73,37756.31,18.0,6796.14,888.23,614.97,77.71,7927.09,17713.27,16825.04,16287.78,22.0,3583.31,12704.47,33.65,46.91,44.56,43.14,67.91,45.36,9.01,1797.92,824.37,604.97,High Margin (>=20%)
TXN-1927,2024-09-14,Hardware,Rack Server Blade X,San Francisco,West,Government,PayPal,Alice Smith,13,3079.96,2115.09,40039.48,27496.17,5266.96,126.78,1873.51,34763.42,-468.51,-1.2,2024,9,Sep,2024-09,2024Q3,Saturday,11634.68,3340.65,1873.51,908.63,39130.85,18.0,7043.55,922.11,700.63,127.45,10607.9,1026.78,104.67,-468.51,22.0,0.0,-468.51,-1.2,2.62,0.27,-1.2,29.73,86.82,13.15,3010.07,2674.11,-36.04,Loss Making (<0%)
TXN-1295,2024-09-14,Office Supplies,Ergonomic Executive Desk,Austin,South,SMB,Wire Transfer,Charlie Davis,4,904.82,469.51,3619.28,1878.04,449.18,46.97,108.58,2482.77,496.62,14.03,2024,9,Sep,2024-09,2024Q3,Saturday,1661.37,276.34,108.58,79.87,3539.41,18.0,637.09,89.16,62.67,8.22,881.07,780.3,691.14,636.69,22.0,140.07,496.62,14.03,22.05,19.53,17.99,46.94,68.6,12.41,884.85,620.69,124.16,Moderate Margin (5-20%)
TXN-1671,2024-09-15,Hardware,NAS Storage Enclosure,New York,East,SMB,PayPal,Evan Wright,2,829.62,468.7,1659.24,937.4,193.97,12.0,56.19,1199.56,180.66,11.18,2024,9,Sep,2024-09,2024Q3,Sunday,678.11,130.53,56.19,43.73,1615.51,18.0,290.79,36.61,27.36,10.16,392.69,285.42,248.81,231.61,22.0,50.95,180.66,11.18,17.67,15.4,14.34,41.97,72.3,11.69,807.76,599.78,90.33,Moderate Margin (5-20%)
TXN-1537,2024-09-16,Hardware,Gigabit Switch 24-Port,Los Angeles,West,SMB,PayPal,Charlie Davis,5,460.77,254.87,2303.85,1274.35,223.01,38.97,81.74,1618.07,233.8,10.34,2024,9,Sep,2024-09,2024Q3,Monday,985.74,259.14,81.74,43.76,2260.09,18.0,406.82,52.54,39.83,9.24,602.86,382.88,330.34,299.75,22.0,65.95,233.8,10.34,16.94,14.62,13.26,43.62,70.23,9.68,452.02,323.61,46.76,Moderate Margin (5-20%)
TXN-1628,2024-09-17,Office Supplies,Standing Desk Converter,Chicago,Midwest,Consumer,Direct Invoice,Bob Jones,1,296.67,134.0,296.67,134.0,38.07,12.82,17.37,202.26,34.05,11.82,2024,9,Sep,2024-09,2024Q3,Tuesday,153.96,31.85,17.37,8.71,287.96,18.0,51.83,6.35,4.87,1.02,100.11,53.85,47.5,43.65,22.0,9.6,34.05,11.82,18.7,16.5,15.16,53.47,68.18,12.83,287.96,202.26,34.05,Moderate Margin (5-20%)
TXN-1976,2024-09-17,Electronics,Smart Display 10,Boston,East,Government,PayPal,Fiona Gallagher,36,336.34,192.4,12108.24,6926.4,1609.44,539.27,363.25,9438.36,746.05,6.33,2024,9,Sep,2024-09,2024Q3,Tuesday,4858.06,1006.35,363.25,323.78,11784.46,18.0,2121.2,275.83,158.93,51.48,3518.31,1339.75,1063.92,956.47,22.0,210.42,746.05,6.33,11.37,9.03,8.12,41.22,77.95,13.29,327.35,262.18,20.72,Moderate Margin (5-20%)
TXN-1923,2024-09-18,Hardware,NAS Storage Enclosure,Houston,South,SMB,Credit Card,Alice Smith,6,719.83,472.07,4318.98,2832.42,322.67,70.81,129.57,3355.47,148.96,3.55,2024,9,Sep,2024-09,2024Q3,Wednesday,1359.83,495.51,129.57,126.73,4192.25,18.0,754.6,97.89,81.66,29.25,1018.56,341.27,243.38,190.97,22.0,42.01,148.96,3.55,8.14,5.81,4.56,32.44,77.69,7.47,698.71,559.24,24.83,Low Margin (0-5%)
TXN-1995,2024-09-18,Software,Enterprise ERP License,Phoenix,West,SMB,Credit Card,Diana Prince,3,2303.1,498.76,6909.3,1496.28,521.13,33.82,346.81,2398.04,2799.13,41.01,2024,9,Sep,2024-09,2024Q3,Wednesday,5328.59,608.35,346.81,84.43,6824.87,18.0,1228.48,165.89,98.63,34.67,1510.11,3818.48,3652.59,3588.63,22.0,789.5,2799.13,41.01,55.95,53.52,52.58,78.08,34.71,7.54,2274.96,799.35,933.04,High Margin (>=20%)
TXN-2113,2024-09-18,Services,Annual IT Maintenance Plan,Austin,South,Consumer,Credit Card,Alice Smith,5,1930.3,619.43,9651.5,3097.15,950.52,58.7,331.99,4438.36,3071.63,32.47,2024,9,Sep,2024-09,2024Q3,Wednesday,6362.57,783.61,331.99,191.78,9459.72,18.0,1702.75,238.91,121.29,60.44,2124.82,4237.75,3998.84,3937.99,22.0,866.36,3071.63,32.47,44.8,42.27,41.63,67.26,45.99,9.85,1891.94,887.67,614.33,High Margin (>=20%)
TXN-1141,2024-09-20,Hardware,Gigabit Switch 24-Port,Chicago,Midwest,Government,Credit Card,Alice Smith,32,452.58,249.51,14482.56,7984.32,1390.76,401.97,454.55,10231.6,1397.02,9.79,2024,9,Sep,2024-09,2024Q3,Friday,6278.78,1710.71,454.55,219.46,14263.1,18.0,2567.36,312.61,275.8,58.67,3957.99,2320.79,2008.18,1791.05,22.0,394.03,1397.02,9.79,16.27,14.08,12.56,44.02,70.65,9.6,445.72,319.74,43.66,Moderate Margin (5-20%)
TXN-1490,2024-09-20,Software,Cloud Storage Annual,Boston,East,Enterprise,Direct Invoice,Alice Smith,19,411.76,82.02,7823.44,1558.38,924.7,260.23,234.7,2978.01,2758.56,36.18,2024,9,Sep,2024-09,2024Q3,Friday,6067.16,895.89,234.7,197.9,7625.54,18.0,1372.6,182.74,81.75,49.47,2315.52,3751.64,3568.9,3536.62,22.0,778.06,2758.56,36.18,49.2,46.8,46.38,79.56,38.07,11.82,401.34,156.74,145.19,High Margin (>=20%)
TXN-1468,2024-09-21,Hardware,Rack Server Blade X,Miami,East,SMB,PayPal,Evan Wright,4,3305.21,2034.38,13220.84,8137.52,1587.13,29.44,396.63,10150.72,542.57,4.22,2024,9,Sep,2024-09,2024Q3,Saturday,4705.05,1499.64,396.63,378.27,12842.57,18.0,2311.66,298.63,261.66,63.68,3512.84,1192.21,893.58,695.6,22.0,153.03,542.57,4.22,9.28,6.96,5.42,36.64,76.78,12.0,3210.64,2537.68,135.64,Low Margin (0-5%)
TXN-2154,2024-09-21,Office Supplies,Standing Desk Converter,Los Angeles,West,Enterprise,Direct Invoice,Fiona Gallagher,7,288.28,135.61,2017.96,949.27,208.76,104.05,88.2,1350.28,267.49,13.63,2024,9,Sep,2024-09,2024Q3,Saturday,1013.25,209.88,88.2,55.44,1962.52,18.0,353.25,40.47,30.45,11.5,610.89,402.36,361.89,342.94,22.0,75.45,267.49,13.63,20.5,18.44,17.47,51.63,66.91,10.35,280.36,192.9,38.21,Moderate Margin (5-20%)
TXN-2186,2024-09-21,Office Supplies,Mesh Office Chair,Houston,South,Government,PayPal,Diana Prince,29,323.96,163.28,9394.84,4735.12,762.63,209.36,375.71,6082.82,1348.82,14.67,2024,9,Sep,2024-09,2024Q3,Saturday,4456.38,1097.89,375.71,203.34,9191.5,18.0,1654.47,171.76,129.35,19.58,2445.59,2010.79,1839.03,1729.26,22.0,380.44,1348.82,14.67,21.88,20.01,18.81,48.48,64.75,8.12,316.95,209.75,46.51,Moderate Margin (5-20%)
TXN-1594,2024-09-21,Hardware,Gigabit Switch 24-Port,Boston,East,Government,Wire Transfer,Fiona Gallagher,15,430.86,248.56,6462.9,3728.4,655.39,93.67,318.34,4795.8,586.25,9.29,2024,9,Sep,2024-09,2024Q3,Saturday,2581.95,564.1,318.34,152.55,6310.35,18.0,1135.86,122.57,111.82,35.54,1631.5,950.45,827.88,751.6,22.0,165.35,586.25,9.29,15.06,13.12,11.91,40.92,74.21,10.14,420.69,319.72,39.08,Moderate Margin (5-20%)
TXN-1716,2024-09-22,Hardware,NAS Storage Enclosure,Los Angeles,West,Government,Credit Card,Diana Prince,21,764.96,480.31,16064.16,10086.51,1687.16,170.81,481.92,12426.4,709.74,4.53,2024,9,Sep,2024-09,2024Q3,Sunday,5585.02,1871.1,481.92,392.63,15671.53,18.0,2820.88,381.92,189.1,106.91,4210.99,1374.03,992.11,909.92,22.0,200.18,709.74,4.53,8.77,6.33,5.81,35.64,77.35,10.5,746.26,591.73,33.8,Low Margin (0-5%)
TXN-1974,2024-09-23,Services,Annual IT Maintenance Plan,Miami,East,Enterprise,Direct Invoice,Evan Wright,11,1824.14,610.28,20065.54,6713.08,2793.43,64.97,790.99,10362.47,5365.57,27.49,2024,9,Sep,2024-09,2024Q3,Monday,12808.39,1620.23,790.99,544.07,19521.47,18.0,3513.86,433.81,352.76,126.74,5269.62,7538.77,7104.96,6878.94,22.0,1513.37,5365.57,27.49,38.62,36.4,35.24,65.61,51.64,13.92,1774.68,942.04,487.78,High Margin (>=20%)
TXN-1979,2024-09-23,Software,Security Firewall Pro,Miami,East,Enterprise,Wire Transfer,Evan Wright,13,805.26,218.37,10468.38,2838.81,784.85,165.53,364.84,4154.03,3721.52,36.42,2024,9,Sep,2024-09,2024Q3,Monday,7379.55,992.59,364.84,250.02,10218.36,18.0,1839.3,166.28,206.91,72.63,2307.81,5071.74,4905.46,4771.18,22.0,1049.66,3721.52,36.42,49.63,48.01,46.69,72.22,39.68,7.5,786.03,319.54,286.27,High Margin (>=20%)
TXN-1013,2024-09-24,Software,Data Analytics Suite,New York,East,Enterprise,Direct Invoice,Alice Smith,21,1614.39,297.33,33902.19,6243.93,2123.77,177.46,1304.54,9849.7,14624.71,43.72,2024,9,Sep,2024-09,2024Q3,Tuesday,27208.29,3784.23,1304.54,449.97,33452.22,18.0,6021.4,673.16,466.0,70.5,7390.0,19818.29,19145.13,18749.63,22.0,4124.92,14624.71,43.72,59.24,57.23,56.05,81.33,29.05,6.26,1592.96,469.03,696.41,High Margin (>=20%)
TXN-1205,2024-09-24,Office Supplies,Standing Desk Converter,New York,East,Enterprise,PayPal,Bob Jones,9,263.11,140.82,2367.99,1267.38,207.09,110.63,118.9,1704.0,251.98,10.89,2024,9,Sep,2024-09,2024Q3,Tuesday,1045.49,237.56,118.9,55.12,2312.87,18.0,416.32,35.52,29.83,17.09,674.18,371.31,335.79,323.05,22.0,71.07,251.98,10.89,16.05,14.52,13.97,45.2,71.96,8.75,256.99,189.33,28.0,Moderate Margin (5-20%)
TXN-2092,2024-09-25,Services,Annual IT Maintenance Plan,San Francisco,West,SMB,PayPal,Diana Prince,7,1796.09,578.07,12572.63,4046.49,1045.44,81.37,488.04,5661.34,3947.09,31.89,2024,9,Sep,2024-09,2024Q3,Wednesday,8329.84,1288.47,488.04,196.3,12376.33,18.0,2227.74,264.89,170.63,69.37,2903.32,5426.52,5161.63,5060.37,22.0,1113.28,3947.09,31.89,43.85,41.71,40.89,67.3,45.03,8.32,1768.05,808.76,563.87,High Margin (>=20%)
TXN-1777,2024-09-26,Software,Security Firewall Pro,Los Angeles,West,Consumer,Credit Card,Alice Smith,5,894.77,218.76,4473.85,1093.8,472.74,51.35,134.22,1752.11,1682.51,38.19,2024,9,Sep,2024-09,2024Q3,Thursday,3312.11,364.45,134.22,67.94,4405.91,18.0,793.06,96.82,61.86,26.4,1022.76,2289.35,2192.53,2157.07,22.0,474.56,1682.51,38.19,51.96,49.76,48.96,75.17,39.16,10.57,881.18,350.42,336.5,High Margin (>=20%)
TXN-1778,2024-09-28,Electronics,Smart Display 10,New York,East,Enterprise,Wire Transfer,Fiona Gallagher,29,328.91,209.6,9538.39,6078.4,872.74,210.95,286.15,7448.24,447.23,4.78,2024,9,Sep,2024-09,2024Q3,Saturday,3282.64,1012.14,286.15,177.35,9361.04,18.0,1684.99,227.17,175.42,75.3,2381.98,900.66,673.49,573.37,22.0,126.14,447.23,4.78,9.62,7.19,6.13,35.07,78.09,9.15,322.79,256.84,15.42,Low Margin (0-5%)
TXN-2193,2024-09-28,Office Supplies,Mesh Office Chair,Chicago,Midwest,Enterprise,Credit Card,Alice Smith,10,310.63,155.42,3106.3,1554.2,411.49,139.9,93.19,2198.78,387.01,12.7,2024,9,Sep,2024-09,2024Q3,Saturday,1494.29,271.16,93.19,57.81,3048.49,18.0,548.73,64.23,32.93,14.78,915.74,578.55,514.32,496.17,22.0,109.16,387.01,12.7,18.98,16.87,16.28,49.02,70.78,13.25,304.85,219.88,38.7,Moderate Margin (5-20%)
TXN-1857,2024-09-28,Office Supplies,Ergonomic Executive Desk,Chicago,Midwest,Consumer,Wire Transfer,Diana Prince,1,886.87,457.26,886.87,457.26,82.26,13.95,53.67,607.14,132.51,15.23,2024,9,Sep,2024-09,2024Q3,Saturday,412.54,63.7,53.67,17.07,869.8,18.0,156.56,19.44,15.01,5.37,213.58,198.96,179.52,169.88,22.0,37.37,132.51,15.23,22.87,20.64,19.53,47.43,68.46,9.28,869.8,607.14,132.51,Moderate Margin (5-20%)
TXN-1698,2024-09-29,Software,Security Firewall Pro,San Francisco,West,SMB,Direct Invoice,Diana Prince,5,794.56,223.83,3972.8,1119.15,256.32,58.64,190.8,1624.91,1419.16,36.22,2024,9,Sep,2024-09,2024Q3,Sunday,2798.98,393.55,190.8,54.67,3918.13,18.0,705.26,63.64,45.74,29.14,899.31,1899.67,1836.03,1819.43,22.0,400.27,1419.16,36.22,48.48,46.86,46.44,71.44,40.9,6.45,783.63,324.98,283.83,High Margin (>=20%)
TXN-1056,2024-09-30,Software,Cloud Storage Annual,Miami,East,SMB,Direct Invoice,Alice Smith,7,392.15,76.16,2745.05,533.12,235.43,49.8,90.95,909.3,1089.34,40.44,2024,9,Sep,2024-09,2024Q3,Monday,2160.86,318.68,90.95,51.07,2693.98,18.0,484.92,45.0,33.06,8.65,694.86,1466.0,1421.0,1396.59,22.0,307.25,1089.34,40.44,54.42,52.75,51.84,80.21,33.13,8.58,384.85,129.9,155.62,High Margin (>=20%)
TXN-1630,2024-09-30,Office Supplies,High-Speed Paper Shredder,New York,East,SMB,Direct Invoice,Bob Jones,1,191.16,88.81,191.16,88.81,13.65,11.96,30.79,145.21,17.14,9.11,2024,9,Sep,2024-09,2024Q3,Monday,99.32,15.79,30.79,3.03,188.13,18.0,33.86,4.08,2.27,1.2,72.19,27.13,23.05,21.98,22.0,4.84,17.14,9.11,14.42,12.25,11.68,52.79,75.96,7.14,188.13,145.21,17.14,Moderate Margin (5-20%)
TXN-1395,2024-09-30,Hardware,Rack Server Blade X,San Francisco,West,SMB,Direct Invoice,Alice Smith,5,3352.91,2190.88,16764.55,10954.4,1032.88,32.69,770.27,12790.24,1235.36,7.55,2024,9,Sep,2024-09,2024Q3,Monday,5399.64,1459.19,770.27,410.51,16354.04,18.0,2943.73,324.73,250.22,54.13,3295.03,2104.61,1779.88,1583.79,22.0,348.43,1235.36,7.55,12.87,10.88,9.68,33.02,76.29,6.16,3270.81,2558.05,247.07,Moderate Margin (5-20%)
TXN-1366,2024-10-01,Hardware,Gigabit Switch 24-Port,New York,East,SMB,Credit Card,Charlie Davis,3,423.77,270.23,1271.31,810.69,83.87,42.23,85.71,1022.5,52.94,4.24,2024,10,Oct,2024-10,2024Q4,Tuesday,437.13,113.53,85.71,23.49,1247.82,18.0,224.61,31.25,22.72,10.05,325.34,111.79,80.54,67.87,22.0,14.93,52.94,4.24,8.96,6.45,5.44,35.03,80.43,6.6,415.94,340.83,17.65,Low Margin (0-5%)
TXN-1753,2024-10-01,Software,Cloud Storage Annual,New York,East,SMB,Credit Card,Fiona Gallagher,3,419.77,82.4,1259.31,247.2,121.6,33.2,74.34,476.34,461.52,37.47,2024,10,Oct,2024-10,2024Q4,Tuesday,984.45,127.68,74.34,27.66,1231.65,18.0,221.7,27.77,17.81,9.64,356.82,627.63,599.86,591.69,22.0,130.17,461.52,37.47,50.96,48.7,48.04,79.93,37.83,9.66,410.55,158.78,153.84,High Margin (>=20%)
TXN-1315,2024-10-02,Hardware,Rack Server Blade X,New York,East,Enterprise,Credit Card,Alice Smith,19,3046.15,2056.73,57876.85,39077.87,4570.35,275.22,2711.06,46634.5,1696.13,2.97,2024,10,Oct,2024-10,2024Q4,Wednesday,17993.59,6470.57,2711.06,805.39,57071.46,18.0,10272.86,868.94,1137.71,214.79,14027.2,3966.39,3097.45,2174.53,22.0,478.4,1696.13,2.97,6.95,5.43,3.81,31.53,80.58,7.9,3003.76,2454.45,89.27,Low Margin (0-5%)
TXN-1306,2024-10-02,Software,Cloud Storage Annual,Los Angeles,West,Enterprise,Direct Invoice,Evan Wright,24,430.28,82.07,10326.72,1969.68,1419.11,225.54,314.18,3928.51,3604.84,35.55,2024,10,Oct,2024-10,2024Q4,Wednesday,8171.4,1226.74,314.18,185.64,10141.08,18.0,1825.39,238.25,153.25,27.26,3185.57,4985.83,4747.58,4621.59,22.0,1016.75,3604.84,35.55,49.16,46.82,45.57,80.58,38.04,13.74,422.54,163.69,150.2,High Margin (>=20%)
TXN-1839,2024-10-03,Office Supplies,High-Speed Paper Shredder,San Francisco,West,SMB,PayPal,Charlie Davis,3,182.75,93.35,548.25,280.05,34.98,26.56,38.08,379.67,66.28,12.27,2024,10,Oct,2024-10,2024Q4,Thursday,260.25,54.29,38.08,7.95,540.3,18.0,97.25,11.6,10.92,1.15,153.91,106.34,94.74,84.97,22.0,18.69,66.28,12.27,19.68,17.53,15.73,48.17,69.25,6.38,180.1,126.56,22.09,Moderate Margin (5-20%)
TXN-2029,2024-10-05,Hardware,NAS Storage Enclosure,Boston,East,Enterprise,Credit Card,Evan Wright,24,788.79,460.44,18930.96,11050.56,1787.36,260.79,873.25,13971.96,1832.77,9.84,2024,10,Oct,2024-10,2024Q4,Saturday,7578.55,1627.21,873.25,301.85,18629.11,18.0,3353.24,447.61,311.55,78.93,4548.61,3029.94,2582.33,2349.71,22.0,516.94,1832.77,9.84,16.26,13.86,12.61,40.68,73.8,9.44,776.21,582.16,76.37,Moderate Margin (5-20%)
TXN-1842,2024-10-06,Software,Data Analytics Suite,Seattle,West,Government,PayPal,Bob Jones,12,1576.14,301.81,18913.68,3621.72,1520.67,91.51,567.41,5801.31,7939.81,42.89,2024,10,Oct,2024-10,2024Q4,Sunday,14890.53,1951.45,567.41,401.43,18512.25,18.0,3332.2,364.83,346.24,130.83,4131.04,10759.49,10394.66,10179.25,22.0,2239.44,7939.81,42.89,58.12,56.15,54.99,80.44,30.67,8.04,1542.69,483.44,661.65,High Margin (>=20%)
TXN-1510,2024-10-07,Office Supplies,Ergonomic Executive Desk,Los Angeles,West,SMB,PayPal,Bob Jones,3,843.93,450.81,2531.79,1352.43,153.42,27.68,120.16,1653.69,377.38,15.26,2024,10,Oct,2024-10,2024Q4,Monday,1121.12,269.09,120.16,58.24,2473.55,18.0,445.24,45.67,39.92,18.64,570.35,550.77,505.1,483.82,22.0,106.44,377.38,15.26,22.27,20.42,19.56,45.32,65.32,6.06,824.52,551.23,125.79,Moderate Margin (5-20%)
TXN-1530,2024-10-09,Hardware,Rack Server Blade X,Boston,East,Enterprise,Credit Card,Evan Wright,10,3158.49,2157.93,31584.9,21579.3,2751.0,106.37,947.55,25384.22,909.01,2.94,2024,10,Oct,2024-10,2024Q4,Wednesday,9301.12,3576.55,947.55,704.48,30880.42,18.0,5558.48,597.96,316.2,159.91,7381.47,1919.65,1321.69,1165.4,22.0,256.39,909.01,2.94,6.22,4.28,3.77,30.12,80.37,8.71,3088.04,2538.42,90.9,Low Margin (0-5%)
TXN-1198,2024-10-09,Office Supplies,High-Speed Paper Shredder,Seattle,West,Government,Credit Card,Evan Wright,26,183.53,89.73,4771.78,2332.98,457.12,253.31,195.27,3238.68,611.97,13.02,2024,10,Oct,2024-10,2024Q4,Wednesday,2367.35,548.07,195.27,71.45,4700.33,18.0,846.06,95.28,52.65,18.93,1453.77,913.58,818.3,784.58,22.0,172.61,611.97,13.02,19.44,17.41,16.69,50.37,67.87,9.58,180.78,124.56,23.54,Moderate Margin (5-20%)
TXN-1021,2024-10-10,Electronics,Laptop Pro 15,Miami,East,SMB,Direct Invoice,Alice Smith,1,1294.95,747.75,1294.95,747.75,106.66,13.83,83.88,952.12,106.57,8.48,2024,10,Oct,2024-10,2024Q4,Thursday,509.62,130.26,83.88,37.58,1257.37,18.0,226.33,21.5,21.66,4.8,334.63,174.99,153.49,136.63,22.0,30.06,106.57,8.48,13.92,12.21,10.87,40.53,73.53,8.24,1257.37,952.12,106.57,Moderate Margin (5-20%)
TXN-1279,2024-10-11,Services,Cybersecurity Audit,Chicago,Midwest,Enterprise,PayPal,Evan Wright,21,2284.7,829.04,47978.7,17409.84,4920.27,270.78,1439.36,24040.25,12765.11,27.31,2024,10,Oct,2024-10,2024Q4,Friday,29323.51,5042.48,1439.36,1245.35,46733.35,18.0,8412.0,773.18,747.05,235.14,11672.89,17650.62,16877.44,16365.53,22.0,3600.42,12765.11,27.31,37.77,36.11,35.02,62.75,50.11,10.26,2225.4,1144.77,607.86,High Margin (>=20%)
TXN-1814,2024-10-11,Electronics,Laptop Pro 15,Houston,South,SMB,Direct Invoice,Evan Wright,6,1163.64,747.07,6981.84,4482.42,795.37,62.49,330.8,5671.08,130.81,1.9,2024,10,Oct,2024-10,2024Q4,Friday,2410.16,810.19,330.8,89.26,6892.58,18.0,1240.66,153.18,114.63,24.21,1998.85,411.31,258.13,167.71,22.0,36.9,130.81,1.9,5.97,3.75,2.43,34.97,81.23,11.39,1148.76,945.18,21.8,Low Margin (0-5%)
TXN-1992,2024-10-13,Software,Data Analytics Suite,Houston,South,Enterprise,PayPal,Evan Wright,26,1532.19,288.8,39836.94,7508.8,4726.33,199.99,1326.33,13761.45,15275.6,39.46,2024,10,Oct,2024-10,2024Q4,Sunday,31206.97,4172.31,1326.33,1121.17,38715.77,18.0,6968.84,955.26,480.76,238.11,10424.96,20782.01,19826.75,19584.1,22.0,4308.5,15275.6,39.46,53.68,51.21,50.58,80.61,34.54,11.86,1489.07,529.29,587.52,High Margin (>=20%)
TXN-1804,2024-10-14,Office Supplies,High-Speed Paper Shredder,Austin,South,SMB,PayPal,Fiona Gallagher,6,169.27,86.34,1015.62,518.04,108.81,61.93,57.48,746.26,94.0,9.4,2024,10,Oct,2024-10,2024Q4,Monday,482.35,101.9,57.48,15.23,1000.39,18.0,180.07,23.96,13.79,6.03,330.12,152.23,128.27,120.51,22.0,26.51,94.0,9.4,15.22,12.82,12.05,48.22,73.48,10.71,166.73,124.38,15.67,Moderate Margin (5-20%)
TXN-1880,2024-10-14,Hardware,Rack Server Blade X,Chicago,Midwest,SMB,Wire Transfer,Alice Smith,1,3067.5,2030.31,3067.5,2030.31,422.6,11.18,161.75,2625.84,4.37,0.15,2024,10,Oct,2024-10,2024Q4,Monday,959.15,248.77,161.75,78.04,2989.46,18.0,538.1,70.29,48.33,9.37,844.3,114.85,44.56,5.6,22.0,1.23,4.37,0.15,3.84,1.49,0.19,32.08,85.6,13.78,2989.46,2625.84,4.37,Low Margin (0-5%)
TXN-1188,2024-10-15,Hardware,Rack Server Blade X,Boston,East,Enterprise,Direct Invoice,Diana Prince,19,3033.54,2174.7,57637.26,41319.3,4505.76,254.04,1729.12,47808.22,1316.83,2.31,2024,10,Oct,2024-10,2024Q4,Tuesday,15590.72,5634.62,1729.12,727.24,56910.02,18.0,10243.8,1258.0,843.8,322.86,12123.54,3467.18,2209.18,1688.24,22.0,371.41,1316.83,2.31,6.09,3.88,2.97,27.4,82.95,7.82,2995.26,2516.22,69.31,Low Margin (0-5%)
TXN-1557,2024-10-15,Electronics,Smart Display 10,Los Angeles,West,SMB,Wire Transfer,Evan Wright,1,352.73,205.93,352.73,205.93,37.62,14.6,34.12,292.27,8.49,2.48,2024,10,Oct,2024-10,2024Q4,Tuesday,136.5,27.05,34.12,10.3,342.43,18.0,61.64,7.86,5.43,1.06,113.39,23.11,15.25,10.88,22.0,2.39,8.49,2.48,6.75,4.45,3.18,39.86,82.86,10.67,342.43,292.27,8.49,Low Margin (0-5%)
TXN-2182,2024-10-16,Electronics,Laptop Pro 15,Phoenix,West,Government,PayPal,Fiona Gallagher,21,1280.71,778.44,26894.91,16347.24,2596.75,191.29,969.7,20104.98,2204.06,8.42,2024,10,Oct,2024-10,2024Q4,Wednesday,9817.44,2342.37,969.7,730.23,26164.68,18.0,4709.64,628.86,319.28,56.53,6100.11,3717.33,3088.47,2825.72,22.0,621.66,2204.06,8.42,14.21,11.8,10.8,37.52,74.75,9.66,1245.94,957.38,104.96,Moderate Margin (5-20%)
TXN-1637,2024-10-19,Software,Data Analytics Suite,New York,East,Enterprise,PayPal,Diana Prince,10,1540.44,314.18,15404.4,3141.8,1672.09,61.99,475.25,5351.13,6209.66,40.82,2024,10,Oct,2024-10,2024Q4,Saturday,12069.09,1488.54,475.25,193.51,15210.89,18.0,2737.96,297.62,162.81,50.31,3697.87,8371.22,8073.6,7961.1,22.0,1751.44,6209.66,40.82,55.03,53.08,52.34,79.35,34.74,10.85,1521.09,535.11,620.97,High Margin (>=20%)
TXN-1892,2024-10-19,Office Supplies,Standing Desk Converter,Miami,East,Consumer,Credit Card,Diana Prince,3,273.15,138.87,819.45,416.61,50.28,25.95,42.82,535.66,106.4,13.38,2024,10,Oct,2024-10,2024Q4,Saturday,378.84,92.42,42.82,24.0,795.45,18.0,143.18,19.48,13.89,2.41,211.47,167.37,147.89,136.41,22.0,30.01,106.4,13.38,21.04,18.59,17.15,47.63,65.37,6.14,265.15,178.55,35.47,Moderate Margin (5-20%)
TXN-1993,2024-10-21,Software,Enterprise ERP License,Austin,South,Enterprise,PayPal,Evan Wright,9,2495.48,519.5,22459.32,4675.5,2866.42,71.73,957.31,8570.96,8412.68,38.36,2024,10,Oct,2024-10,2024Q4,Monday,17257.94,1877.76,957.31,525.88,21933.44,18.0,3948.02,536.36,337.89,175.02,5773.22,11484.72,10948.36,10785.49,22.0,2372.81,8412.68,38.36,52.36,49.92,49.17,78.68,38.16,12.76,2437.05,952.33,934.74,High Margin (>=20%)
TXN-1931,2024-10-22,Electronics,Laptop Pro 15,Phoenix,West,Enterprise,Credit Card,Alice Smith,20,1161.19,746.69,23223.8,14933.8,1525.72,259.74,696.71,17415.97,2407.52,10.51,2024,10,Oct,2024-10,2024Q4,Tuesday,7982.41,1787.48,696.71,307.59,22916.21,18.0,4124.92,492.45,294.66,160.91,4269.65,3712.76,3220.31,3086.56,22.0,679.04,2407.52,10.51,16.2,14.05,13.47,34.83,74.99,6.57,1145.81,870.8,120.38,Moderate Margin (5-20%)
TXN-1685,2024-10-22,Office Supplies,Standing Desk Converter,Houston,South,SMB,Direct Invoice,Evan Wright,1,297.11,138.73,297.11,138.73,24.72,5.15,28.38,196.98,40.79,13.91,2024,10,Oct,2024-10,2024Q4,Tuesday,154.46,34.6,28.38,3.92,293.19,18.0,52.77,6.54,4.61,1.83,92.85,61.61,55.07,52.29,22.0,11.5,40.79,13.91,21.01,18.78,17.83,52.68,66.3,8.32,293.19,196.98,40.79,Moderate Margin (5-20%)
TXN-1712,2024-10-23,Electronics,Wireless Noise-Canceling Headset,Phoenix,West,Enterprise,PayPal,Charlie Davis,7,269.47,121.43,1886.29,850.01,211.4,48.92,74.24,1184.57,316.96,17.28,2024,10,Oct,2024-10,2024Q4,Wednesday,984.34,188.22,74.24,51.94,1834.35,18.0,330.18,32.86,36.61,14.27,522.78,461.56,428.7,406.36,22.0,89.4,316.96,17.28,25.16,23.37,22.15,53.66,62.8,11.21,262.05,169.22,45.28,Moderate Margin (5-20%)
TXN-1365,2024-10-25,Services,Annual IT Maintenance Plan,Chicago,Midwest,SMB,Direct Invoice,Charlie Davis,4,1792.56,574.0,7170.24,2296.0,457.8,31.83,351.18,3136.81,2211.57,31.68,2024,10,Oct,2024-10,2024Q4,Friday,4684.57,839.44,351.18,189.67,6980.57,18.0,1256.5,117.18,72.51,20.71,1680.25,3004.32,2887.14,2835.34,22.0,623.77,2211.57,31.68,43.04,41.36,40.62,67.11,43.75,6.38,1745.14,784.2,552.89,High Margin (>=20%)
TXN-1482,2024-10-26,Software,Data Analytics Suite,New York,East,Enterprise,Wire Transfer,Charlie Davis,6,1590.51,300.85,9543.06,1805.1,929.31,36.4,393.26,3164.07,3745.4,40.44,2024,10,Oct,2024-10,2024Q4,Saturday,7456.32,999.99,393.26,281.64,9261.42,18.0,1667.06,224.74,117.7,46.87,2358.96,5097.36,4872.62,4801.79,22.0,1056.39,3745.4,40.44,55.04,52.61,51.85,80.51,33.16,9.74,1543.57,527.34,624.23,High Margin (>=20%)
TXN-1213,2024-10-26,Office Supplies,Standing Desk Converter,Chicago,Midwest,Enterprise,Direct Invoice,Evan Wright,7,264.34,144.43,1850.38,1011.01,141.71,89.77,90.28,1332.77,198.03,10.87,2024,10,Oct,2024-10,2024Q4,Saturday,810.88,189.85,90.28,28.49,1821.89,18.0,327.94,32.32,22.7,9.64,511.61,299.27,266.95,253.89,22.0,55.86,198.03,10.87,16.43,14.65,13.94,44.51,72.03,7.66,260.27,190.4,28.29,Moderate Margin (5-20%)
TXN-1110,2024-10-27,Electronics,Laptop Pro 15,Austin,South,Government,PayPal,Fiona Gallagher,28,1124.15,730.65,31476.2,20458.2,4373.08,179.9,1092.05,26103.23,792.27,2.59,2024,10,Oct,2024-10,2024Q4,Sunday,10190.29,2324.49,1092.05,827.71,30648.49,18.0,5516.73,753.25,617.99,166.2,7969.52,2220.77,1467.52,1015.73,22.0,223.46,792.27,2.59,7.25,4.79,3.31,33.25,82.93,13.89,1094.59,932.26,28.3,Low Margin (0-5%)
TXN-1483,2024-10-27,Hardware,Rack Server Blade X,Seattle,West,SMB,Wire Transfer,Bob Jones,7,3077.14,2075.86,21539.98,14531.02,2917.35,77.73,959.44,18485.54,-85.99,-0.41,2024,10,Oct,2024-10,2024Q4,Sunday,6517.43,1997.34,959.44,491.53,21048.45,18.0,3788.72,367.7,350.1,66.24,5951.86,565.57,197.87,-85.99,22.0,0.0,-85.99,-0.41,2.69,0.94,-0.41,30.96,85.82,13.54,3006.92,2640.79,-12.28,Loss Making (<0%)
TXN-1520,2024-10-28,Services,Annual IT Maintenance Plan,Houston,South,Government,PayPal,Charlie Davis,26,1764.58,627.9,45879.08,16325.4,3756.73,233.91,2201.05,22517.09,13856.42,30.66,2024,10,Oct,2024-10,2024Q4,Monday,28875.42,3556.59,2201.05,678.26,45200.82,18.0,8136.15,827.17,786.7,251.37,9748.28,19127.14,18299.97,17764.64,22.0,3908.22,13856.42,30.66,42.32,40.49,39.3,63.88,49.08,8.19,1738.49,866.04,532.94,High Margin (>=20%)
TXN-2106,2024-10-29,Software,Data Analytics Suite,Seattle,West,Government,PayPal,Charlie Davis,38,1558.5,306.36,59223.0,11641.68,3830.22,402.9,1776.69,17651.49,26589.38,45.72,2024,10,Oct,2024-10,2024Q4,Tuesday,46518.84,4660.54,1776.69,1062.48,58160.52,18.0,10468.89,1257.09,842.26,339.81,10670.35,35848.49,34591.4,34088.95,22.0,7499.57,26589.38,45.72,61.64,59.48,58.61,79.98,29.81,6.47,1530.54,464.51,699.72,High Margin (>=20%)
TXN-1797,2024-10-30,Services,Cybersecurity Audit,Boston,East,Government,Wire Transfer,Bob Jones,19,2362.5,800.92,44887.5,15217.48,5328.76,173.1,1361.87,22081.21,11522.27,26.44,2024,10,Oct,2024-10,2024Q4,Wednesday,28362.34,5234.15,1361.87,1307.68,43579.82,18.0,7844.37,1095.76,582.02,185.46,12097.88,16264.46,15168.7,14772.14,22.0,3249.87,11522.27,26.44,37.32,34.81,33.9,65.08,49.19,11.87,2293.67,1162.17,606.44,High Margin (>=20%)
TXN-1216,2024-10-30,Hardware,Gigabit Switch 24-Port,Phoenix,West,SMB,Wire Transfer,Charlie Davis,1,454.52,258.47,454.52,258.47,49.3,14.19,39.12,361.08,23.56,5.34,2024,10,Oct,2024-10,2024Q4,Wednesday,182.99,37.21,39.12,13.06,441.46,18.0,79.46,7.28,7.17,1.49,139.82,43.17,35.89,30.21,22.0,6.65,23.56,5.34,9.78,8.13,6.84,41.45,79.44,10.85,441.46,361.08,23.56,Moderate Margin (5-20%)
TXN-1544,2024-10-30,Office Supplies,Mesh Office Chair,San Francisco,West,Enterprise,Wire Transfer,Alice Smith,24,299.08,160.91,7177.92,3861.84,942.82,188.92,220.2,5213.78,684.96,9.64,2024,10,Oct,2024-10,2024Q4,Wednesday,3242.72,743.53,220.2,73.36,7104.56,18.0,1278.82,158.95,131.46,21.31,2095.47,1147.25,988.3,878.15,22.0,193.19,684.96,9.64,16.15,13.91,12.36,45.64,72.64,13.14,296.02,217.24,28.54,Moderate Margin (5-20%)
TXN-1026,2024-10-31,Hardware,Gigabit Switch 24-Port,Austin,South,Enterprise,PayPal,Diana Prince,9,451.6,267.02,4064.4,2403.18,314.04,101.06,121.93,2940.21,351.55,8.85,2024,10,Oct,2024-10,2024Q4,Thursday,1568.67,444.07,121.93,92.55,3971.85,18.0,714.93,97.55,51.34,12.03,981.1,587.57,490.02,450.71,22.0,99.16,351.55,8.85,14.79,12.34,11.35,39.49,72.34,7.73,441.32,326.69,39.06,Moderate Margin (5-20%)
TXN-1371,2024-11-01,Office Supplies,High-Speed Paper Shredder,New York,East,Enterprise,Credit Card,Diana Prince,6,166.7,91.08,1000.2,546.48,115.88,42.89,37.91,743.16,100.85,10.31,2024,11,Nov,2024-11,2024Q4,Friday,431.98,75.05,37.91,21.74,978.46,18.0,176.12,15.77,19.74,4.55,271.73,160.25,144.48,129.29,22.0,28.44,100.85,10.31,16.38,14.77,13.21,44.15,74.3,11.59,163.08,123.86,16.81,Moderate Margin (5-20%)
TXN-1595,2024-11-01,Services,Cybersecurity Audit,Houston,South,Enterprise,Wire Transfer,Fiona Gallagher,9,2079.1,789.33,18711.9,7103.97,2049.51,59.35,911.37,10124.2,4481.78,24.21,2024,11,Nov,2024-11,2024Q4,Friday,11405.22,2148.86,911.37,202.71,18509.19,18.0,3331.65,305.32,302.98,118.04,5169.09,6236.13,5930.81,5745.87,22.0,1264.09,4481.78,24.21,33.69,32.04,31.04,61.62,54.11,10.95,2056.58,1124.91,497.98,High Margin (>=20%)
TXN-1967,2024-11-02,Hardware,Gigabit Switch 24-Port,Los Angeles,West,Enterprise,PayPal,Diana Prince,18,419.18,248.2,7545.24,4467.6,665.81,264.48,236.07,5633.96,573.14,7.77,2024,11,Nov,2024-11,2024Q4,Saturday,2906.49,799.44,236.07,171.15,7374.09,18.0,1327.34,137.66,94.78,26.54,1965.8,940.69,803.03,734.79,22.0,161.65,573.14,7.77,12.76,10.89,9.96,39.41,74.67,8.82,409.67,313.0,31.84,Moderate Margin (5-20%)
TXN-1709,2024-11-02,Software,Enterprise ERP License,Boston,East,SMB,Wire Transfer,Evan Wright,4,2572.58,478.18,10290.32,1912.72,943.62,58.55,376.01,3290.9,4376.76,43.25,2024,11,Nov,2024-11,2024Q4,Saturday,8207.41,851.34,376.01,170.19,10120.13,18.0,1821.62,215.01,188.17,36.52,2229.52,5977.89,5762.88,5611.23,22.0,1234.47,4376.76,43.25,59.07,56.94,55.45,81.1,31.98,9.17,2530.03,822.72,1094.19,High Margin (>=20%)
TXN-1430,2024-11-03,Hardware,Rack Server Blade X,Austin,South,SMB,Wire Transfer,Diana Prince,5,3325.35,2088.65,16626.75,10443.25,1024.24,28.13,534.92,12030.54,2052.52,12.58,2024,11,Nov,2024-11,2024Q4,Sunday,5867.47,1261.19,534.92,316.03,16310.72,18.0,2935.93,254.25,226.2,92.89,2848.48,3018.99,2764.74,2631.43,22.0,578.91,2052.52,12.58,18.51,16.95,16.13,35.97,72.36,6.16,3262.14,2406.11,410.5,Moderate Margin (5-20%)
TXN-1763,2024-11-03,Hardware,NAS Storage Enclosure,Houston,South,Enterprise,PayPal,Charlie Davis,6,810.94,465.45,4865.64,2792.7,594.5,79.93,159.65,3626.78,430.11,9.08,2024,11,Nov,2024-11,2024Q4,Sunday,1942.56,401.05,159.65,130.38,4735.26,18.0,852.35,87.63,85.81,17.43,1235.13,707.43,619.8,551.42,22.0,121.31,430.11,9.08,14.94,13.09,11.64,41.02,74.54,12.22,789.21,604.46,71.68,Moderate Margin (5-20%)
TXN-1498,2024-11-05,Hardware,Rack Server Blade X,Phoenix,West,Enterprise,Wire Transfer,Charlie Davis,5,2998.9,2083.93,14994.5,10419.65,1442.31,61.68,673.65,12597.29,588.03,3.97,2024,11,Nov,2024-11,2024Q4,Tuesday,4384.37,1107.89,673.65,190.48,14804.02,18.0,2664.72,267.27,162.18,84.5,3285.53,1098.84,831.57,753.89,22.0,165.86,588.03,3.97,7.42,5.62,5.09,29.62,84.01,9.62,2960.8,2519.46,117.61,Low Margin (0-5%)
TXN-1877,2024-11-05,Software,Data Analytics Suite,New York,East,SMB,Wire Transfer,Diana Prince,7,1519.97,291.9,10639.79,2043.3,764.48,80.77,441.79,3330.34,4434.0,42.3,2024,11,Nov,2024-11,2024Q4,Tuesday,8439.28,1125.68,441.79,157.21,10482.58,18.0,1886.86,249.32,150.91,58.29,2412.72,6026.56,5777.24,5684.62,22.0,1250.62,4434.0,42.3,57.49,55.11,54.23,80.51,31.3,7.19,1497.51,475.76,633.43,High Margin (>=20%)
TXN-1526,2024-11-06,Office Supplies,High-Speed Paper Shredder,Seattle,West,SMB,PayPal,Evan Wright,6,182.34,86.21,1094.04,517.26,82.42,58.47,49.56,707.71,181.88,16.81,2024,11,Nov,2024-11,2024Q4,Wednesday,564.48,102.22,49.56,12.3,1081.74,18.0,194.71,26.28,18.34,5.99,292.67,271.81,245.53,233.18,22.0,51.3,181.88,16.81,25.13,22.7,21.56,52.18,64.69,7.53,180.29,117.95,30.31,Moderate Margin (5-20%)
TXN-1347,2024-11-06,Hardware,Rack Server Blade X,Chicago,Midwest,SMB,PayPal,Diana Prince,2,3153.13,2137.74,6306.26,4275.48,406.97,10.69,220.06,4913.2,302.61,4.93,2024,11,Nov,2024-11,2024Q4,Wednesday,1866.06,641.69,220.06,164.72,6141.54,18.0,1105.48,131.06,104.79,37.16,1279.41,586.65,455.59,387.96,22.0,85.35,302.61,4.93,9.55,7.42,6.32,30.38,77.91,6.45,3070.77,2456.6,151.3,Low Margin (0-5%)
TXN-2039,2024-11-06,Software,Data Analytics Suite,San Francisco,West,SMB,Direct Invoice,Evan Wright,6,1471.03,308.15,8826.18,1848.9,895.26,72.26,426.55,3242.97,3521.74,40.37,2024,11,Nov,2024-11,2024Q4,Wednesday,6875.08,646.67,426.55,102.2,8723.98,18.0,1570.32,214.32,154.62,49.65,2040.74,4834.34,4620.02,4515.05,22.0,993.31,3521.74,40.37,55.41,52.96,51.75,78.81,36.74,10.14,1454.0,540.5,586.96,High Margin (>=20%)
TXN-1134,2024-11-07,Electronics,Smart Display 10,Seattle,West,Government,Direct Invoice,Diana Prince,31,367.14,201.0,11381.34,6231.0,722.41,351.28,553.26,7857.95,1485.01,13.45,2024,11,Nov,2024-11,2024Q4,Thursday,4809.73,988.82,553.26,340.61,11040.73,18.0,1987.33,172.35,170.89,53.14,2615.77,2193.96,2021.61,1903.86,22.0,418.85,1485.01,13.45,19.87,18.31,17.24,43.56,69.04,6.35,356.15,253.48,47.9,Moderate Margin (5-20%)
TXN-1578,2024-11-09,Electronics,Ultra-Wide Monitor 34,Phoenix,West,Enterprise,Wire Transfer,Diana Prince,6,676.66,391.18,4059.96,2347.08,404.24,83.68,129.48,2964.48,334.28,8.39,2024,11,Nov,2024-11,2024Q4,Saturday,1636.75,472.29,129.48,76.13,3983.83,18.0,717.09,61.36,73.59,16.45,1089.69,547.06,485.7,428.56,22.0,94.28,334.28,8.39,13.73,12.19,10.76,41.08,73.02,9.96,663.97,494.08,55.71,Moderate Margin (5-20%)
TXN-1919,2024-11-09,Office Supplies,Standing Desk Converter,Houston,South,Consumer,Wire Transfer,Charlie Davis,5,274.71,140.61,1373.55,703.05,133.84,31.36,62.2,930.45,182.45,13.44,2024,11,Nov,2024-11,2024Q4,Saturday,654.47,148.59,62.2,16.03,1357.52,18.0,244.35,31.65,16.43,3.51,375.99,278.48,246.83,233.91,22.0,51.46,182.45,13.44,20.51,18.18,17.23,48.21,67.74,9.74,271.5,186.09,36.49,Moderate Margin (5-20%)
TXN-1316,2024-11-10,Software,Data Analytics Suite,Phoenix,West,Enterprise,Direct Invoice,Alice Smith,20,1527.66,307.81,30553.2,6156.2,3086.91,240.82,1428.11,10912.04,11957.13,39.54,2024,11,Nov,2024-11,2024Q4,Sunday,24086.85,3201.94,1428.11,310.15,30243.05,18.0,5443.75,549.9,426.26,176.74,7957.78,16129.07,15579.17,15329.65,22.0,3372.52,11957.13,39.54,53.33,51.51,50.69,79.64,35.71,10.1,1512.15,545.6,597.86,High Margin (>=20%)
TXN-1822,2024-11-11,Office Supplies,Ergonomic Executive Desk,Seattle,West,Enterprise,Credit Card,Bob Jones,11,830.18,457.27,9131.98,5029.97,1278.11,83.94,354.66,6746.68,1004.72,11.24,2024,11,Nov,2024-11,2024Q4,Monday,3908.38,641.35,354.66,193.63,8938.35,18.0,1608.9,151.72,178.69,68.19,2358.06,1550.32,1398.6,1288.1,22.0,283.38,1004.72,11.24,17.34,15.65,14.41,43.73,73.88,14.0,812.58,613.33,91.34,Moderate Margin (5-20%)
TXN-1562,2024-11-13,Electronics,Laptop Pro 15,Miami,East,Enterprise,Direct Invoice,Bob Jones,21,1154.92,763.96,24253.32,16043.16,3296.1,161.29,1045.46,20546.01,366.66,1.55,2024,11,Nov,2024-11,2024Q4,Wednesday,7558.06,1955.99,1045.46,652.1,23601.22,18.0,4248.22,447.56,263.16,81.58,6458.84,1099.22,651.66,470.08,22.0,103.42,366.66,1.55,4.66,2.76,1.99,32.02,84.71,13.59,1123.87,978.38,17.46,Low Margin (0-5%)
TXN-1751,2024-11-15,Office Supplies,Ergonomic Executive Desk,Los Angeles,West,SMB,Direct Invoice,Alice Smith,7,826.79,446.56,5787.53,3125.92,611.92,98.2,211.22,4047.26,801.25,14.01,2024,11,Nov,2024-11,2024Q4,Friday,2593.48,438.95,211.22,68.13,5719.4,18.0,1029.49,123.29,103.27,20.61,1360.29,1233.19,1109.9,1027.24,22.0,225.99,801.25,14.01,21.56,19.41,17.96,45.35,69.93,10.57,817.06,578.18,114.46,Moderate Margin (5-20%)
TXN-2012,2024-11-15,Software,Security Firewall Pro,Phoenix,West,SMB,PayPal,Alice Smith,4,889.6,222.24,3558.4,888.96,376.62,38.34,117.91,1421.83,1209.97,34.91,2024,11,Nov,2024-11,2024Q4,Friday,2576.57,424.81,117.91,92.87,3465.53,18.0,623.8,58.0,37.81,28.17,957.68,1618.89,1560.89,1551.25,22.0,341.28,1209.97,34.91,46.71,45.04,44.76,74.35,39.96,10.58,866.38,355.46,302.49,High Margin (>=20%)
TXN-1855,2024-11-16,Electronics,Smart Display 10,Los Angeles,West,Enterprise,Wire Transfer,Alice Smith,8,346.03,196.1,2768.24,1568.8,222.9,87.5,83.05,1962.25,323.06,11.99,2024,11,Nov,2024-11,2024Q4,Saturday,1124.7,222.17,83.05,74.74,2693.5,18.0,484.83,50.86,51.67,7.63,615.62,509.08,458.22,414.18,22.0,91.12,323.06,11.99,18.9,17.01,15.38,41.76,70.88,8.05,336.69,245.28,40.38,Moderate Margin (5-20%)
TXN-1099,2024-11-18,Software,Security Firewall Pro,New York,East,Consumer,PayPal,Diana Prince,1,803.4,212.53,803.4,212.53,69.67,7.39,47.53,337.12,278.73,35.5,2024,11,Nov,2024-11,2024Q4,Monday,572.61,57.26,47.53,18.26,785.14,18.0,141.33,19.93,15.53,2.04,181.85,390.76,370.83,357.34,22.0,78.61,278.73,35.5,49.77,47.23,45.51,72.93,41.96,8.67,785.14,337.12,278.73,High Margin (>=20%)
TXN-1097,2024-11-18,Office Supplies,High-Speed Paper Shredder,San Francisco,West,Enterprise,Wire Transfer,Diana Prince,14,188.91,91.4,2644.74,1279.6,275.23,82.18,100.09,1737.1,404.72,15.51,2024,11,Nov,2024-11,2024Q4,Monday,1329.83,254.26,100.09,35.31,2609.43,18.0,469.7,54.94,51.88,7.62,711.76,618.07,563.13,518.87,22.0,114.15,404.72,15.51,23.69,21.58,19.88,50.96,65.68,10.41,186.39,124.08,28.91,Moderate Margin (5-20%)
TXN-1703,2024-11-19,Hardware,Gigabit Switch 24-Port,Houston,South,Government,Credit Card,Bob Jones,36,431.14,268.33,15521.04,9659.88,1191.17,266.72,465.63,11583.4,1251.17,8.27,2024,11,Nov,2024-11,2024Q4,Tuesday,5469.72,1347.7,465.63,391.44,15129.6,18.0,2723.33,374.76,272.41,52.73,3271.22,2198.5,1823.74,1604.06,22.0,352.89,1251.17,8.27,14.53,12.05,10.6,36.15,74.63,7.67,420.27,321.76,34.75,Moderate Margin (5-20%)
TXN-1400,2024-11-19,Electronics,Ultra-Wide Monitor 34,Phoenix,West,Consumer,Wire Transfer,Alice Smith,3,697.45,375.31,2092.35,1125.93,182.33,16.87,80.95,1406.08,273.47,13.44,2024,11,Nov,2024-11,2024Q4,Tuesday,908.08,225.4,80.95,58.34,2034.01,18.0,366.12,35.36,24.3,7.73,505.55,402.53,367.17,350.6,22.0,77.13,273.47,13.44,19.79,18.05,17.24,44.64,67.2,8.71,678.0,468.69,91.16,Moderate Margin (5-20%)
TXN-1093,2024-11-19,Software,Cloud Storage Annual,Houston,South,Enterprise,Credit Card,Evan Wright,18,370.89,76.88,6676.02,1383.84,609.72,112.4,339.45,2445.41,2445.35,37.43,2024,11,Nov,2024-11,2024Q4,Tuesday,5149.64,721.27,339.45,142.54,6533.48,18.0,1176.03,151.0,118.52,37.78,1782.84,3366.8,3215.8,3135.06,22.0,689.71,2445.35,37.43,51.53,49.22,47.98,78.82,36.63,9.13,362.97,135.86,135.85,High Margin (>=20%)
TXN-1545,2024-11-19,Office Supplies,Standing Desk Converter,Houston,South,SMB,Wire Transfer,Alice Smith,2,278.79,140.28,557.58,280.56,41.96,19.24,34.47,376.23,74.8,13.67,2024,11,Nov,2024-11,2024Q4,Tuesday,266.8,56.26,34.47,10.22,547.36,18.0,98.52,12.6,10.7,4.33,151.93,114.87,102.27,95.9,22.0,21.1,74.8,13.67,20.99,18.68,17.52,48.74,67.48,7.53,273.68,188.12,37.4,Moderate Margin (5-20%)
TXN-1410,2024-11-20,Services,Cybersecurity Audit,San Francisco,West,SMB,Credit Card,Evan Wright,2,2101.31,760.02,4202.62,1520.04,559.79,26.88,183.43,2290.14,1081.87,26.29,2024,11,Nov,2024-11,2024Q4,Wednesday,2595.16,313.37,183.43,87.42,4115.2,18.0,740.74,93.23,44.41,12.96,1083.47,1511.69,1418.46,1387.01,22.0,305.14,1081.87,26.29,36.73,34.47,33.7,63.06,54.49,13.32,2057.6,1145.07,540.93,High Margin (>=20%)
TXN-1658,2024-11-21,Electronics,Ultra-Wide Monitor 34,San Francisco,West,Enterprise,Wire Transfer,Diana Prince,7,608.95,382.76,4262.65,2679.32,426.46,94.89,162.72,3363.39,258.2,6.18,2024,11,Nov,2024-11,2024Q4,Thursday,1501.44,375.77,162.72,81.89,4180.76,18.0,752.54,67.22,61.88,18.52,1059.84,441.6,374.38,331.02,22.0,72.82,258.2,6.18,10.56,8.95,7.92,35.91,78.9,10.0,597.25,480.48,36.89,Moderate Margin (5-20%)
TXN-1539,2024-11-21,Office Supplies,High-Speed Paper Shredder,Austin,South,Enterprise,Direct Invoice,Evan Wright,28,184.11,92.54,5155.08,2591.12,695.93,333.74,154.65,3775.44,498.72,9.85,2024,11,Nov,2024-11,2024Q4,Thursday,2474.49,476.99,154.65,89.47,5065.61,18.0,911.81,126.41,85.83,38.44,1661.31,813.18,686.77,639.38,22.0,140.66,498.72,9.85,16.05,13.56,12.62,48.85,73.24,13.5,180.91,134.84,17.81,Moderate Margin (5-20%)
TXN-2173,2024-11-21,Office Supplies,High-Speed Paper Shredder,New York,East,Government,PayPal,Fiona Gallagher,28,172.43,89.44,4828.04,2504.32,620.34,186.88,151.15,3462.69,483.69,10.26,2024,11,Nov,2024-11,2024Q4,Thursday,2208.57,490.48,151.15,115.15,4712.89,18.0,848.32,112.98,59.61,32.98,1448.85,759.72,646.74,620.11,22.0,136.42,483.69,10.26,16.12,13.72,13.16,46.86,71.72,12.85,168.32,123.67,17.27,Moderate Margin (5-20%)
TXN-1220,2024-11-22,Office Supplies,Ergonomic Executive Desk,Chicago,Midwest,Consumer,Credit Card,Evan Wright,5,884.47,462.1,4422.35,2310.5,498.32,63.31,215.92,3088.05,465.06,10.83,2024,11,Nov,2024-11,2024Q4,Friday,1985.03,497.34,215.92,126.82,4295.53,18.0,773.2,80.19,65.33,31.61,1274.89,710.14,629.95,596.23,22.0,131.17,465.06,10.83,16.53,14.67,13.88,46.21,69.83,11.27,859.11,617.61,93.01,Moderate Margin (5-20%)
TXN-1566,2024-11-22,Electronics,Wireless Noise-Canceling Headset,Seattle,West,Consumer,Credit Card,Diana Prince,3,262.31,123.26,786.93,369.78,104.83,40.64,40.05,555.3,92.31,11.93,2024,11,Nov,2024-11,2024Q4,Friday,404.17,78.3,40.05,12.98,773.95,18.0,139.31,17.32,10.93,6.25,263.82,140.35,123.03,118.35,22.0,26.04,92.31,11.93,18.13,15.9,15.29,52.22,70.57,13.32,257.98,185.1,30.77,Moderate Margin (5-20%)
TXN-1177,2024-11-22,Electronics,Laptop Pro 15,Los Angeles,West,Enterprise,Wire Transfer,Diana Prince,15,1116.99,765.59,16754.85,11483.85,1733.84,87.26,569.74,13874.69,107.01,0.65,2024,11,Nov,2024-11,2024Q4,Friday,4954.23,1751.67,569.74,316.77,16438.08,18.0,2958.85,415.35,305.1,45.92,4142.51,811.72,396.37,137.19,22.0,30.18,107.01,0.65,4.94,2.41,0.83,30.14,82.81,10.35,1095.87,924.98,7.13,Low Margin (0-5%)
TXN-1616,2024-11-23,Hardware,NAS Storage Enclosure,Chicago,Midwest,Government,Credit Card,Bob Jones,38,740.39,483.55,28134.82,18374.9,3122.75,401.55,1160.36,23059.56,60.71,0.22,2024,11,Nov,2024-11,2024Q4,Saturday,8933.96,3264.87,1160.36,825.96,27308.86,18.0,4915.59,516.01,512.07,121.48,7949.53,984.43,468.42,77.83,22.0,17.12,60.71,0.22,3.6,1.72,0.28,32.71,81.96,11.1,718.65,606.83,1.6,Low Margin (0-5%)
TXN-1098,2024-11-23,Office Supplies,Ergonomic Executive Desk,Seattle,West,SMB,Credit Card,Diana Prince,5,903.65,472.12,4518.25,2360.6,293.33,69.15,185.41,2908.49,762.17,17.08,2024,11,Nov,2024-11,2024Q4,Saturday,2103.02,412.86,185.41,54.63,4463.62,18.0,803.45,106.88,75.36,17.11,960.75,1142.27,1035.39,977.14,22.0,214.97,762.17,17.08,25.59,23.2,21.89,47.11,64.37,6.49,892.72,581.7,152.43,Moderate Margin (5-20%)
TXN-1626,2024-11-25,Electronics,Wireless Noise-Canceling Headset,Miami,East,SMB,Credit Card,Alice Smith,1,240.19,124.97,240.19,124.97,16.58,12.57,37.33,191.45,11.86,5.04,2024,11,Nov,2024-11,2024Q4,Monday,110.27,21.24,37.33,4.95,235.24,18.0,42.34,4.5,4.16,1.31,87.72,22.55,18.05,15.2,22.0,3.34,11.86,5.04,9.59,7.67,6.46,46.88,79.71,6.9,235.24,191.45,11.86,Moderate Margin (5-20%)
TXN-1770,2024-11-27,Office Supplies,Mesh Office Chair,Boston,East,Government,PayPal,Evan Wright,30,335.27,164.53,10058.1,4935.9,886.97,239.68,367.02,6429.57,1695.18,17.03,2024,11,Nov,2024-11,2024Q4,Wednesday,5016.35,1117.08,367.02,105.85,9952.25,18.0,1791.4,192.08,119.13,78.92,2610.75,2405.6,2213.52,2173.31,22.0,478.13,1695.18,17.03,24.17,22.24,21.84,50.4,63.92,8.82,331.74,214.32,56.51,Moderate Margin (5-20%)
TXN-1988,2024-11-27,Hardware,NAS Storage Enclosure,Chicago,Midwest,SMB,PayPal,Charlie Davis,4,735.68,464.51,2942.72,1858.04,379.65,35.71,88.28,2361.68,127.23,4.44,2024,11,Nov,2024-11,2024Q4,Wednesday,1010.17,269.97,88.28,74.51,2868.21,18.0,516.28,60.54,33.27,20.36,773.61,236.56,176.02,163.11,22.0,35.88,127.23,4.44,8.25,6.14,5.69,35.22,80.26,12.9,717.05,590.42,31.81,Low Margin (0-5%)
TXN-2163,2024-11-28,Services,Cloud Migration Consulting,Seattle,West,Consumer,Credit Card,Evan Wright,2,3358.4,1142.11,6716.8,2284.22,735.74,19.16,270.59,3309.71,1969.46,29.8,2024,11,Nov,2024-11,2024Q4,Thursday,4325.78,582.72,270.59,106.8,6610.0,18.0,1189.8,104.58,117.85,29.81,1608.21,2717.57,2612.99,2524.95,22.0,555.49,1969.46,29.8,41.11,39.53,38.2,65.44,49.28,10.95,3305.0,1654.86,984.73,High Margin (>=20%)
TXN-1754,2024-11-28,Services,Annual IT Maintenance Plan,San Francisco,West,SMB,Wire Transfer,Evan Wright,7,1825.51,594.46,12778.57,4161.22,1432.4,88.76,619.31,6301.69,3610.18,28.97,2024,11,Nov,2024-11,2024Q4,Thursday,8301.55,1108.48,619.31,315.8,12462.77,18.0,2243.3,246.32,250.2,72.36,3248.95,5052.6,4806.28,4628.44,22.0,1018.26,3610.18,28.97,40.54,38.57,37.14,66.61,49.31,11.21,1780.4,900.24,515.74,High Margin (>=20%)
TXN-2192,2024-11-30,Hardware,NAS Storage Enclosure,Houston,South,Consumer,PayPal,Charlie Davis,6,776.85,461.28,4661.1,2767.68,488.42,44.81,247.87,3548.78,345.95,7.52,2024,11,Nov,2024-11,2024Q4,Saturday,1831.25,461.95,247.87,62.17,4598.93,18.0,827.81,78.1,91.05,24.48,1243.05,588.2,510.1,443.53,22.0,97.58,345.95,7.52,12.79,11.09,9.64,39.82,76.14,10.48,766.49,591.46,57.66,Moderate Margin (5-20%)
TXN-1900,2024-12-01,Electronics,Smart Display 10,Seattle,West,Government,Wire Transfer,Bob Jones,10,335.03,199.83,3350.3,1998.3,434.86,121.21,131.55,2685.92,189.82,5.77,2024,12,Dec,2024-12,2024Q4,Sunday,1291.96,248.84,131.55,60.04,3290.26,18.0,592.25,77.18,47.54,12.58,936.46,355.5,278.32,243.36,22.0,53.54,189.82,5.77,10.8,8.46,7.4,39.27,80.17,12.98,329.03,268.59,18.98,Moderate Margin (5-20%)
TXN-1158,2024-12-02,Electronics,Laptop Pro 15,Boston,East,SMB,PayPal,Alice Smith,4,1222.08,770.6,4888.32,3082.4,545.11,41.21,146.65,3815.37,256.87,5.35,2024,12,Dec,2024-12,2024Q4,Monday,1715.81,528.33,146.65,90.11,4798.21,18.0,863.68,87.97,65.61,28.39,1261.3,454.51,366.54,329.32,22.0,72.45,256.87,5.35,9.47,7.64,6.86,35.76,78.05,11.15,1199.55,953.84,64.22,Moderate Margin (5-20%)
TXN-1359,2024-12-02,Services,Cybersecurity Audit,Phoenix,West,Enterprise,PayPal,Diana Prince,21,2316.69,833.47,48650.49,17502.87,5448.03,126.72,1546.15,24623.77,12231.07,25.83,2024,12,Dec,2024-12,2024Q4,Monday,29843.92,5692.67,1546.15,1303.7,47346.79,18.0,8522.42,1074.07,511.13,235.71,12813.57,17030.35,15956.28,15680.86,22.0,3449.79,12231.07,25.83,35.97,33.7,33.12,63.03,50.61,11.2,2254.61,1172.56,582.43,High Margin (>=20%)
TXN-1663,2024-12-03,Software,Enterprise ERP License,New York,East,Government,Credit Card,Alice Smith,16,2375.16,506.24,38002.56,8099.84,3303.03,113.79,1140.08,12656.74,15425.18,41.15,2024,12,Dec,2024-12,2024Q4,Tuesday,29387.84,3811.23,1140.08,514.88,37487.68,18.0,6747.78,797.69,537.67,91.52,8368.13,21019.71,20222.02,19775.87,22.0,4350.69,15425.18,41.15,56.07,53.94,52.75,78.39,33.3,8.69,2342.98,791.05,964.07,High Margin (>=20%)
TXN-1285,2024-12-04,Office Supplies,Mesh Office Chair,San Francisco,West,Consumer,PayPal,Charlie Davis,5,315.38,162.36,1576.9,811.8,96.57,39.04,49.73,997.14,268.37,17.3,2024,12,Dec,2024-12,2024Q4,Wednesday,739.09,155.98,49.73,26.01,1550.89,18.0,279.16,28.97,29.74,5.0,341.32,397.77,368.8,344.06,22.0,75.69,268.37,17.3,25.65,23.78,22.18,47.66,63.23,6.12,310.18,199.43,53.67,Moderate Margin (5-20%)
TXN-1309,2024-12-08,Electronics,Laptop Pro 15,Phoenix,West,Government,Wire Transfer,Alice Smith,32,1114.94,743.9,35678.08,23804.8,3449.16,392.0,1311.28,28957.24,894.72,2.56,2024,12,Dec,2024-12,2024Q4,Sunday,11082.72,3916.0,1311.28,790.56,34887.52,18.0,6279.75,541.43,561.23,235.46,9068.44,2014.28,1472.85,1147.08,22.0,252.36,894.72,2.56,5.77,4.22,3.29,31.77,81.16,9.67,1090.23,904.91,27.96,Low Margin (0-5%)
TXN-1362,2024-12-09,Office Supplies,Ergonomic Executive Desk,Austin,South,Consumer,PayPal,Diana Prince,6,845.08,441.9,5070.48,2651.4,497.5,49.1,199.47,3397.47,736.75,14.75,2024,12,Dec,2024-12,2024Q4,Monday,2344.35,518.02,199.47,74.73,4995.75,18.0,899.24,76.45,70.63,11.37,1264.09,1080.26,1003.81,944.55,22.0,207.8,736.75,14.75,21.62,20.09,18.91,46.93,67.0,9.81,832.62,566.24,122.79,Moderate Margin (5-20%)
TXN-1002,2024-12-09,Hardware,Gigabit Switch 24-Port,Austin,South,Enterprise,Direct Invoice,Evan Wright,5,435.91,260.64,2179.55,1303.2,206.09,39.56,92.28,1641.13,153.0,7.09,2024,12,Dec,2024-12,2024Q4,Monday,853.48,256.17,92.28,22.87,2156.68,18.0,388.2,34.26,34.24,5.28,594.1,259.38,225.12,196.16,22.0,43.16,153.0,7.09,12.03,10.44,9.1,39.57,75.3,9.46,431.34,328.23,30.6,Moderate Margin (5-20%)
TXN-1007,2024-12-09,Electronics,Ultra-Wide Monitor 34,Los Angeles,West,Enterprise,PayPal,Charlie Davis,21,671.98,391.03,14111.58,8211.63,1530.78,299.52,569.45,10611.38,1288.18,9.35,2024,12,Dec,2024-12,2024Q4,Monday,5565.99,1028.79,569.45,333.96,13777.62,18.0,2479.97,263.12,257.64,34.82,3428.54,2137.45,1874.33,1651.51,22.0,363.33,1288.18,9.35,15.51,13.6,11.99,40.4,75.2,10.85,656.08,505.3,61.34,Moderate Margin (5-20%)
TXN-2152,2024-12-09,Electronics,Laptop Pro 15,Chicago,Midwest,Government,PayPal,Alice Smith,18,1205.62,713.25,21701.16,12838.5,1889.67,161.75,658.59,15548.51,1955.83,9.27,2024,12,Dec,2024-12,2024Q4,Monday,8249.26,2427.29,658.59,613.4,21087.76,18.0,3795.8,355.28,313.4,64.19,5137.3,3111.96,2756.68,2507.47,22.0,551.64,1955.83,9.27,14.76,13.07,11.89,39.12,71.65,8.71,1171.54,863.81,108.66,Moderate Margin (5-20%)
TXN-1149,2024-12-10,Software,Cloud Storage Annual,Boston,East,Enterprise,Direct Invoice,Alice Smith,27,383.31,77.14,10349.37,2082.78,721.46,216.88,310.48,3331.6,4435.81,44.17,2024,12,Dec,2024-12,2024Q4,Tuesday,7958.67,751.09,310.48,307.92,10041.45,18.0,1807.46,197.37,145.14,70.69,1999.91,5958.76,5761.39,5686.94,22.0,1251.13,4435.81,44.17,59.34,57.38,56.63,79.26,32.19,6.97,371.91,123.39,164.29,High Margin (>=20%)
TXN-1664,2024-12-10,Office Supplies,High-Speed Paper Shredder,Chicago,Midwest,SMB,Direct Invoice,Alice Smith,5,193.57,89.44,967.85,447.2,124.74,53.29,48.19,673.42,128.52,13.56,2024,12,Dec,2024-12,2024Q4,Tuesday,500.42,79.23,48.19,20.23,947.62,18.0,170.57,20.55,13.43,3.78,305.45,194.97,174.42,164.77,22.0,36.25,128.52,13.56,20.57,18.41,17.39,52.81,69.58,12.89,189.52,134.68,25.7,Moderate Margin (5-20%)
TXN-1913,2024-12-11,Electronics,Smart Display 10,Miami,East,SMB,Direct Invoice,Alice Smith,3,363.87,195.05,1091.61,585.15,101.71,17.47,50.86,755.19,140.5,13.05,2024,12,Dec,2024-12,2024Q4,Wednesday,491.52,110.48,50.86,14.94,1076.67,18.0,193.8,24.11,11.91,5.15,280.52,211.0,186.89,180.13,22.0,39.63,140.5,13.05,19.6,17.36,16.73,45.65,69.18,9.32,358.89,251.73,46.83,Moderate Margin (5-20%)
TXN-1925,2024-12-12,Electronics,Laptop Pro 15,Houston,South,SMB,Direct Invoice,Alice Smith,4,1271.86,722.59,5087.44,2890.36,375.57,34.31,165.92,3466.16,633.33,12.83,2024,12,Dec,2024-12,2024Q4,Thursday,2046.07,464.28,165.92,151.01,4936.43,18.0,888.56,116.09,92.09,14.15,1040.08,1005.99,889.9,811.96,22.0,178.63,633.33,12.83,20.38,18.03,16.45,41.45,68.13,7.38,1234.11,866.54,158.33,Moderate Margin (5-20%)
TXN-1759,2024-12-13,Electronics,Smart Display 10,Austin,South,Enterprise,Credit Card,Alice Smith,26,363.9,208.12,9461.4,5411.12,1221.31,305.26,283.84,7221.53,472.36,5.11,2024,12,Dec,2024-12,2024Q4,Friday,3835.28,1085.17,283.84,215.0,9246.4,18.0,1664.35,219.95,148.7,34.54,2895.58,939.7,719.75,605.59,22.0,133.23,472.36,5.11,10.16,7.78,6.55,41.48,76.33,12.91,355.63,277.75,18.17,Moderate Margin (5-20%)
TXN-1964,2024-12-13,Services,Cloud Migration Consulting,Houston,South,SMB,Wire Transfer,Alice Smith,5,3407.46,1201.11,17037.3,6005.55,1747.82,38.38,792.46,8584.21,4714.62,28.44,2024,12,Dec,2024-12,2024Q4,Friday,10574.66,1524.24,792.46,457.09,16580.21,18.0,2984.44,300.55,178.76,51.94,4102.9,6471.76,6171.21,6044.39,22.0,1329.77,4714.62,28.44,39.03,37.22,36.46,63.78,50.38,10.26,3316.04,1716.84,942.92,High Margin (>=20%)
TXN-1352,2024-12-13,Electronics,Wireless Noise-Canceling Headset,Houston,South,Consumer,Wire Transfer,Bob Jones,4,234.11,115.51,936.44,462.04,129.54,46.95,56.72,695.25,62.7,6.85,2024,12,Dec,2024-12,2024Q4,Friday,453.77,105.65,56.72,20.63,915.81,18.0,164.85,20.36,17.18,3.01,338.86,114.91,94.55,80.38,22.0,17.68,62.7,6.85,12.55,10.32,8.78,49.55,74.24,13.83,228.95,173.81,15.68,Moderate Margin (5-20%)
TXN-1022,2024-12-14,Electronics,Smart Display 10,Houston,South,SMB,Direct Invoice,Alice Smith,4,338.49,197.7,1353.96,790.8,173.43,32.68,54.87,1051.78,115.62,8.65,2024,12,Dec,2024-12,2024Q4,Saturday,545.53,104.22,54.87,17.63,1336.33,18.0,240.54,20.63,16.53,5.06,365.2,180.33,159.7,148.23,22.0,32.61,115.62,8.65,13.49,11.95,11.09,40.82,77.68,12.81,334.08,262.94,28.9,Moderate Margin (5-20%)
TXN-1314,2024-12-14,Services,Cloud Migration Consulting,Chicago,Midwest,SMB,Credit Card,Fiona Gallagher,5,3709.48,1169.96,18547.4,5849.8,1503.45,25.03,850.13,8228.41,5722.63,31.18,2024,12,Dec,2024-12,2024Q4,Saturday,12505.36,2191.05,850.13,192.24,18355.16,18.0,3303.93,347.16,366.93,115.09,4569.66,7935.7,7588.54,7336.7,22.0,1614.07,5722.63,31.18,43.23,41.34,39.97,68.13,44.36,8.11,3671.03,1645.68,1144.53,High Margin (>=20%)
TXN-1939,2024-12-15,Services,Annual IT Maintenance Plan,Seattle,West,SMB,Wire Transfer,Evan Wright,3,1747.45,591.64,5242.35,1774.92,595.25,33.98,168.48,2572.63,1595.01,30.85,2024,12,Dec,2024-12,2024Q4,Sunday,3395.36,397.83,168.48,72.07,5170.28,18.0,930.65,109.94,56.7,11.71,1195.54,2199.82,2089.88,2044.89,22.0,449.88,1595.01,30.85,42.55,40.42,39.55,65.67,49.07,11.35,1723.43,857.54,531.67,High Margin (>=20%)
TXN-1296,2024-12-16,Services,Annual IT Maintenance Plan,New York,East,Government,PayPal,Charlie Davis,30,1881.72,603.97,56451.6,18119.1,4799.64,346.3,1693.55,24958.59,17815.1,32.31,2024,12,Dec,2024-12,2024Q4,Monday,37013.55,5425.69,1693.55,1318.95,55132.65,18.0,9923.88,1139.78,1029.94,261.22,12265.18,24748.37,23608.59,22839.87,22.0,5024.77,17815.1,32.31,44.89,42.82,41.43,67.14,44.21,8.5,1837.76,831.95,593.84,High Margin (>=20%)
TXN-2009,2024-12-16,Services,Cybersecurity Audit,Boston,East,SMB,Direct Invoice,Fiona Gallagher,7,2327.8,802.04,16294.6,5614.28,1666.42,102.3,491.8,7874.8,4921.18,30.69,2024,12,Dec,2024-12,2024Q4,Monday,10422.14,1344.03,491.8,258.18,16036.42,18.0,2886.56,283.77,318.77,94.15,3604.55,6817.59,6533.82,6309.2,22.0,1388.02,4921.18,30.69,42.51,40.74,39.34,64.99,48.33,10.23,2290.92,1124.97,703.03,High Margin (>=20%)
TXN-1484,2024-12-16,Office Supplies,Ergonomic Executive Desk,Austin,South,SMB,PayPal,Diana Prince,6,817.84,440.06,4907.04,2640.36,659.77,31.48,219.27,3550.88,469.65,9.83,2024,12,Dec,2024-12,2024Q4,Monday,2136.89,497.47,219.27,129.79,4777.25,18.0,859.9,77.1,85.73,36.05,1407.99,728.9,651.8,602.12,22.0,132.47,469.65,9.83,15.26,13.64,12.6,44.73,72.36,13.45,796.21,591.81,78.27,Moderate Margin (5-20%)
TXN-1185,2024-12-18,Hardware,Rack Server Blade X,Chicago,Midwest,Consumer,Wire Transfer,Fiona Gallagher,5,3442.41,2065.74,17212.05,10328.7,1440.98,70.91,516.36,12356.95,1912.83,11.38,2024,12,Dec,2024-12,2024Q4,Wednesday,6485.15,1426.83,516.36,398.2,16813.85,18.0,3026.49,359.02,309.99,91.29,3455.08,3030.07,2671.05,2452.35,22.0,539.52,1912.83,11.38,18.02,15.89,14.59,38.57,71.79,8.37,3362.77,2471.39,382.57,Moderate Margin (5-20%)
TXN-1282,2024-12-19,Office Supplies,Ergonomic Executive Desk,Austin,South,SMB,Credit Card,Evan Wright,1,849.42,469.49,849.42,469.49,80.8,14.8,39.92,605.01,99.65,11.88,2024,12,Dec,2024-12,2024Q4,Thursday,369.39,73.81,39.92,10.54,838.88,18.0,151.0,19.84,14.71,2.24,209.33,160.06,140.22,127.75,22.0,28.1,99.65,11.88,19.08,16.72,15.23,44.03,71.23,9.51,838.88,605.01,99.65,Moderate Margin (5-20%)
TXN-1115,2024-12-21,Services,Annual IT Maintenance Plan,Phoenix,West,SMB,Direct Invoice,Charlie Davis,4,1815.94,613.15,7263.76,2452.6,568.58,59.85,367.14,3448.17,2075.95,29.13,2024,12,Dec,2024-12,2024Q4,Saturday,4672.81,738.51,367.14,138.35,7125.41,18.0,1282.57,154.47,144.56,21.77,1734.08,2938.73,2784.26,2661.47,22.0,585.52,2075.95,29.13,41.24,39.08,37.35,65.58,47.47,7.83,1781.35,862.04,518.99,High Margin (>=20%)
TXN-1721,2024-12-22,Electronics,Wireless Noise-Canceling Headset,Chicago,Midwest,Enterprise,Wire Transfer,Charlie Davis,11,235.35,124.63,2588.85,1370.93,289.79,72.99,77.67,1811.38,268.52,10.63,2024,12,Dec,2024-12,2024Q4,Sunday,1156.01,302.68,77.67,61.91,2526.94,18.0,454.85,45.84,40.92,18.14,743.13,412.88,367.04,344.26,22.0,75.74,268.52,10.63,16.34,14.53,13.62,45.75,69.97,11.19,229.72,164.67,24.41,Moderate Margin (5-20%)
TXN-1222,2024-12-23,Software,Security Firewall Pro,New York,East,SMB,Wire Transfer,Diana Prince,6,788.83,210.6,4732.98,1263.6,436.52,47.72,141.99,1889.83,1658.39,35.76,2024,12,Dec,2024-12,2024Q4,Monday,3374.04,465.8,141.99,95.34,4637.64,18.0,834.78,113.21,64.49,21.83,1092.03,2282.01,2168.8,2126.14,22.0,467.75,1658.39,35.76,49.21,46.77,45.85,72.75,39.93,9.22,772.94,314.97,276.4,High Margin (>=20%)
TXN-1597,2024-12-24,Electronics,Wireless Noise-Canceling Headset,Miami,East,Enterprise,PayPal,Evan Wright,15,259.42,125.9,3891.3,1888.5,429.33,130.54,131.42,2579.79,561.69,14.79,2024,12,Dec,2024-12,2024Q4,Tuesday,1908.14,402.27,131.42,94.66,3796.64,18.0,683.4,64.49,39.91,9.94,1093.56,814.58,750.09,720.12,22.0,158.43,561.69,14.79,21.46,19.76,18.97,50.26,66.3,11.03,253.11,171.99,37.45,Moderate Margin (5-20%)
TXN-1407,2024-12-26,Software,Security Firewall Pro,Los Angeles,West,SMB,Direct Invoice,Fiona Gallagher,4,856.02,230.47,3424.08,921.88,306.56,34.29,121.96,1384.69,1243.03,36.72,2024,12,Dec,2024-12,2024Q4,Thursday,2463.33,306.32,121.96,38.87,3385.21,18.0,609.34,77.29,46.6,23.32,769.13,1694.2,1616.91,1593.63,22.0,350.6,1243.03,36.72,50.05,47.76,47.08,72.77,40.44,8.95,846.3,346.17,310.76,High Margin (>=20%)
TXN-1519,2024-12-27,Office Supplies,Mesh Office Chair,Phoenix,West,Consumer,Direct Invoice,Diana Prince,5,328.82,163.03,1644.1,815.15,143.56,35.78,83.55,1078.04,214.74,13.46,2024,12,Dec,2024-12,2024Q4,Friday,780.16,196.25,83.55,48.79,1595.31,18.0,287.16,31.61,18.8,4.7,459.14,321.02,289.41,275.31,22.0,60.57,214.74,13.46,20.12,18.14,17.26,48.9,65.57,8.73,319.06,215.61,42.95,Moderate Margin (5-20%)
TXN-1894,2024-12-27,Software,Security Firewall Pro,San Francisco,West,Enterprise,Direct Invoice,Fiona Gallagher,26,807.06,213.69,20983.56,5555.94,1714.04,209.1,747.07,8226.15,7607.92,37.01,2024,12,Dec,2024-12,2024Q4,Friday,14998.16,1885.57,747.07,429.46,20554.1,18.0,3699.74,428.43,376.92,116.71,4555.78,10442.38,10013.95,9753.74,22.0,2145.82,7607.92,37.01,50.8,48.72,47.45,72.97,39.2,8.17,790.54,316.39,292.61,High Margin (>=20%)
TXN-1835,2024-12-27,Software,Data Analytics Suite,New York,East,Enterprise,PayPal,Bob Jones,25,1477.3,295.12,36932.5,7378.0,2257.91,163.35,1183.8,10983.06,16103.22,44.59,2024,12,Dec,2024-12,2024Q4,Friday,28735.69,3505.57,1183.8,818.81,36113.69,18.0,6500.46,698.41,396.19,114.69,7110.63,21625.06,20926.65,20645.15,22.0,4541.93,16103.22,44.59,59.88,57.95,57.17,79.57,29.74,6.11,1444.55,439.32,644.13,High Margin (>=20%)
TXN-1210,2024-12-28,Office Supplies,Mesh Office Chair,Miami,East,Enterprise,PayPal,Evan Wright,19,319.38,154.08,6068.22,2927.52,769.68,165.38,204.42,4067.0,959.94,16.26,2024,12,Dec,2024-12,2024Q4,Saturday,2974.64,473.57,204.42,166.06,5902.16,18.0,1062.39,94.83,63.88,27.81,1613.05,1361.59,1266.76,1230.69,22.0,270.75,959.94,16.26,23.07,21.46,20.85,50.4,67.02,12.68,310.64,214.05,50.52,Moderate Margin (5-20%)
TXN-1344,2024-12-29,Office Supplies,Standing Desk Converter,Seattle,West,SMB,Credit Card,Diana Prince,7,257.88,133.87,1805.16,937.09,185.62,74.63,85.25,1282.59,223.77,12.59,2024,12,Dec,2024-12,2024Q4,Sunday,840.76,165.52,85.25,27.31,1777.85,18.0,320.01,29.62,25.15,11.91,511.02,329.74,300.12,286.88,22.0,63.11,223.77,12.59,18.55,16.88,16.14,47.29,71.05,10.28,253.98,183.23,31.97,Moderate Margin (5-20%)
TXN-1760,2024-12-29,Hardware,Gigabit Switch 24-Port,Seattle,West,Consumer,PayPal,Bob Jones,3,474.86,260.66,1424.58,781.98,164.28,41.5,63.78,1051.54,114.21,8.23,2024,12,Dec,2024-12,2024Q4,Sunday,605.97,155.89,63.78,36.63,1387.95,18.0,249.83,25.53,16.88,8.31,425.45,180.52,154.99,146.42,22.0,32.21,114.21,8.23,13.01,11.17,10.55,43.66,73.81,11.53,462.65,350.51,38.07,Moderate Margin (5-20%)
TXN-1271,2024-12-31,Services,Cybersecurity Audit,Boston,East,Enterprise,Credit Card,Bob Jones,7,2099.8,807.77,14698.6,5654.39,1581.34,61.05,460.28,7757.06,3558.32,24.74,2024,12,Dec,2024-12,2024Q4,Tuesday,8730.54,1623.73,460.28,313.67,14384.93,18.0,2589.29,315.26,205.08,78.15,3726.4,5004.14,4688.88,4561.95,22.0,1003.63,3558.32,24.74,34.79,32.6,31.71,60.69,52.77,10.76,2054.99,1108.15,508.33,High Margin (>=20%)
TXN-1382,2025-01-03,Electronics,Smart Display 10,San Francisco,West,Enterprise,Wire Transfer,Fiona Gallagher,20,360.11,193.32,7202.2,3866.4,466.19,238.15,300.14,4870.88,935.49,13.22,2025,1,Jan,2025-01,2025Q1,Friday,3207.47,755.06,300.14,128.33,7073.87,18.0,1273.3,168.79,130.05,50.25,1759.54,1447.93,1279.14,1199.34,22.0,263.85,935.49,13.22,20.47,18.08,16.95,45.34,67.63,6.47,353.69,243.54,46.77,Moderate Margin (5-20%)
TXN-1385,2025-01-04,Hardware,NAS Storage Enclosure,Boston,East,SMB,PayPal,Charlie Davis,3,841.47,467.55,2524.41,1402.65,328.03,39.92,83.95,1854.55,184.38,7.53,2025,1,Jan,2025-01,2025Q1,Saturday,1046.64,269.49,83.95,75.12,2449.29,18.0,440.87,59.42,45.88,16.43,721.39,325.25,265.83,236.38,22.0,52.0,184.38,7.53,13.28,10.85,9.65,42.73,73.46,12.99,816.43,618.18,61.46,Moderate Margin (5-20%)
TXN-1952,2025-01-04,Office Supplies,Standing Desk Converter,Seattle,West,Consumer,PayPal,Charlie Davis,4,296.29,138.2,1185.16,552.8,90.91,51.01,50.68,745.4,214.16,18.32,2025,1,Jan,2025-01,2025Q1,Saturday,616.39,122.37,50.68,15.97,1169.19,18.0,210.45,22.81,12.09,8.05,314.97,301.42,278.61,274.57,22.0,60.41,214.16,18.32,25.78,23.83,23.48,52.72,62.89,7.67,292.3,186.35,53.54,Moderate Margin (5-20%)
TXN-2140,2025-01-04,Software,Security Firewall Pro,Austin,South,Consumer,Credit Card,Evan Wright,2,895.64,209.4,1791.28,418.8,222.43,28.94,53.74,723.91,628.35,35.74,2025,1,Jan,2025-01,2025Q1,Saturday,1339.56,178.45,53.74,32.92,1758.36,18.0,316.5,27.99,29.04,6.61,483.56,856.0,828.01,805.58,22.0,177.23,628.35,35.74,48.68,47.09,45.81,76.18,40.41,12.42,879.18,361.96,314.18,High Margin (>=20%)
TXN-2059,2025-01-04,Electronics,Wireless Noise-Canceling Headset,Miami,East,Enterprise,Wire Transfer,Evan Wright,8,254.56,124.33,2036.48,994.64,244.9,84.27,78.15,1401.96,269.25,13.44,2025,1,Jan,2025-01,2025Q1,Saturday,1008.57,191.42,78.15,33.27,2003.21,18.0,360.58,44.74,24.22,4.32,598.74,409.83,365.09,345.19,22.0,75.94,269.25,13.44,20.46,18.23,17.23,50.35,68.84,12.03,250.4,175.24,33.66,Moderate Margin (5-20%)
TXN-1118,2025-01-05,Software,Cloud Storage Annual,Miami,East,SMB,Direct Invoice,Evan Wright,7,383.09,82.21,2681.63,575.47,247.85,77.13,118.08,1018.53,1024.71,39.18,2025,1,Jan,2025-01,2025Q1,Sunday,2040.11,212.73,118.08,66.05,2615.58,18.0,470.8,53.01,28.93,11.35,655.79,1384.32,1331.31,1313.73,22.0,289.02,1024.71,39.18,52.93,50.9,50.23,78.0,37.98,9.24,373.65,145.5,146.39,High Margin (>=20%)
TXN-1523,2025-01-05,Office Supplies,High-Speed Paper Shredder,Houston,South,SMB,PayPal,Evan Wright,1,188.75,92.86,188.75,92.86,26.11,10.02,32.26,161.25,-4.63,-2.49,2025,1,Jan,2025-01,2025Q1,Sunday,92.86,22.37,32.26,3.03,185.72,18.0,33.43,4.37,3.2,0.84,90.76,2.1,-2.27,-4.63,22.0,0.0,-4.63,-2.49,1.13,-1.22,-2.49,50.0,85.43,13.83,185.72,161.25,-4.63,Loss Making (<0%)
TXN-2089,2025-01-05,Services,Annual IT Maintenance Plan,Houston,South,SMB,PayPal,Fiona Gallagher,7,1790.81,629.18,12535.67,4404.26,1178.66,77.29,376.07,6036.28,3474.23,28.27,2025,1,Jan,2025-01,2025Q1,Sunday,7885.2,1498.75,376.07,246.21,12289.46,18.0,2212.1,192.01,193.58,85.3,3130.77,4754.43,4562.42,4454.14,22.0,979.91,3474.23,28.27,38.69,37.12,36.24,64.16,48.15,9.4,1755.64,862.33,496.32,High Margin (>=20%)
TXN-2053,2025-01-09,Office Supplies,Mesh Office Chair,Houston,South,Enterprise,Credit Card,Charlie Davis,14,340.48,152.8,4766.72,2139.2,419.54,86.61,143.0,2788.35,911.96,19.59,2025,1,Jan,2025-01,2025Q1,Thursday,2516.05,557.48,143.0,111.47,4655.25,18.0,837.94,103.8,70.33,33.89,1206.63,1309.42,1205.62,1169.18,22.0,257.22,911.96,19.59,28.13,25.9,25.12,54.05,58.5,8.8,332.52,199.17,65.14,Moderate Margin (5-20%)
TXN-1837,2025-01-10,Office Supplies,Ergonomic Executive Desk,San Francisco,West,SMB,Direct Invoice,Evan Wright,6,787.97,456.92,4727.82,2741.52,576.39,78.83,172.82,3569.56,338.51,7.25,2025,1,Jan,2025-01,2025Q1,Friday,1928.23,547.21,172.82,58.07,4669.75,18.0,840.56,81.3,63.82,26.13,1375.25,552.98,471.68,433.99,22.0,95.48,338.51,7.25,11.84,10.1,9.29,41.29,75.5,12.19,778.29,594.93,56.42,Moderate Margin (5-20%)
TXN-1186,2025-01-11,Office Supplies,Mesh Office Chair,San Francisco,West,SMB,Wire Transfer,Fiona Gallagher,3,339.45,160.41,1018.35,481.23,81.01,18.39,48.11,628.74,185.63,18.53,2025,1,Jan,2025-01,2025Q1,Saturday,520.31,104.89,48.11,16.81,1001.54,18.0,180.28,21.64,11.25,2.97,252.4,267.91,246.27,237.99,22.0,52.36,185.63,18.53,26.75,24.59,23.76,51.95,61.74,7.96,333.85,209.58,61.88,Moderate Margin (5-20%)
TXN-1574,2025-01-11,Office Supplies,Standing Desk Converter,Miami,East,Consumer,Wire Transfer,Charlie Davis,7,262.86,136.53,1840.02,955.71,245.94,75.71,86.6,1363.96,139.99,7.84,2025,1,Jan,2025-01,2025Q1,Saturday,830.75,186.03,86.6,53.56,1786.46,18.0,321.56,41.11,28.19,12.31,594.28,236.47,195.36,179.48,22.0,39.49,139.99,7.84,13.24,10.94,10.05,46.5,74.13,13.37,255.21,194.85,20.0,Moderate Margin (5-20%)
TXN-1665,2025-01-11,Software,Security Firewall Pro,San Francisco,West,SMB,Wire Transfer,Evan Wright,7,860.46,209.9,6023.22,1469.3,615.49,97.05,290.96,2472.8,2115.05,36.19,2025,1,Jan,2025-01,2025Q1,Saturday,4375.07,452.28,290.96,178.85,5844.37,18.0,1051.99,129.41,99.97,21.69,1455.78,2919.29,2789.88,2711.6,22.0,596.55,2115.05,36.19,49.95,47.74,46.4,74.86,41.05,10.22,834.91,353.26,302.15,High Margin (>=20%)
TXN-1094,2025-01-14,Office Supplies,Mesh Office Chair,Boston,East,Enterprise,Direct Invoice,Diana Prince,12,342.67,162.39,4112.04,1948.68,446.65,121.52,123.36,2640.21,668.15,16.64,2025,1,Jan,2025-01,2025Q1,Tuesday,2065.54,403.24,123.36,97.82,4014.22,18.0,722.56,77.58,50.76,14.17,1094.77,970.77,893.19,856.6,22.0,188.45,668.15,16.64,24.18,22.25,21.34,51.46,64.21,10.86,334.52,220.02,55.68,Moderate Margin (5-20%)
TXN-2016,2025-01-14,Software,Cloud Storage Annual,Miami,East,SMB,Credit Card,Charlie Davis,3,369.35,78.69,1108.05,236.07,79.29,21.99,59.14,396.49,413.42,37.92,2025,1,Jan,2025-01,2025Q1,Tuesday,854.15,128.82,59.14,17.83,1090.22,18.0,196.24,22.89,14.59,2.59,289.24,564.91,542.02,530.02,22.0,116.6,413.42,37.92,51.82,49.72,48.62,78.35,35.78,7.16,363.41,132.16,137.81,High Margin (>=20%)
TXN-1733,2025-01-15,Software,Cloud Storage Annual,Phoenix,West,Consumer,Wire Transfer,Evan Wright,5,372.25,76.01,1861.25,380.05,189.59,42.2,115.73,727.57,656.28,36.02,2025,1,Jan,2025-01,2025Q1,Wednesday,1441.72,192.19,115.73,39.48,1821.77,18.0,327.92,45.28,26.8,11.45,539.71,902.01,856.73,841.38,22.0,185.1,656.28,36.02,49.51,47.03,46.18,79.14,39.09,10.19,364.35,145.51,131.26,High Margin (>=20%)
TXN-2157,2025-01-15,Electronics,Wireless Noise-Canceling Headset,Phoenix,West,Consumer,Wire Transfer,Evan Wright,2,250.67,116.56,501.34,233.12,51.6,26.71,41.88,353.31,64.65,13.27,2025,1,Jan,2025-01,2025Q1,Wednesday,254.16,39.07,41.88,14.06,487.28,18.0,87.71,8.89,5.06,1.93,159.26,94.9,86.01,82.88,22.0,18.23,64.65,13.27,19.48,17.65,17.01,52.16,70.47,10.29,243.64,176.66,32.33,Moderate Margin (5-20%)
TXN-1586,2025-01-15,Electronics,Smart Display 10,Chicago,Midwest,Enterprise,PayPal,Alice Smith,14,341.3,193.22,4778.2,2705.08,501.96,202.13,143.35,3552.52,412.5,8.88,2025,1,Jan,2025-01,2025Q1,Wednesday,1939.8,391.85,143.35,133.32,4644.88,18.0,836.08,117.88,78.0,24.21,1239.29,700.51,582.63,528.84,22.0,116.34,412.5,8.88,15.08,12.54,11.39,41.76,74.35,10.51,331.78,253.75,29.46,Moderate Margin (5-20%)
TXN-1773,2025-01-15,Services,Cybersecurity Audit,Boston,East,Government,Credit Card,Diana Prince,24,2058.65,833.34,49407.6,20000.16,5178.6,156.92,2115.76,27451.44,12809.12,26.33,2025,1,Jan,2025-01,2025Q1,Wednesday,28643.53,3773.48,2115.76,763.91,48643.69,18.0,8755.86,819.92,519.35,342.45,11224.76,17418.77,16598.85,16421.95,22.0,3612.83,12809.12,26.33,35.81,34.12,33.76,58.88,55.56,10.48,2026.82,1143.81,533.71,High Margin (>=20%)
TXN-1147,2025-01-15,Hardware,NAS Storage Enclosure,Miami,East,SMB,Credit Card,Evan Wright,5,732.8,478.96,3664.0,2394.8,368.19,36.63,109.92,2909.54,176.74,4.91,2025,1,Jan,2025-01,2025Q1,Wednesday,1207.21,368.15,109.92,61.99,3602.01,18.0,648.36,57.81,60.95,21.03,882.89,324.32,266.51,226.59,22.0,49.85,176.74,4.91,9.0,7.4,6.29,33.51,79.41,10.05,720.4,581.91,35.35,Low Margin (0-5%)
TXN-1405,2025-01-17,Electronics,Wireless Noise-Canceling Headset,Houston,South,Government,PayPal,Diana Prince,24,234.22,124.07,5621.28,2977.68,639.03,287.29,198.66,4102.66,652.95,11.75,2025,1,Jan,2025-01,2025Q1,Friday,2579.58,483.44,198.66,64.02,5557.26,18.0,1000.31,113.63,64.6,44.18,1608.42,971.16,857.53,837.11,22.0,184.16,652.95,11.75,17.48,15.43,15.06,46.42,72.98,11.37,231.55,170.94,27.21,Moderate Margin (5-20%)
TXN-1809,2025-01-17,Services,Annual IT Maintenance Plan,Chicago,Midwest,Enterprise,Direct Invoice,Alice Smith,19,1943.04,623.6,36917.76,11848.4,3731.29,251.81,1612.1,17443.6,11378.19,31.17,2025,1,Jan,2025-01,2025Q1,Friday,24651.92,3416.44,1612.1,417.44,36500.32,18.0,6570.06,715.91,510.25,173.3,9011.64,15640.28,14924.37,14587.42,22.0,3209.23,11378.19,31.17,42.85,40.89,39.97,67.54,47.25,10.11,1921.07,918.08,598.85,High Margin (>=20%)
TXN-2197,2025-01-19,Office Supplies,High-Speed Paper Shredder,Seattle,West,SMB,Credit Card,Alice Smith,7,192.61,86.77,1348.27,607.39,121.42,54.75,79.18,862.74,214.98,16.16,2025,1,Jan,2025-01,2025Q1,Sunday,723.23,160.01,79.18,17.65,1330.62,18.0,239.51,23.32,15.7,6.77,415.36,307.87,284.55,275.62,22.0,60.64,214.98,16.16,23.14,21.38,20.71,54.35,63.99,9.01,190.09,123.25,30.71,Moderate Margin (5-20%)
TXN-1786,2025-01-19,Services,Cloud Migration Consulting,Austin,South,Enterprise,Credit Card,Fiona Gallagher,18,3383.82,1222.07,60908.76,21997.26,7527.34,110.31,2138.5,31773.41,15093.84,25.07,2025,1,Jan,2025-01,2025Q1,Sunday,38204.23,7030.24,2138.5,707.27,60201.49,18.0,10836.27,1239.83,948.88,141.95,16806.39,21397.84,20158.01,19351.08,22.0,4257.24,15093.84,25.07,35.54,33.48,32.14,63.46,52.17,12.36,3344.53,1765.19,838.55,High Margin (>=20%)
TXN-1968,2025-01-21,Hardware,Gigabit Switch 24-Port,Boston,East,SMB,Direct Invoice,Charlie Davis,2,475.97,271.78,951.94,543.56,89.36,13.45,58.46,704.83,100.03,10.64,2025,1,Jan,2025-01,2025Q1,Tuesday,396.46,80.78,58.46,11.92,940.02,18.0,169.2,16.84,11.62,2.29,242.05,154.41,137.57,128.24,22.0,28.21,100.03,10.64,16.43,14.63,13.64,42.18,74.04,9.39,470.01,352.42,50.02,Moderate Margin (5-20%)
TXN-1736,2025-01-21,Hardware,NAS Storage Enclosure,Chicago,Midwest,SMB,Wire Transfer,Charlie Davis,5,724.22,482.06,3621.1,2410.3,292.6,54.38,130.56,2887.84,94.47,2.68,2025,1,Jan,2025-01,2025Q1,Tuesday,1116.29,412.3,130.56,94.51,3526.59,18.0,634.79,76.65,38.19,9.51,889.84,226.45,149.8,121.12,22.0,26.65,94.47,2.68,6.42,4.25,3.43,31.65,79.75,8.08,705.32,577.57,18.89,Low Margin (0-5%)
TXN-1436,2025-01-21,Software,Enterprise ERP License,Phoenix,West,Consumer,Credit Card,Charlie Davis,5,2414.59,500.9,12072.95,2504.5,1446.84,66.83,509.84,4528.01,4361.62,36.67,2025,1,Jan,2025-01,2025Q1,Tuesday,9391.06,1268.24,509.84,177.39,11895.56,18.0,2141.2,292.11,240.06,24.68,3291.75,6099.31,5807.2,5591.82,22.0,1230.2,4361.62,36.67,51.27,48.82,47.01,78.95,37.51,11.98,2379.11,905.6,872.32,High Margin (>=20%)
TXN-1404,2025-01-21,Services,Cybersecurity Audit,New York,East,SMB,Wire Transfer,Diana Prince,7,2083.23,826.92,14582.61,5788.44,1515.32,48.24,606.06,7958.06,3367.07,23.49,2025,1,Jan,2025-01,2025Q1,Tuesday,8544.81,1623.38,606.06,249.36,14333.25,18.0,2579.98,358.75,168.27,91.96,3793.0,4751.81,4393.06,4316.75,22.0,949.68,3367.07,23.49,33.15,30.65,30.12,59.62,54.57,10.39,2047.61,1136.87,481.01,High Margin (>=20%)
TXN-2103,2025-01-22,Software,Security Firewall Pro,Miami,East,Enterprise,Wire Transfer,Evan Wright,25,815.43,225.03,20385.75,5625.75,2442.66,224.36,611.57,8904.34,6200.36,31.04,2025,1,Jan,2025-01,2025Q1,Wednesday,14347.12,2327.83,611.57,412.88,19972.87,18.0,3595.12,509.08,339.04,56.6,5606.42,8740.7,8231.62,7949.18,22.0,1748.82,6200.36,31.04,43.76,41.21,39.8,71.83,43.68,11.98,798.91,356.17,248.01,High Margin (>=20%)
TXN-1005,2025-01-24,Software,Security Firewall Pro,Austin,South,Enterprise,Wire Transfer,Bob Jones,16,909.77,228.69,14556.32,3659.04,1569.64,227.5,436.69,5892.87,5342.73,37.44,2025,1,Jan,2025-01,2025Q1,Friday,10609.46,1132.5,436.69,287.82,14268.5,18.0,2568.33,316.91,177.4,100.84,3366.33,7243.13,6926.22,6849.66,22.0,1506.93,5342.73,37.44,50.76,48.54,48.01,74.36,40.48,10.78,891.78,368.3,333.92,High Margin (>=20%)
TXN-1439,2025-01-26,Services,Cybersecurity Audit,San Francisco,West,SMB,Credit Card,Bob Jones,2,2141.72,801.55,4283.44,1603.1,324.7,26.1,128.5,2082.4,1141.69,27.47,2025,1,Jan,2025-01,2025Q1,Sunday,2552.48,451.1,128.5,127.86,4155.58,18.0,748.0,96.85,71.08,9.55,930.4,1622.08,1525.23,1463.7,22.0,322.01,1141.69,27.47,39.03,36.7,35.22,61.42,48.62,7.58,2077.79,1041.2,570.84,High Margin (>=20%)
TXN-1612,2025-01-27,Services,Cybersecurity Audit,Chicago,Midwest,SMB,Direct Invoice,Charlie Davis,1,2124.07,806.86,2124.07,806.86,227.15,9.46,106.57,1150.04,485.79,23.46,2025,1,Jan,2025-01,2025Q1,Monday,1263.5,233.59,106.57,53.71,2070.36,18.0,372.66,37.97,33.68,7.73,576.77,686.73,648.76,622.81,22.0,137.02,485.79,23.46,33.17,31.34,30.08,61.03,54.14,10.69,2070.36,1150.04,485.79,High Margin (>=20%)
TXN-2174,2025-01-27,Hardware,Rack Server Blade X,New York,East,Government,Wire Transfer,Evan Wright,24,3306.98,2042.46,79367.52,49019.04,8929.88,159.41,2381.03,60489.36,6208.39,7.97,2025,1,Jan,2025-01,2025Q1,Monday,28872.35,6586.72,2381.03,1476.13,77891.39,18.0,14020.45,1975.82,1443.59,563.57,18057.04,10815.31,8839.49,7959.47,22.0,1751.08,6208.39,7.97,13.89,11.35,10.22,37.07,76.21,11.25,3245.47,2520.39,258.68,Moderate Margin (5-20%)
TXN-1560,2025-01-28,Electronics,Ultra-Wide Monitor 34,Houston,South,Consumer,PayPal,Diana Prince,5,637.38,397.27,3186.9,1986.35,414.09,60.4,141.48,2602.32,68.91,2.21,2025,1,Jan,2025-01,2025Q1,Tuesday,1133.76,321.93,141.48,66.79,3120.11,18.0,561.62,73.52,49.9,15.9,937.9,195.86,122.34,88.34,22.0,19.43,68.91,2.21,6.28,3.92,2.83,36.34,81.66,12.99,624.02,520.46,13.78,Low Margin (0-5%)
TXN-2093,2025-01-29,Services,Annual IT Maintenance Plan,Miami,East,Consumer,Credit Card,Evan Wright,1,1915.83,593.14,1915.83,593.14,234.36,12.25,63.46,903.21,570.44,30.2,2025,1,Jan,2025-01,2025Q1,Wednesday,1295.6,192.32,63.46,27.09,1888.74,18.0,339.97,45.62,25.75,9.49,502.39,793.21,747.59,731.33,22.0,160.89,570.44,30.2,42.0,39.58,38.72,68.6,47.14,12.23,1888.74,903.21,570.44,High Margin (>=20%)
TXN-1632,2025-01-29,Software,Data Analytics Suite,New York,East,Enterprise,PayPal,Bob Jones,20,1601.99,308.57,32039.8,6171.4,2757.42,263.4,1023.37,10215.59,12799.04,40.85,2025,1,Jan,2025-01,2025Q1,Wednesday,25162.32,3676.9,1023.37,706.08,31333.72,18.0,5640.07,614.63,498.69,81.11,7721.09,17441.23,16826.6,16409.02,22.0,3609.98,12799.04,40.85,55.66,53.7,52.37,80.3,31.88,8.61,1566.69,510.78,639.95,High Margin (>=20%)
TXN-1565,2025-01-30,Services,Cloud Migration Consulting,Phoenix,West,SMB,Credit Card,Alice Smith,4,3468.47,1246.96,13873.88,4987.84,1288.97,25.81,512.27,6814.89,4044.28,29.53,2025,1,Jan,2025-01,2025Q1,Thursday,8705.67,1214.37,512.27,180.37,13693.51,18.0,2464.83,326.94,222.97,70.63,3041.42,5664.25,5337.31,5184.97,22.0,1140.69,4044.28,29.53,41.36,38.98,37.86,63.58,49.12,9.29,3423.38,1703.72,1011.07,High Margin (>=20%)
TXN-1480,2025-01-30,Electronics,Laptop Pro 15,Austin,South,SMB,PayPal,Fiona Gallagher,6,1161.95,779.98,6971.7,4679.88,768.79,56.32,209.15,5714.14,191.75,2.82,2025,1,Jan,2025-01,2025Q1,Thursday,2125.2,670.36,209.15,166.62,6805.08,18.0,1224.91,117.55,85.49,28.29,1704.62,420.58,303.03,245.83,22.0,54.08,191.75,2.82,6.18,4.45,3.61,31.23,81.96,11.03,1134.18,952.36,31.96,Low Margin (0-5%)
TXN-1448,2025-01-31,Services,Cybersecurity Audit,Seattle,West,SMB,Credit Card,Evan Wright,6,2133.01,776.14,12798.06,4656.84,1698.38,75.62,513.57,6944.41,2967.1,23.82,2025,1,Jan,2025-01,2025Q1,Friday,7801.8,1377.95,513.57,339.42,12458.64,18.0,2242.56,224.09,200.19,91.97,3665.52,4136.28,3912.19,3803.97,22.0,836.87,2967.1,23.82,33.2,31.4,30.53,62.62,54.26,13.27,2076.44,1157.4,494.52,High Margin (>=20%)
TXN-1310,2025-02-02,Software,Data Analytics Suite,Phoenix,West,Consumer,Credit Card,Alice Smith,4,1383.8,300.68,5535.2,1202.72,540.62,46.24,221.92,2011.5,2177.6,40.36,2025,2,Feb,2025-02,2025Q1,Sunday,4192.45,462.42,221.92,140.03,5395.17,18.0,971.13,99.26,73.35,43.16,1271.2,2921.25,2821.99,2791.8,22.0,614.2,2177.6,40.36,54.15,52.31,51.75,77.71,36.34,9.77,1348.79,502.88,544.4,High Margin (>=20%)
TXN-2116,2025-02-02,Hardware,Gigabit Switch 24-Port,Seattle,West,Enterprise,Direct Invoice,Fiona Gallagher,8,421.97,256.16,3375.76,2049.28,249.41,69.86,122.2,2490.75,303.99,9.12,2025,2,Feb,2025-02,2025Q1,Sunday,1283.84,334.21,122.2,42.64,3333.12,18.0,599.96,82.3,44.59,8.46,775.68,508.16,425.86,389.73,22.0,85.74,303.99,9.12,15.25,12.78,11.69,38.52,73.78,7.39,416.64,311.34,38.0,Moderate Margin (5-20%)
TXN-1719,2025-02-02,Services,Cybersecurity Audit,Houston,South,SMB,PayPal,Charlie Davis,4,2302.38,824.24,9209.52,3296.96,1080.2,28.17,279.84,4685.17,2646.16,29.25,2025,2,Feb,2025-02,2025Q1,Sunday,5748.35,701.9,279.84,164.21,9045.31,18.0,1628.16,161.02,129.43,24.72,2090.11,3658.24,3497.22,3392.51,22.0,746.35,2646.16,29.25,40.44,38.66,37.51,63.55,50.87,11.73,2261.33,1171.29,661.54,High Margin (>=20%)
TXN-1157,2025-02-02,Office Supplies,Standing Desk Converter,Miami,East,Enterprise,PayPal,Bob Jones,9,282.22,144.63,2539.98,1301.67,166.36,83.19,77.03,1628.25,395.05,16.0,2025,2,Feb,2025-02,2025Q1,Sunday,1167.15,263.16,77.03,71.16,2468.82,18.0,444.39,51.37,30.09,10.52,589.74,577.41,526.04,506.47,22.0,111.42,395.05,16.0,23.39,21.31,20.51,47.28,64.1,6.55,274.31,180.92,43.89,Moderate Margin (5-20%)
TXN-1969,2025-02-03,Services,Annual IT Maintenance Plan,Los Angeles,West,SMB,PayPal,Diana Prince,3,1842.12,572.09,5526.36,1716.27,724.57,34.25,239.76,2714.85,1561.37,28.93,2025,2,Feb,2025-02,2025Q1,Monday,3680.09,543.35,239.76,130.0,5396.36,18.0,971.34,93.45,62.9,19.94,1541.93,2138.16,2044.71,2001.75,22.0,440.38,1561.37,28.93,39.62,37.89,37.09,68.2,49.13,13.11,1798.79,904.95,520.46,High Margin (>=20%)
TXN-1688,2025-02-03,Office Supplies,Mesh Office Chair,Houston,South,SMB,Direct Invoice,Alice Smith,1,308.49,153.2,308.49,153.2,35.98,9.83,45.5,244.51,20.1,6.61,2025,2,Feb,2025-02,2025Q1,Monday,150.68,25.91,45.5,4.61,303.88,18.0,54.7,4.67,4.86,1.84,117.22,33.46,28.79,25.77,22.0,5.67,20.1,6.61,11.01,9.47,8.48,49.59,79.26,11.66,303.88,244.51,20.1,Moderate Margin (5-20%)
TXN-1103,2025-02-04,Software,Cloud Storage Annual,New York,East,Enterprise,Direct Invoice,Charlie Davis,22,423.78,83.79,9323.16,1843.38,1282.03,274.92,279.69,3680.02,3471.34,37.65,2025,2,Feb,2025-02,2025Q1,Tuesday,7376.86,799.16,279.69,102.92,9220.24,18.0,1659.64,193.32,122.84,25.54,2635.8,4741.06,4547.74,4450.44,22.0,979.1,3471.34,37.65,51.42,49.32,48.27,80.01,39.47,13.75,419.1,167.27,157.79,High Margin (>=20%)
TXN-1020,2025-02-04,Electronics,Ultra-Wide Monitor 34,Miami,East,SMB,Wire Transfer,Fiona Gallagher,6,699.19,375.94,4195.14,2255.64,551.09,67.87,197.33,3071.93,459.01,11.11,2025,2,Feb,2025-02,2025Q1,Tuesday,1874.62,354.75,197.33,64.88,4130.26,18.0,743.45,79.2,49.3,13.4,1171.04,703.58,624.38,588.48,22.0,129.47,459.01,11.11,17.03,15.12,14.25,45.39,73.23,13.14,688.38,511.99,76.5,Moderate Margin (5-20%)
TXN-1051,2025-02-04,Software,Enterprise ERP License,Chicago,Midwest,SMB,Wire Transfer,Fiona Gallagher,5,2438.97,485.46,12194.85,2427.3,1297.19,42.08,446.39,4212.96,4590.58,38.65,2025,2,Feb,2025-02,2025Q1,Tuesday,9451.33,1444.84,446.39,316.22,11878.63,18.0,2138.15,215.88,215.78,96.19,3230.5,6220.83,6004.95,5885.36,22.0,1294.78,4590.58,38.65,52.37,50.55,49.55,79.57,34.55,10.64,2375.73,842.59,918.12,High Margin (>=20%)
TXN-1170,2025-02-04,Hardware,NAS Storage Enclosure,Austin,South,Government,Direct Invoice,Charlie Davis,16,788.97,484.21,12623.52,7747.36,943.71,137.96,379.34,9208.37,1234.23,9.92,2025,2,Feb,2025-02,2025Q1,Tuesday,4689.95,1256.6,379.34,186.21,12437.31,18.0,2238.72,306.65,140.95,57.6,2717.61,1972.34,1665.69,1582.34,22.0,348.11,1234.23,9.92,15.86,13.39,12.72,37.71,72.95,7.48,777.33,575.52,77.14,Moderate Margin (5-20%)
TXN-1559,2025-02-05,Software,Security Firewall Pro,Chicago,Midwest,Enterprise,Wire Transfer,Fiona Gallagher,29,803.34,229.85,23296.86,6665.65,2827.03,222.8,876.64,10592.12,7181.26,31.21,2025,2,Feb,2025-02,2025Q1,Wednesday,16347.11,2510.4,876.64,284.1,23012.76,18.0,4142.3,413.3,456.07,165.87,6436.87,9910.24,9496.94,9206.74,22.0,2025.48,7181.26,31.21,43.06,41.27,40.01,71.03,45.47,12.13,793.54,365.25,247.63,High Margin (>=20%)
TXN-1675,2025-02-06,Hardware,Gigabit Switch 24-Port,Los Angeles,West,SMB,Credit Card,Bob Jones,7,435.69,259.05,3049.83,1813.35,329.24,46.99,139.59,2329.17,205.02,6.89,2025,2,Feb,2025-02,2025Q1,Thursday,1161.28,276.07,139.59,75.2,2974.63,18.0,535.43,63.98,48.85,6.28,791.89,369.39,305.41,262.84,22.0,57.82,205.02,6.89,12.42,10.27,8.84,39.04,76.37,10.8,424.95,332.74,29.29,Moderate Margin (5-20%)
TXN-1301,2025-02-09,Software,Data Analytics Suite,New York,East,Consumer,Wire Transfer,Bob Jones,4,1544.49,285.75,6177.96,1143.0,455.41,38.14,226.7,1863.25,2773.73,45.83,2025,2,Feb,2025-02,2025Q1,Sunday,4909.04,448.42,226.7,125.92,6052.04,18.0,1089.37,124.87,88.43,29.0,1168.67,3740.37,3615.5,3556.07,22.0,782.34,2773.73,45.83,61.8,59.74,58.76,81.11,30.16,7.37,1513.01,465.81,693.43,High Margin (>=20%)
TXN-1898,2025-02-09,Office Supplies,High-Speed Paper Shredder,Miami,East,SMB,Wire Transfer,Bob Jones,5,186.46,93.67,932.3,468.35,73.52,70.41,58.16,670.44,87.79,9.64,2025,2,Feb,2025-02,2025Q1,Sunday,442.79,107.04,58.16,21.16,911.14,18.0,164.01,14.68,10.56,4.13,309.13,133.66,118.98,112.55,22.0,24.76,87.79,9.64,14.67,13.06,12.35,48.6,71.91,7.89,182.23,134.09,17.56,Moderate Margin (5-20%)
TXN-2139,2025-02-10,Hardware,Gigabit Switch 24-Port,Chicago,Midwest,Enterprise,Direct Invoice,Charlie Davis,17,423.22,266.63,7194.74,4532.71,555.17,251.16,215.84,5554.88,501.82,7.06,2025,2,Feb,2025-02,2025Q1,Monday,2572.67,676.52,215.84,89.36,7105.38,18.0,1278.97,156.41,98.92,24.71,1698.69,873.98,717.57,643.36,22.0,141.54,501.82,7.06,12.3,10.1,9.05,36.21,77.21,7.72,417.96,326.76,29.52,Moderate Margin (5-20%)
TXN-1320,2025-02-10,Software,Cloud Storage Annual,Houston,South,SMB,PayPal,Fiona Gallagher,1,386.1,79.35,386.1,79.35,32.2,8.32,19.89,139.76,149.79,39.94,2025,2,Feb,2025-02,2025Q1,Monday,295.73,31.86,19.89,11.02,375.08,18.0,67.51,5.88,6.97,1.43,92.27,203.46,197.58,192.04,22.0,42.25,149.79,39.94,54.24,52.68,51.2,78.84,36.2,8.34,375.08,139.76,149.79,High Margin (>=20%)
TXN-1356,2025-02-11,Office Supplies,Mesh Office Chair,San Francisco,West,Government,Credit Card,Diana Prince,14,323.94,161.02,4535.16,2254.28,453.62,79.72,136.05,2923.67,729.38,16.32,2025,2,Feb,2025-02,2025Q1,Tuesday,2216.3,463.13,136.05,64.58,4470.58,18.0,804.7,81.2,84.74,17.26,1132.52,1083.78,1002.58,935.1,22.0,205.72,729.38,16.32,24.24,22.43,20.92,49.58,64.47,10.0,319.33,208.83,52.1,Moderate Margin (5-20%)
TXN-2130,2025-02-12,Hardware,Gigabit Switch 24-Port,San Francisco,West,Enterprise,Direct Invoice,Diana Prince,7,479.43,260.48,3356.01,1823.36,221.48,42.72,133.72,2221.28,576.9,17.38,2025,2,Feb,2025-02,2025Q1,Wednesday,1495.66,278.51,133.72,36.99,3319.02,18.0,597.42,65.1,39.19,24.68,676.43,819.23,754.13,739.62,22.0,162.72,576.9,17.38,24.68,22.72,22.28,45.06,66.19,6.6,474.15,317.33,82.41,Moderate Margin (5-20%)
TXN-1114,2025-02-13,Office Supplies,Standing Desk Converter,San Francisco,West,Enterprise,Wire Transfer,Charlie Davis,22,260.3,136.46,5726.6,3002.12,416.69,301.79,181.1,3901.7,664.48,11.92,2025,2,Feb,2025-02,2025Q1,Thursday,2573.61,632.25,181.1,150.87,5575.73,18.0,1003.63,115.13,92.92,18.17,1531.83,1041.78,926.65,851.9,22.0,187.42,664.48,11.92,18.68,16.62,15.28,46.16,68.13,7.28,253.44,177.35,30.2,Moderate Margin (5-20%)
TXN-1752,2025-02-13,Office Supplies,Ergonomic Executive Desk,Houston,South,Enterprise,Direct Invoice,Charlie Davis,29,916.11,456.14,26567.19,13228.06,3366.83,376.93,802.56,17774.38,3531.14,13.49,2025,2,Feb,2025-02,2025Q1,Thursday,12956.24,3108.14,802.56,382.89,26184.3,18.0,4713.17,464.5,424.69,114.51,7654.46,5301.78,4837.28,4527.1,22.0,995.96,3531.14,13.49,20.25,18.47,17.29,49.48,66.9,12.67,902.91,612.91,121.76,Moderate Margin (5-20%)
TXN-1012,2025-02-14,Electronics,Smart Display 10,Houston,South,SMB,Wire Transfer,Diana Prince,7,331.42,194.38,2319.94,1360.66,242.78,63.27,69.6,1736.31,168.9,7.42,2025,2,Feb,2025-02,2025Q1,Friday,915.14,274.9,69.6,44.14,2275.8,18.0,409.64,38.06,26.52,16.53,650.55,264.59,226.53,216.54,22.0,47.64,168.9,7.42,11.63,9.95,9.51,40.21,74.84,10.46,325.11,248.04,24.13,Moderate Margin (5-20%)
TXN-1067,2025-02-14,Electronics,Smart Display 10,Chicago,Midwest,SMB,Wire Transfer,Evan Wright,3,364.26,192.06,1092.78,576.18,112.47,26.36,58.33,773.34,139.97,13.04,2025,2,Feb,2025-02,2025Q1,Friday,497.09,84.19,58.33,19.51,1073.27,18.0,193.19,20.71,20.1,4.52,281.35,215.74,195.03,179.45,22.0,39.48,139.97,13.04,20.1,18.17,16.72,46.32,70.77,10.29,357.76,257.78,46.66,Moderate Margin (5-20%)
TXN-2013,2025-02-15,Software,Security Firewall Pro,Seattle,West,Enterprise,Direct Invoice,Charlie Davis,10,825.47,217.38,8254.7,2173.8,900.56,112.36,294.04,3480.76,2753.21,33.7,2025,2,Feb,2025-02,2025Q1,Saturday,5995.38,967.48,294.04,85.52,8169.18,18.0,1470.45,125.67,122.68,57.16,2274.44,3720.94,3595.27,3529.75,22.0,776.54,2753.21,33.7,45.55,44.01,43.21,73.39,42.17,10.91,816.92,348.08,275.32,High Margin (>=20%)
TXN-1783,2025-02-15,Services,Cybersecurity Audit,San Francisco,West,SMB,Direct Invoice,Bob Jones,3,2239.39,789.88,6718.17,2369.64,780.35,40.07,284.13,3474.19,1856.25,28.17,2025,2,Feb,2025-02,2025Q1,Saturday,4219.78,554.85,284.13,128.75,6589.42,18.0,1186.1,121.59,105.73,46.75,1659.4,2560.38,2438.79,2379.81,22.0,523.56,1856.25,28.17,38.86,37.01,36.12,64.04,51.71,11.62,2196.47,1158.06,618.75,High Margin (>=20%)
TXN-1422,2025-02-16,Software,Enterprise ERP License,San Francisco,West,SMB,PayPal,Charlie Davis,2,2550.17,515.41,5100.34,1030.82,334.19,16.7,170.06,1551.77,2188.93,43.4,2025,2,Feb,2025-02,2025Q1,Sunday,4012.38,558.39,170.06,57.14,5043.2,18.0,907.78,88.17,63.27,24.72,1079.34,2933.04,2844.87,2806.32,22.0,617.39,2188.93,43.4,58.16,56.41,55.65,79.56,30.42,6.55,2521.6,775.88,1094.46,High Margin (>=20%)
TXN-1791,2025-02-16,Services,Cybersecurity Audit,Austin,South,SMB,Direct Invoice,Bob Jones,4,2292.68,817.81,9170.72,3271.24,700.28,33.52,320.0,4325.04,2856.59,31.96,2025,2,Feb,2025-02,2025Q1,Sunday,5667.37,712.27,320.0,232.11,8938.61,18.0,1608.95,165.79,108.7,35.49,1766.07,3901.3,3735.51,3662.3,22.0,805.71,2856.59,31.96,43.65,41.79,40.97,63.4,47.16,7.64,2234.65,1081.26,714.15,High Margin (>=20%)
TXN-1416,2025-02-16,Office Supplies,Ergonomic Executive Desk,Seattle,West,Enterprise,PayPal,Fiona Gallagher,20,878.41,472.22,17568.2,9444.4,1496.29,234.8,796.67,11972.16,2371.41,13.82,2025,2,Feb,2025-02,2025Q1,Sunday,7712.88,1623.69,796.67,410.92,17157.28,18.0,3088.31,399.08,221.33,99.25,4151.45,3561.43,3162.35,3040.27,22.0,668.86,2371.41,13.82,20.76,18.43,17.72,44.95,68.15,8.52,857.86,598.61,118.57,Moderate Margin (5-20%)
TXN-1280,2025-02-17,Electronics,Smart Display 10,Seattle,West,Consumer,Wire Transfer,Bob Jones,7,327.9,194.45,2295.3,1361.15,233.06,77.54,71.06,1742.81,150.94,6.7,2025,2,Feb,2025-02,2025Q1,Monday,891.2,252.0,71.06,42.95,2252.35,18.0,405.42,46.27,28.26,10.5,633.66,257.54,211.27,193.51,22.0,42.57,150.94,6.7,11.43,9.38,8.59,39.57,75.93,10.15,321.76,248.97,21.56,Moderate Margin (5-20%)
TXN-2198,2025-02-17,Services,Cybersecurity Audit,New York,East,Consumer,Wire Transfer,Charlie Davis,4,2108.57,781.06,8434.28,3124.24,734.19,24.29,346.32,4229.04,2222.74,26.63,2025,2,Feb,2025-02,2025Q1,Monday,5221.4,998.99,346.32,88.64,8345.64,18.0,1502.22,173.13,150.4,55.59,2103.79,3117.61,2944.48,2849.67,22.0,626.93,2222.74,26.63,37.36,35.28,34.15,62.56,50.14,8.7,2086.41,1057.26,555.68,High Margin (>=20%)
TXN-1333,2025-02-18,Services,Cybersecurity Audit,Austin,South,SMB,Wire Transfer,Alice Smith,7,2211.11,762.61,15477.77,5338.27,1517.56,63.54,464.33,7383.7,4813.33,31.87,2025,2,Feb,2025-02,2025Q1,Tuesday,9763.03,1094.58,464.33,376.47,15101.3,18.0,2718.23,241.12,251.17,40.2,3140.01,6623.02,6381.9,6170.93,22.0,1357.6,4813.33,31.87,43.86,42.26,40.86,64.65,47.71,9.8,2157.33,1054.81,687.62,High Margin (>=20%)
TXN-1458,2025-02-18,Software,Data Analytics Suite,Austin,South,SMB,PayPal,Diana Prince,5,1476.41,300.08,7382.05,1500.4,938.67,57.54,286.99,2783.6,2838.05,39.07,2025,2,Feb,2025-02,2025Q1,Tuesday,5762.72,689.73,286.99,118.93,7263.12,18.0,1307.36,113.6,76.78,39.11,1972.93,3789.79,3676.19,3638.52,22.0,800.47,2838.05,39.07,52.18,50.61,50.1,79.34,37.71,12.72,1452.62,556.72,567.61,High Margin (>=20%)
TXN-1715,2025-02-19,Office Supplies,High-Speed Paper Shredder,Austin,South,Enterprise,Credit Card,Bob Jones,9,176.46,91.48,1588.14,823.32,127.7,56.43,49.7,1057.15,240.15,15.41,2025,2,Feb,2025-02,2025Q1,Wednesday,734.69,138.87,49.7,30.13,1558.01,18.0,280.44,26.99,31.3,4.19,372.7,361.99,335.0,307.89,22.0,67.74,240.15,15.41,23.23,21.5,19.76,47.16,66.57,8.04,173.11,117.46,26.68,Moderate Margin (5-20%)
TXN-1284,2025-02-19,Software,Security Firewall Pro,San Francisco,West,SMB,Credit Card,Alice Smith,5,893.71,227.55,4468.55,1137.75,441.53,41.68,207.24,1828.2,1667.8,37.7,2025,2,Feb,2025-02,2025Q1,Wednesday,3285.6,333.8,207.24,45.2,4423.35,18.0,796.2,83.97,54.54,15.37,1024.25,2261.35,2177.38,2138.21,22.0,470.41,1667.8,37.7,51.12,49.22,48.34,74.28,40.91,9.88,884.67,365.64,333.56,High Margin (>=20%)
TXN-1474,2025-02-19,Office Supplies,Standing Desk Converter,Austin,South,SMB,PayPal,Charlie Davis,5,266.52,137.87,1332.6,689.35,146.08,52.24,46.29,933.96,135.04,10.41,2025,2,Feb,2025-02,2025Q1,Wednesday,608.44,152.66,46.29,34.81,1297.79,18.0,233.6,25.58,21.36,8.9,397.27,211.17,185.59,173.13,22.0,38.09,135.04,10.41,16.27,14.3,13.34,46.88,70.09,10.96,259.56,186.79,27.01,Moderate Margin (5-20%)
TXN-1728,2025-02-20,Hardware,NAS Storage Enclosure,Boston,East,SMB,Wire Transfer,Charlie Davis,4,823.98,482.32,3295.92,1929.28,249.78,32.69,112.68,2324.43,339.93,10.52,2025,2,Feb,2025-02,2025Q1,Thursday,1301.98,361.77,112.68,64.66,3231.26,18.0,581.63,52.11,65.34,8.2,756.92,545.06,492.95,435.81,22.0,95.88,339.93,10.52,16.87,15.26,13.49,40.29,70.52,7.58,807.82,581.11,84.98,Moderate Margin (5-20%)
TXN-1649,2025-02-20,Office Supplies,Standing Desk Converter,Houston,South,Consumer,Direct Invoice,Evan Wright,5,262.81,140.51,1314.05,702.55,124.8,38.39,77.42,943.16,118.38,9.27,2025,2,Feb,2025-02,2025Q1,Thursday,575.05,143.83,77.42,36.45,1277.6,18.0,229.97,24.94,20.82,6.92,384.44,190.61,165.67,151.77,22.0,33.39,118.38,9.27,14.92,12.97,11.88,45.01,71.78,9.5,255.52,188.63,23.68,Moderate Margin (5-20%)
TXN-1318,2025-02-20,Electronics,Ultra-Wide Monitor 34,San Francisco,West,Consumer,Credit Card,Diana Prince,3,676.39,369.19,2029.17,1107.57,176.3,28.97,114.48,1427.32,247.96,12.57,2025,2,Feb,2025-02,2025Q1,Thursday,864.86,159.62,114.48,56.74,1972.43,18.0,355.04,50.21,27.31,9.93,479.37,385.49,335.28,317.9,22.0,69.94,247.96,12.57,19.54,17.0,16.12,43.85,70.34,8.69,657.48,475.77,82.65,Moderate Margin (5-20%)
TXN-1096,2025-02-22,Software,Cloud Storage Annual,New York,East,Enterprise,Direct Invoice,Charlie Davis,10,407.87,81.98,4078.7,819.8,256.1,139.49,198.78,1414.17,1644.29,40.89,2025,2,Feb,2025-02,2025Q1,Saturday,3201.79,386.21,198.78,57.11,4021.59,18.0,723.89,81.26,42.01,10.13,980.58,2221.21,2139.95,2108.07,22.0,463.78,1644.29,40.89,55.23,53.21,52.42,79.62,34.67,6.28,402.16,141.42,164.43,High Margin (>=20%)
TXN-1063,2025-02-22,Electronics,Laptop Pro 15,Boston,East,Enterprise,Direct Invoice,Charlie Davis,13,1143.36,740.94,14863.68,9632.22,1993.46,158.81,445.91,12230.4,234.14,1.6,2025,2,Feb,2025-02,2025Q1,Saturday,4990.56,1656.36,445.91,240.9,14622.78,18.0,2632.1,315.62,156.1,35.88,4254.54,736.02,420.4,300.18,22.0,66.04,234.14,1.6,5.03,2.87,2.05,34.13,82.28,13.41,1124.83,940.8,18.01,Low Margin (0-5%)
TXN-1676,2025-02-23,Electronics,Ultra-Wide Monitor 34,San Francisco,West,Consumer,PayPal,Diana Prince,6,623.71,389.44,3742.26,2336.64,302.98,82.9,181.01,2903.53,143.43,3.91,2025,2,Feb,2025-02,2025Q1,Sunday,1327.61,445.77,181.01,78.01,3664.25,18.0,659.56,88.55,59.19,16.67,1012.66,314.95,226.4,183.88,22.0,40.45,143.43,3.91,8.6,6.18,5.02,36.23,77.59,8.1,610.71,483.92,23.9,Low Margin (0-5%)
TXN-1769,2025-02-23,Office Supplies,Standing Desk Converter,Los Angeles,West,Government,Direct Invoice,Fiona Gallagher,15,271.12,142.1,4066.8,2131.5,351.05,133.72,127.42,2743.69,616.31,15.41,2025,2,Feb,2025-02,2025Q1,Sunday,1867.42,354.23,127.42,67.88,3998.92,18.0,719.81,92.09,47.31,28.54,966.42,901.0,808.91,790.14,22.0,173.83,616.31,15.41,22.53,20.23,19.76,46.7,67.47,8.63,266.59,182.91,41.09,Moderate Margin (5-20%)
TXN-1459,2025-02-23,Hardware,NAS Storage Enclosure,Phoenix,West,Enterprise,Credit Card,Diana Prince,6,820.0,456.34,4920.0,2738.04,474.97,49.75,147.6,3410.36,715.05,14.8,2025,2,Feb,2025-02,2025Q1,Sunday,2093.7,358.25,147.6,88.26,4831.74,18.0,869.71,75.57,92.98,22.15,1030.57,1063.13,987.56,916.73,22.0,201.68,715.05,14.8,22.0,20.44,18.97,43.33,69.32,9.65,805.29,568.39,119.18,Moderate Margin (5-20%)
TXN-1154,2025-02-25,Software,Enterprise ERP License,Seattle,West,Consumer,Credit Card,Alice Smith,1,2677.13,515.44,2677.13,515.44,176.99,7.79,137.35,837.57,1112.61,42.6,2025,2,Feb,2025-02,2025Q1,Tuesday,2096.09,252.92,137.35,65.6,2611.53,18.0,470.08,65.53,45.27,16.18,575.05,1521.04,1455.51,1426.42,22.0,313.81,1112.61,42.6,58.24,55.73,54.62,80.26,31.29,6.61,2611.53,837.57,1112.61,High Margin (>=20%)
TXN-1411,2025-02-25,Office Supplies,Mesh Office Chair,New York,East,SMB,Credit Card,Alice Smith,1,300.5,160.2,300.5,160.2,26.42,8.75,36.49,231.86,22.21,7.6,2025,2,Feb,2025-02,2025Q1,Tuesday,132.01,25.83,36.49,8.29,292.21,18.0,52.6,5.25,3.11,2.31,97.49,34.52,29.27,28.47,22.0,6.26,22.21,7.6,11.81,10.02,9.74,45.18,77.16,8.79,292.21,231.86,22.21,Moderate Margin (5-20%)
TXN-1240,2025-02-25,Office Supplies,Mesh Office Chair,Seattle,West,SMB,Credit Card,Fiona Gallagher,6,341.95,164.17,2051.7,985.02,212.86,40.82,88.84,1327.54,350.95,17.52,2025,2,Feb,2025-02,2025Q1,Tuesday,1018.53,161.79,88.84,48.15,2003.55,18.0,360.64,45.19,34.55,15.46,504.31,514.22,469.03,449.94,22.0,98.99,350.95,17.52,25.67,23.41,22.46,50.84,64.7,10.37,333.92,221.26,58.49,Moderate Margin (5-20%)
TXN-2185,2025-02-26,Electronics,Laptop Pro 15,Seattle,West,Consumer,Wire Transfer,Bob Jones,7,1255.58,763.03,8789.06,5341.21,955.77,38.38,408.47,6743.83,759.69,8.79,2025,2,Feb,2025-02,2025Q1,Wednesday,3303.91,660.28,408.47,143.94,8645.12,18.0,1556.12,167.59,124.58,25.12,2062.9,1241.01,1073.42,973.96,22.0,214.27,759.69,8.79,14.36,12.42,11.27,38.22,76.73,10.87,1235.02,963.4,108.53,Moderate Margin (5-20%)
TXN-1058,2025-02-28,Services,Cloud Migration Consulting,Chicago,Midwest,SMB,Wire Transfer,Charlie Davis,3,3772.45,1212.69,11317.35,3638.07,893.82,18.05,339.52,4889.46,3880.56,34.98,2025,2,Feb,2025-02,2025Q1,Friday,7454.84,903.11,339.52,224.44,11092.91,18.0,1996.72,240.63,170.96,86.33,2154.5,5300.34,5059.71,4975.08,22.0,1094.52,3880.56,34.98,47.78,45.61,44.85,67.2,43.2,7.9,3697.64,1629.82,1293.52,High Margin (>=20%)
TXN-2196,2025-03-01,Hardware,Rack Server Blade X,Los Angeles,West,Enterprise,PayPal,Bob Jones,6,3085.77,2047.27,18514.62,12283.62,1458.28,41.57,684.12,14467.59,859.93,4.72,2025,3,Mar,2025-03,2025Q1,Saturday,5917.78,2102.83,684.12,313.22,18201.4,18.0,3276.25,397.09,244.47,113.06,4286.8,1630.98,1233.89,1102.48,22.0,242.55,859.93,4.72,8.96,6.78,6.06,32.51,78.14,7.88,3033.57,2411.26,143.32,Low Margin (0-5%)
TXN-2126,2025-03-01,Services,Cloud Migration Consulting,San Francisco,West,SMB,Credit Card,Alice Smith,6,3335.69,1153.26,20014.14,6919.56,2528.97,71.73,735.09,10255.35,5319.94,27.38,2025,3,Mar,2025-03,2025Q1,Saturday,12512.14,1952.24,735.09,582.44,19431.7,18.0,3497.71,329.69,200.19,126.2,5288.03,7224.11,6894.42,6820.43,22.0,1500.49,5319.94,27.38,37.18,35.48,35.1,64.39,51.24,12.64,3238.62,1709.22,886.66,High Margin (>=20%)
TXN-2119,2025-03-02,Office Supplies,Ergonomic Executive Desk,Phoenix,West,Consumer,Credit Card,Evan Wright,5,888.23,433.79,4441.15,2168.95,569.57,45.0,200.34,2983.86,693.05,15.9,2025,3,Mar,2025-03,2025Q1,Sunday,2190.32,369.86,200.34,81.88,4359.27,18.0,784.67,69.77,63.74,16.49,1184.77,1005.55,935.78,888.53,22.0,195.48,693.05,15.9,23.07,21.47,20.38,50.25,67.19,12.82,871.85,596.77,138.61,Moderate Margin (5-20%)
TXN-1289,2025-03-04,Software,Security Firewall Pro,New York,East,Enterprise,PayPal,Diana Prince,11,872.1,216.63,9593.1,2382.93,875.47,72.45,287.79,3618.64,3665.91,38.91,2025,3,Mar,2025-03,2025Q1,Tuesday,7039.69,808.96,287.79,170.48,9422.62,18.0,1696.07,191.18,156.35,52.39,2044.67,4995.02,4803.84,4699.88,22.0,1033.97,3665.91,38.91,53.01,50.98,49.88,74.71,37.72,9.13,856.6,328.97,333.26,High Margin (>=20%)
TXN-1583,2025-03-06,Software,Cloud Storage Annual,Seattle,West,SMB,PayPal,Alice Smith,5,419.77,78.36,2098.85,391.8,221.84,62.27,79.51,755.42,803.67,39.04,2025,3,Mar,2025-03,2025Q1,Thursday,1666.69,198.62,79.51,40.36,2058.49,18.0,370.53,46.28,35.31,7.48,562.24,1104.45,1058.17,1030.34,22.0,226.67,803.67,39.04,53.65,51.41,50.05,80.97,35.99,10.57,411.7,151.08,160.73,High Margin (>=20%)
TXN-1635,2025-03-08,Electronics,Ultra-Wide Monitor 34,Houston,South,Government,Wire Transfer,Alice Smith,10,649.25,367.11,6492.5,3671.1,897.66,65.85,235.2,4869.81,637.72,10.09,2025,3,Mar,2025-03,2025Q1,Saturday,2651.07,489.27,235.2,170.33,6322.17,18.0,1137.99,115.43,66.28,36.21,1687.98,963.09,847.66,817.59,22.0,179.87,637.72,10.09,15.23,13.41,12.93,41.93,75.01,13.83,632.22,486.98,63.77,Moderate Margin (5-20%)
TXN-1730,2025-03-10,Electronics,Laptop Pro 15,Chicago,Midwest,SMB,Credit Card,Bob Jones,3,1194.01,734.53,3582.03,2203.59,294.4,30.01,107.46,2635.46,382.78,10.81,2025,3,Mar,2025-03,2025Q1,Monday,1337.97,280.05,107.46,40.47,3541.56,18.0,637.48,83.77,64.99,13.45,711.92,626.05,542.28,490.74,22.0,107.96,382.78,10.81,17.68,15.31,13.86,37.78,73.57,8.22,1180.52,878.49,127.59,Moderate Margin (5-20%)
TXN-2037,2025-03-10,Office Supplies,High-Speed Paper Shredder,Chicago,Midwest,SMB,Credit Card,Fiona Gallagher,6,192.28,90.93,1153.68,545.58,87.97,85.18,84.37,803.1,149.17,13.3,2025,3,Mar,2025-03,2025Q1,Monday,575.97,100.36,84.37,32.13,1121.55,18.0,201.88,19.95,15.33,8.44,357.88,218.09,198.14,191.25,22.0,42.08,149.17,13.3,19.45,17.67,17.05,51.35,69.61,7.63,186.92,133.85,24.86,Moderate Margin (5-20%)
TXN-1661,2025-03-11,Electronics,Ultra-Wide Monitor 34,Miami,East,SMB,Credit Card,Alice Smith,1,671.39,379.59,671.39,379.59,60.85,7.22,51.53,499.19,63.27,9.67,2025,3,Mar,2025-03,2025Q1,Tuesday,274.66,58.95,51.53,17.14,654.25,18.0,117.76,12.07,7.49,4.57,178.55,96.11,84.04,81.12,22.0,17.85,63.27,9.67,14.69,12.85,12.4,41.98,74.35,9.06,654.25,499.19,63.27,Moderate Margin (5-20%)
TXN-1623,2025-03-11,Office Supplies,Ergonomic Executive Desk,Houston,South,Consumer,Direct Invoice,Fiona Gallagher,3,852.49,448.28,2557.47,1344.84,217.78,32.43,121.28,1716.33,369.21,14.77,2025,3,Mar,2025-03,2025Q1,Tuesday,1155.6,226.4,121.28,57.03,2500.44,18.0,450.08,55.89,48.54,20.07,597.89,557.71,501.82,473.35,22.0,104.14,369.21,14.77,22.3,20.07,18.93,46.22,67.11,8.52,833.48,572.11,123.07,Moderate Margin (5-20%)
TXN-1977,2025-03-12,Services,Cybersecurity Audit,New York,East,SMB,Credit Card,Bob Jones,6,2179.33,765.25,13075.98,4591.5,1204.5,75.89,614.52,6486.41,3647.76,28.34,2025,3,Mar,2025-03,2025Q1,Wednesday,8280.68,1304.38,614.52,203.8,12872.18,18.0,2316.99,295.63,184.46,75.32,3199.29,5081.39,4785.76,4676.62,22.0,1028.86,3647.76,28.34,39.48,37.18,36.33,64.33,49.61,9.21,2145.36,1081.07,607.96,High Margin (>=20%)
TXN-1420,2025-03-13,Services,Cloud Migration Consulting,Austin,South,Consumer,Wire Transfer,Evan Wright,1,3242.29,1172.88,3242.29,1172.88,442.42,14.54,105.86,1735.7,768.6,24.3,2025,3,Mar,2025-03,2025Q1,Thursday,1989.61,348.93,105.86,79.8,3162.49,18.0,569.25,60.21,39.88,7.62,911.75,1077.86,1017.65,985.39,22.0,216.79,768.6,24.3,34.08,32.18,31.16,62.91,53.53,13.65,3162.49,1735.7,768.6,High Margin (>=20%)
TXN-1206,2025-03-13,Office Supplies,Mesh Office Chair,Chicago,Midwest,SMB,PayPal,Alice Smith,5,338.52,161.44,1692.6,807.2,132.2,44.21,77.09,1060.7,324.91,19.58,2025,3,Mar,2025-03,2025Q1,Thursday,852.41,119.26,77.09,32.99,1659.61,18.0,298.73,34.04,33.34,4.28,372.76,479.65,445.61,416.55,22.0,91.64,324.91,19.58,28.9,26.85,25.1,51.36,62.67,7.81,331.92,212.14,64.98,Moderate Margin (5-20%)
TXN-1394,2025-03-14,Software,Cloud Storage Annual,San Francisco,West,SMB,Wire Transfer,Evan Wright,2,372.31,82.65,744.62,165.3,55.24,24.46,56.16,301.16,263.75,35.85,2025,3,Mar,2025-03,2025Q1,Friday,570.32,81.03,56.16,9.0,735.62,18.0,132.41,13.1,7.83,5.64,216.89,353.43,340.33,338.14,22.0,74.39,263.75,35.85,48.05,46.26,45.97,77.53,40.44,7.42,367.81,150.58,131.88,High Margin (>=20%)
TXN-1693,2025-03-15,Hardware,Rack Server Blade X,Seattle,West,Government,Credit Card,Bob Jones,13,3031.76,2011.59,39412.88,26150.67,4550.76,167.01,1730.23,32598.67,684.68,1.78,2025,3,Mar,2025-03,2025Q1,Saturday,12237.42,3759.22,1730.23,1024.79,38388.09,18.0,6909.86,748.46,617.15,213.21,10207.22,2030.2,1281.74,877.8,22.0,193.12,684.68,1.78,5.29,3.34,2.29,31.88,82.71,11.55,2952.93,2507.59,52.67,Low Margin (0-5%)
TXN-1816,2025-03-17,Electronics,Ultra-Wide Monitor 34,Austin,South,Consumer,Credit Card,Bob Jones,3,609.8,381.77,1829.4,1145.31,213.57,16.5,67.41,1442.79,104.35,5.81,2025,3,Mar,2025-03,2025Q1,Monday,650.75,175.52,67.41,33.34,1796.06,18.0,323.29,29.59,27.25,12.87,473.0,177.75,148.16,133.78,22.0,29.43,104.35,5.81,9.9,8.25,7.45,36.23,78.87,11.67,598.69,480.93,34.78,Moderate Margin (5-20%)
TXN-1077,2025-03-18,Services,Cloud Migration Consulting,San Francisco,West,Consumer,PayPal,Charlie Davis,1,3531.76,1226.5,3531.76,1226.5,439.44,14.89,157.65,1838.48,919.0,26.41,2025,3,Mar,2025-03,2025Q1,Tuesday,2252.85,383.42,157.65,52.41,3479.35,18.0,626.28,57.59,41.45,19.8,995.4,1257.45,1199.86,1178.21,22.0,259.21,919.0,26.41,36.14,34.49,33.86,64.75,52.06,12.44,3479.35,1838.48,919.0,High Margin (>=20%)
TXN-1379,2025-03-18,Software,Data Analytics Suite,Phoenix,West,SMB,PayPal,Evan Wright,3,1419.21,290.53,4257.63,871.59,324.36,26.6,127.73,1350.28,1744.37,41.9,2025,3,Mar,2025-03,2025Q1,Tuesday,3291.77,471.42,127.73,94.27,4163.36,18.0,749.4,82.83,44.73,22.27,950.11,2341.66,2258.83,2236.37,22.0,492.0,1744.37,41.9,56.24,54.25,53.72,79.07,31.71,7.62,1387.79,450.09,581.46,High Margin (>=20%)
TXN-1796,2025-03-18,Software,Security Firewall Pro,Phoenix,West,Government,Credit Card,Diana Prince,14,875.79,223.94,12261.06,3135.16,983.12,152.14,537.87,4808.29,4183.94,34.93,2025,3,Mar,2025-03,2025Q1,Tuesday,8842.19,1392.93,537.87,283.71,11977.35,18.0,2155.92,245.91,225.87,59.68,3066.06,5776.13,5530.22,5364.03,22.0,1180.09,4183.94,34.93,48.23,46.17,44.78,73.82,39.22,8.02,855.52,343.45,298.85,High Margin (>=20%)
TXN-1311,2025-03-19,Electronics,Wireless Noise-Canceling Headset,Boston,East,Enterprise,PayPal,Diana Prince,29,250.55,124.84,7265.95,3620.36,953.23,382.18,274.78,5230.55,774.27,10.94,2025,3,Mar,2025-03,2025Q1,Wednesday,3454.79,668.09,274.78,190.8,7075.15,18.0,1273.53,165.17,75.51,56.82,2278.28,1176.51,1011.34,992.65,22.0,218.38,774.27,10.94,16.63,14.29,14.03,48.83,71.99,13.12,243.97,180.36,26.7,Moderate Margin (5-20%)
TXN-1547,2025-03-19,Electronics,Wireless Noise-Canceling Headset,Austin,South,Enterprise,Direct Invoice,Evan Wright,23,250.36,114.75,5758.28,2639.25,522.37,217.22,172.75,3551.59,1204.04,21.13,2025,3,Mar,2025-03,2025Q1,Wednesday,3059.24,435.77,172.75,59.79,5698.49,18.0,1025.73,115.96,63.54,12.01,1348.11,1711.13,1595.17,1543.64,22.0,339.6,1204.04,21.13,30.03,27.99,27.09,53.69,61.68,9.07,247.76,154.42,52.35,High Margin (>=20%)
TXN-1330,2025-03-20,Services,Cloud Migration Consulting,Seattle,West,Consumer,PayPal,Bob Jones,5,3354.44,1157.32,16772.2,5786.6,1161.58,26.36,594.57,7569.11,5515.63,33.58,2025,3,Mar,2025-03,2025Q1,Thursday,10637.02,1381.8,594.57,348.58,16423.62,18.0,2956.25,332.77,187.91,119.29,3164.31,7472.71,7139.94,7071.32,22.0,1555.69,5515.63,33.58,45.5,43.47,43.06,64.77,45.13,6.93,3284.72,1513.82,1103.13,High Margin (>=20%)
TXN-2096,2025-03-22,Software,Cloud Storage Annual,Seattle,West,SMB,PayPal,Fiona Gallagher,7,419.31,81.2,2935.17,568.4,285.94,75.3,101.38,1031.02,1207.26,41.55,2025,3,Mar,2025-03,2025Q1,Saturday,2336.97,231.37,101.38,29.8,2905.37,18.0,522.97,50.23,55.18,10.2,693.99,1642.98,1592.75,1547.77,22.0,340.51,1207.26,41.55,56.55,54.82,53.27,80.44,35.13,9.74,415.05,147.29,172.47,High Margin (>=20%)
TXN-1781,2025-03-23,Software,Cloud Storage Annual,Phoenix,West,Consumer,PayPal,Charlie Davis,1,409.89,83.63,409.89,83.63,50.01,13.04,26.78,173.46,138.74,34.32,2025,3,Mar,2025-03,2025Q1,Sunday,320.64,42.91,26.78,5.62,404.27,18.0,72.77,6.6,4.35,0.92,132.74,187.9,181.3,177.87,22.0,39.13,138.74,34.32,46.48,44.85,44.0,79.31,42.32,12.2,404.27,173.46,138.74,High Margin (>=20%)
TXN-2148,2025-03-23,Hardware,Rack Server Blade X,Austin,South,Enterprise,Direct Invoice,Diana Prince,19,3204.18,2067.49,60879.42,39282.31,4558.17,95.91,2106.77,46043.16,4527.58,7.57,2025,3,Mar,2025-03,2025Q1,Sunday,20547.65,6265.87,2106.77,1049.46,59829.96,18.0,10769.39,1208.18,632.51,124.35,13026.72,7520.93,6312.75,5804.59,22.0,1277.01,4527.58,7.57,12.57,10.55,9.7,34.34,75.63,7.49,3148.95,2423.32,238.29,Moderate Margin (5-20%)
TXN-2084,2025-03-25,Hardware,NAS Storage Enclosure,Austin,South,Enterprise,Credit Card,Bob Jones,24,762.32,460.12,18295.68,11042.88,2166.09,329.07,893.1,14431.14,815.37,4.51,2025,3,Mar,2025-03,2025Q1,Tuesday,7053.14,2084.9,893.1,199.66,18096.02,18.0,3257.28,442.99,237.53,145.89,5473.16,1579.98,1136.99,1045.35,22.0,229.98,815.37,4.51,8.73,6.28,5.78,38.98,78.88,11.84,754.0,601.3,33.97,Low Margin (0-5%)
TXN-1457,2025-03-27,Hardware,Gigabit Switch 24-Port,Chicago,Midwest,Consumer,Credit Card,Fiona Gallagher,2,476.13,259.49,952.26,518.98,62.37,20.99,59.24,661.58,134.16,14.39,2025,3,Mar,2025-03,2025Q1,Thursday,413.21,67.2,59.24,20.07,932.19,18.0,167.79,16.39,17.32,2.3,209.8,203.41,187.02,172.0,22.0,37.84,134.16,14.39,21.82,20.06,18.45,44.33,69.47,6.55,466.1,330.79,67.08,Moderate Margin (5-20%)
TXN-1078,2025-03-27,Hardware,Rack Server Blade X,Austin,South,Enterprise,PayPal,Bob Jones,11,3268.22,2149.54,35950.42,23644.94,4596.27,68.51,1624.68,29934.4,936.03,2.68,2025,3,Mar,2025-03,2025Q1,Thursday,11236.56,2649.63,1624.68,1068.92,34881.5,18.0,6278.67,823.45,496.03,222.05,8939.09,2297.47,1474.02,1200.04,22.0,264.01,936.03,2.68,6.59,4.23,3.44,32.21,83.27,12.79,3171.05,2721.31,85.09,Low Margin (0-5%)
TXN-2050,2025-03-28,Office Supplies,Mesh Office Chair,Miami,East,SMB,PayPal,Alice Smith,2,328.92,158.42,657.84,316.84,69.02,22.74,40.71,449.31,108.49,16.7,2025,3,Mar,2025-03,2025Q1,Friday,332.91,46.75,40.71,8.09,649.75,18.0,116.96,10.22,7.69,3.31,179.22,153.69,143.47,139.09,22.0,30.6,108.49,16.7,23.65,22.08,21.41,51.24,68.3,10.49,324.88,224.66,54.24,Moderate Margin (5-20%)
TXN-1729,2025-03-29,Office Supplies,Ergonomic Executive Desk,San Francisco,West,Consumer,Credit Card,Diana Prince,6,867.16,459.18,5202.96,2755.08,583.07,88.07,248.55,3674.77,649.42,12.77,2025,3,Mar,2025-03,2025Q1,Saturday,2329.01,416.66,248.55,118.87,5084.09,18.0,915.14,127.55,56.51,23.99,1336.35,992.66,865.11,832.59,22.0,183.17,649.42,12.77,19.52,17.02,16.38,45.81,70.63,11.21,847.35,612.46,108.24,Moderate Margin (5-20%)
TXN-2024,2025-03-30,Electronics,Laptop Pro 15,Boston,East,Enterprise,PayPal,Fiona Gallagher,6,1201.78,764.57,7210.68,4587.42,497.13,63.92,216.32,5364.79,543.89,7.66,2025,3,Mar,2025-03,2025Q1,Sunday,2516.27,854.85,216.32,106.99,7103.69,18.0,1278.66,110.97,121.88,46.09,1632.22,884.05,773.08,697.29,22.0,153.4,543.89,7.66,12.44,10.88,9.82,35.42,74.4,6.89,1183.95,894.13,90.65,Moderate Margin (5-20%)
TXN-1654,2025-03-31,Hardware,Gigabit Switch 24-Port,Houston,South,Enterprise,Credit Card,Fiona Gallagher,6,430.22,264.72,2581.32,1588.32,207.25,83.02,104.67,1983.26,138.96,5.53,2025,3,Mar,2025-03,2025Q1,Monday,923.48,276.9,104.67,69.52,2511.8,18.0,452.12,46.14,38.87,11.53,671.84,251.64,205.5,178.16,22.0,39.2,138.96,5.53,10.02,8.18,7.09,36.77,76.83,8.03,418.63,330.54,23.16,Moderate Margin (5-20%)
TXN-1236,2025-04-01,Office Supplies,High-Speed Paper Shredder,New York,East,SMB,Direct Invoice,Evan Wright,6,169.99,93.6,1019.94,561.6,119.14,86.24,56.99,823.97,35.79,3.55,2025,4,Apr,2025-04,2025Q2,Tuesday,447.53,108.24,56.99,10.81,1009.13,18.0,181.64,22.1,13.29,4.36,370.61,76.92,54.82,45.89,22.0,10.1,35.79,3.55,7.62,5.43,4.55,44.35,80.79,11.68,168.19,137.33,5.96,Low Margin (0-5%)
TXN-2122,2025-04-02,Software,Data Analytics Suite,Austin,South,SMB,PayPal,Bob Jones,4,1498.51,311.22,5994.04,1244.88,785.12,20.44,283.15,2333.59,2086.02,35.67,2025,4,Apr,2025-04,2025Q2,Wednesday,4603.62,705.99,283.15,145.54,5848.5,18.0,1052.73,118.03,63.22,46.72,1794.7,2808.92,2690.89,2674.39,22.0,588.37,2086.02,35.67,48.03,46.01,45.73,78.71,38.93,13.1,1462.12,583.4,521.5,High Margin (>=20%)
TXN-2189,2025-04-02,Office Supplies,High-Speed Paper Shredder,Boston,East,Enterprise,Credit Card,Evan Wright,9,190.41,86.98,1713.69,782.82,106.38,53.1,79.36,1021.66,360.2,21.54,2025,4,Apr,2025-04,2025Q2,Wednesday,889.55,145.75,79.36,41.32,1672.37,18.0,301.03,27.86,25.58,10.27,384.59,504.96,477.1,461.79,22.0,101.59,360.2,21.54,30.19,28.53,27.61,53.19,59.62,6.21,185.82,113.52,40.02,High Margin (>=20%)
TXN-1940,2025-04-02,Services,Cybersecurity Audit,San Francisco,West,Enterprise,Credit Card,Charlie Davis,5,2085.03,787.27,10425.15,3936.35,966.19,42.44,441.74,5386.72,2680.36,26.43,2025,4,Apr,2025-04,2025Q2,Wednesday,6205.62,1030.27,441.74,283.18,10141.97,18.0,1825.55,224.57,113.4,49.35,2480.64,3724.98,3500.41,3436.36,22.0,756.0,2680.36,26.43,36.73,34.51,33.88,61.19,51.67,9.27,2028.39,1077.34,536.07,High Margin (>=20%)
TXN-1440,2025-04-04,Services,Cloud Migration Consulting,Austin,South,SMB,Wire Transfer,Evan Wright,4,3414.32,1251.94,13657.28,5007.76,1827.5,40.09,424.22,7299.57,3543.34,26.71,2025,4,Apr,2025-04,2025Q2,Friday,8259.74,1011.56,424.22,389.78,13267.5,18.0,2388.15,255.63,215.49,57.49,3303.37,4956.37,4700.74,4542.74,22.0,999.4,3543.34,26.71,37.36,35.43,34.24,62.26,53.45,13.38,3316.88,1824.89,885.84,High Margin (>=20%)
TXN-1450,2025-04-05,Office Supplies,High-Speed Paper Shredder,Chicago,Midwest,Consumer,PayPal,Evan Wright,2,166.59,89.51,333.18,179.02,41.76,27.7,28.39,276.87,11.68,3.59,2025,4,Apr,2025-04,2025Q2,Saturday,146.11,24.71,28.39,8.05,325.13,18.0,58.52,6.19,4.0,1.62,122.56,23.55,17.36,14.98,22.0,3.3,11.68,3.59,7.24,5.34,4.61,44.94,83.1,12.53,162.56,138.44,5.84,Low Margin (0-5%)
TXN-1163,2025-04-05,Office Supplies,Ergonomic Executive Desk,New York,East,SMB,PayPal,Fiona Gallagher,3,802.61,431.72,2407.83,1295.16,255.65,41.31,89.26,1681.38,282.66,12.01,2025,4,Apr,2025-04,2025Q2,Saturday,1058.59,244.82,89.26,54.08,2353.75,18.0,423.68,37.33,36.87,9.03,631.04,427.55,390.22,362.38,22.0,79.72,282.66,12.01,18.16,16.58,15.4,44.97,69.83,10.62,784.58,560.46,94.22,Moderate Margin (5-20%)
TXN-1772,2025-04-06,Services,Cybersecurity Audit,San Francisco,West,SMB,PayPal,Bob Jones,2,2327.08,809.25,4654.16,1618.5,284.0,23.9,169.13,2095.53,1385.72,30.59,2025,4,Apr,2025-04,2025Q2,Sunday,2911.7,522.77,169.13,123.96,4530.2,18.0,815.44,81.92,64.54,11.13,999.8,1911.9,1829.98,1776.57,22.0,390.85,1385.72,30.59,42.2,40.4,39.22,64.27,45.02,6.1,2265.1,1047.77,692.86,High Margin (>=20%)
TXN-2180,2025-04-06,Services,Cloud Migration Consulting,Phoenix,West,SMB,Wire Transfer,Diana Prince,6,3696.25,1157.43,22177.5,6944.58,1383.49,86.01,791.55,9205.63,7526.1,34.84,2025,4,Apr,2025-04,2025Q2,Sunday,14657.02,2152.62,791.55,575.9,21601.6,18.0,3888.29,441.9,273.57,120.97,4413.67,10243.35,9801.45,9648.85,22.0,2122.75,7526.1,34.84,47.42,45.37,44.67,67.85,41.51,6.24,3600.27,1534.27,1254.35,High Margin (>=20%)
TXN-1990,2025-04-06,Electronics,Laptop Pro 15,New York,East,Government,Wire Transfer,Fiona Gallagher,19,1257.26,744.98,23887.94,14154.62,3186.7,180.52,994.8,18516.64,1023.04,4.38,2025,4,Apr,2025-04,2025Q2,Sunday,9176.74,2650.49,994.8,556.58,23331.36,18.0,4199.64,517.62,413.1,78.08,7012.51,2164.23,1646.61,1311.59,22.0,288.55,1023.04,4.38,9.28,7.06,5.62,39.33,77.51,13.34,1227.97,974.56,53.84,Low Margin (0-5%)
TXN-1297,2025-04-06,Software,Enterprise ERP License,Chicago,Midwest,Enterprise,PayPal,Charlie Davis,7,2675.37,495.74,18727.59,3470.18,1726.44,62.34,561.83,5820.79,7772.97,42.46,2025,4,Apr,2025-04,2025Q2,Sunday,14838.1,2031.94,561.83,419.31,18308.28,18.0,3295.49,407.8,214.7,132.29,4382.55,10455.55,10047.75,9965.34,22.0,2192.37,7772.97,42.46,57.11,54.88,54.43,81.05,31.08,9.22,2615.47,831.54,1110.42,High Margin (>=20%)
TXN-1534,2025-04-07,Services,Cloud Migration Consulting,Seattle,West,Enterprise,Direct Invoice,Diana Prince,8,3611.66,1153.44,28893.28,9227.52,3697.1,82.63,990.72,13997.97,8254.6,29.11,2025,4,Apr,2025-04,2025Q2,Monday,19130.61,2824.94,990.72,535.15,28358.13,18.0,5104.46,590.72,472.03,110.35,7595.39,11535.22,10944.5,10582.82,22.0,2328.22,8254.6,29.11,40.68,38.59,37.32,67.46,48.45,12.8,3544.77,1749.75,1031.82,High Margin (>=20%)
TXN-1531,2025-04-07,Services,Cloud Migration Consulting,San Francisco,West,Enterprise,Wire Transfer,Fiona Gallagher,28,3325.83,1173.82,93123.24,32866.96,7580.43,285.38,2793.7,43526.47,27292.98,29.79,2025,4,Apr,2025-04,2025Q2,Monday,58754.66,10303.63,2793.7,1501.62,91621.62,18.0,16491.89,1946.87,1184.49,330.84,20963.14,37791.52,35844.65,34991.0,22.0,7698.02,27292.98,29.79,41.25,39.12,38.19,64.13,46.74,8.14,3272.2,1554.52,974.75,High Margin (>=20%)
TXN-1788,2025-04-08,Electronics,Smart Display 10,Seattle,West,Government,Wire Transfer,Evan Wright,31,345.79,198.34,10719.49,6148.54,1212.42,306.85,388.07,8055.88,955.69,9.1,2025,4,Apr,2025-04,2025Q2,Tuesday,4357.32,965.21,388.07,213.63,10505.86,18.0,1891.05,198.72,112.41,51.61,2872.55,1484.77,1286.05,1225.25,22.0,269.56,955.69,9.1,14.13,12.24,11.66,41.48,75.15,11.31,338.9,259.87,30.83,Moderate Margin (5-20%)
TXN-1705,2025-04-08,Hardware,NAS Storage Enclosure,New York,East,SMB,Wire Transfer,Bob Jones,4,747.52,473.89,2990.08,1895.56,234.5,42.44,89.7,2262.2,264.33,9.07,2025,4,Apr,2025-04,2025Q2,Tuesday,1020.02,218.78,89.7,74.5,2915.58,18.0,524.8,52.59,54.67,11.55,585.42,434.6,382.01,338.89,22.0,74.56,264.33,9.07,14.91,13.1,11.62,34.99,75.66,7.84,728.9,565.55,66.08,Moderate Margin (5-20%)
TXN-1325,2025-04-08,Electronics,Wireless Noise-Canceling Headset,Miami,East,Enterprise,Credit Card,Diana Prince,19,246.1,124.62,4675.9,2367.78,615.56,267.74,159.2,3410.28,371.28,8.1,2025,4,Apr,2025-04,2025Q2,Tuesday,2215.92,550.56,159.2,92.2,4583.7,18.0,825.07,88.75,93.07,34.96,1593.06,622.86,534.11,476.0,22.0,104.72,371.28,8.1,13.59,11.65,10.38,48.34,72.93,13.16,241.25,179.49,19.54,Moderate Margin (5-20%)
TXN-1153,2025-04-09,Office Supplies,Ergonomic Executive Desk,Houston,South,Consumer,PayPal,Evan Wright,2,799.3,466.41,1598.6,932.82,127.05,23.03,91.0,1173.9,171.88,10.96,2025,4,Apr,2025-04,2025Q2,Wednesday,635.77,123.48,91.0,30.01,1568.59,18.0,282.35,36.9,21.0,7.05,364.56,271.21,234.31,220.36,22.0,48.48,171.88,10.96,17.29,14.94,14.05,40.53,73.43,7.95,784.3,586.95,85.94,Moderate Margin (5-20%)
TXN-1053,2025-04-10,Hardware,Gigabit Switch 24-Port,Austin,South,Enterprise,Credit Card,Evan Wright,13,439.63,270.25,5715.19,3513.25,401.78,107.91,175.98,4198.92,462.65,8.2,2025,4,Apr,2025-04,2025Q2,Thursday,2131.38,668.53,175.98,70.56,5644.63,18.0,1016.03,117.6,104.45,38.01,1354.2,777.18,659.58,593.14,22.0,130.49,462.65,8.2,13.77,11.69,10.51,37.76,73.47,7.03,434.2,322.99,35.59,Moderate Margin (5-20%)
TXN-1102,2025-04-11,Software,Enterprise ERP License,Boston,East,Enterprise,Direct Invoice,Fiona Gallagher,9,2341.0,521.86,21069.0,4696.74,2423.59,51.11,632.07,7803.51,7634.32,37.31,2025,4,Apr,2025-04,2025Q2,Friday,15767.07,2145.26,632.07,605.19,20463.81,18.0,3683.49,477.11,353.64,103.3,5252.03,10515.04,10037.93,9787.59,22.0,2153.27,7634.32,37.31,51.38,49.05,47.83,77.05,37.04,11.5,2273.76,867.06,848.26,High Margin (>=20%)
TXN-1471,2025-04-12,Electronics,Ultra-Wide Monitor 34,Boston,East,SMB,Wire Transfer,Diana Prince,5,603.37,362.87,3016.85,1814.35,274.24,42.67,106.78,2238.04,319.81,10.79,2025,4,Apr,2025-04,2025Q2,Saturday,1149.37,213.01,106.78,53.13,2963.72,18.0,533.47,72.23,39.95,9.52,636.7,512.67,440.44,410.01,22.0,90.2,319.81,10.79,17.3,14.86,13.83,38.78,74.18,9.09,592.74,447.61,63.96,Moderate Margin (5-20%)
TXN-1300,2025-04-15,Office Supplies,Ergonomic Executive Desk,Houston,South,Enterprise,PayPal,Alice Smith,13,791.49,452.46,10289.37,5881.98,1232.91,170.33,337.91,7623.13,952.29,9.51,2025,4,Apr,2025-04,2025Q2,Tuesday,4126.83,764.16,337.91,280.56,10008.81,18.0,1801.59,233.87,189.8,23.04,2505.31,1621.52,1387.65,1220.89,22.0,268.6,952.29,9.51,16.2,13.86,12.2,41.23,74.09,11.98,769.91,586.39,73.25,Moderate Margin (5-20%)
TXN-1652,2025-04-16,Software,Enterprise ERP License,Miami,East,Enterprise,Direct Invoice,Bob Jones,21,2475.79,499.82,51991.59,10496.22,4798.39,247.52,1683.63,17225.76,21026.53,41.54,2025,4,Apr,2025-04,2025Q2,Wednesday,40127.01,5035.66,1683.63,1368.36,50623.23,18.0,9112.18,1031.01,552.17,178.46,11765.2,28361.81,27330.8,26957.09,22.0,5930.56,21026.53,41.54,56.03,53.99,53.25,79.27,33.13,9.23,2410.63,820.27,1001.26,High Margin (>=20%)
TXN-1867,2025-04-17,Services,Cybersecurity Audit,New York,East,Enterprise,Direct Invoice,Diana Prince,17,2125.85,780.28,36139.45,13264.76,3125.01,130.87,1258.88,17779.52,11032.75,30.96,2025,4,Apr,2025-04,2025Q2,Thursday,22367.75,2810.28,1258.88,506.94,35632.51,18.0,6413.85,713.48,409.46,224.78,7325.04,15042.71,14329.23,14144.55,22.0,3111.8,11032.75,30.96,42.22,40.21,39.7,62.77,49.2,8.65,2096.03,1045.85,648.99,High Margin (>=20%)
TXN-2065,2025-04-17,Office Supplies,High-Speed Paper Shredder,Houston,South,Enterprise,Credit Card,Charlie Davis,8,187.83,93.58,1502.64,748.64,130.27,119.36,45.08,1043.35,191.83,13.06,2025,4,Apr,2025-04,2025Q2,Thursday,720.73,136.84,45.08,33.27,1469.37,18.0,264.49,25.23,27.49,9.48,431.55,289.18,263.95,245.94,22.0,54.11,191.83,13.06,19.68,17.96,16.74,49.05,69.43,8.67,183.67,130.42,23.98,Moderate Margin (5-20%)
TXN-1028,2025-04-18,Services,Cloud Migration Consulting,Phoenix,West,SMB,Direct Invoice,Evan Wright,1,3317.04,1158.77,3317.04,1158.77,265.43,10.49,156.56,1591.25,954.26,29.22,2025,4,Apr,2025-04,2025Q2,Friday,2106.91,317.48,156.56,51.36,3265.68,18.0,587.82,81.46,62.05,9.97,749.96,1356.95,1275.49,1223.41,22.0,269.15,954.26,29.22,41.55,39.06,37.46,64.52,47.97,8.0,3265.68,1591.25,954.26,High Margin (>=20%)
TXN-1258,2025-04-18,Hardware,Gigabit Switch 24-Port,New York,East,Enterprise,Direct Invoice,Charlie Davis,12,471.42,263.01,5657.04,3156.12,721.06,71.7,221.71,4170.59,437.19,7.91,2025,4,Apr,2025-04,2025Q2,Friday,2367.81,592.87,221.71,133.11,5523.93,18.0,994.31,132.96,87.72,20.71,1607.34,760.47,627.51,560.5,22.0,123.31,437.19,7.91,13.77,11.36,10.15,42.86,73.72,12.75,460.33,347.55,36.43,Moderate Margin (5-20%)
TXN-1896,2025-04-19,Hardware,Rack Server Blade X,Seattle,West,SMB,Wire Transfer,Diana Prince,2,3454.48,2090.73,6908.96,4181.46,828.43,23.34,355.09,5388.32,463.89,6.89,2025,4,Apr,2025-04,2025Q2,Saturday,2548.85,554.44,355.09,178.65,6730.31,18.0,1211.46,108.23,111.24,26.65,1761.3,787.55,679.32,594.73,22.0,130.84,463.89,6.89,11.7,10.09,8.84,37.87,77.99,11.99,3365.16,2694.16,231.94,Moderate Margin (5-20%)
TXN-1003,2025-04-20,Hardware,NAS Storage Enclosure,Miami,East,SMB,Direct Invoice,Alice Smith,3,824.92,488.65,2474.76,1465.95,237.68,15.4,136.3,1855.33,211.88,8.65,2025,4,Apr,2025-04,2025Q2,Sunday,982.97,263.81,136.3,25.84,2448.92,18.0,440.81,47.26,29.33,18.45,653.19,329.78,282.52,271.64,22.0,59.76,211.88,8.65,13.47,11.54,11.09,40.14,74.97,9.6,816.31,618.44,70.63,Moderate Margin (5-20%)
TXN-1074,2025-04-20,Services,Annual IT Maintenance Plan,Phoenix,West,SMB,Credit Card,Fiona Gallagher,7,1778.92,617.99,12452.44,4325.93,1095.2,67.78,484.02,5972.93,3582.73,29.09,2025,4,Apr,2025-04,2025Q2,Sunday,7992.12,1379.4,484.02,134.39,12318.05,18.0,2217.25,276.71,138.42,42.65,3026.4,4965.72,4689.01,4593.24,22.0,1010.51,3582.73,29.09,40.31,38.07,37.29,64.88,47.97,8.8,1759.72,853.28,511.82,High Margin (>=20%)
TXN-1092,2025-04-21,Services,Annual IT Maintenance Plan,Los Angeles,West,Enterprise,Credit Card,Bob Jones,29,1752.87,601.35,50833.23,17439.15,6027.89,145.97,1696.93,25309.94,14029.61,27.95,2025,4,Apr,2025-04,2025Q2,Monday,32750.82,5371.15,1696.93,643.26,50189.97,18.0,9034.19,865.8,775.07,118.67,13241.94,19508.88,18643.08,17986.68,22.0,3957.07,14029.61,27.95,38.87,37.15,35.84,65.25,49.79,11.86,1730.69,872.76,483.78,High Margin (>=20%)
TXN-1257,2025-04-21,Electronics,Laptop Pro 15,Austin,South,Enterprise,Direct Invoice,Evan Wright,7,1126.82,769.85,7887.74,5388.95,896.71,65.47,294.56,6645.69,-120.48,-1.56,2025,4,Apr,2025-04,2025Q2,Monday,2311.14,921.35,294.56,187.65,7700.09,18.0,1386.02,183.17,106.85,36.49,2178.09,133.05,-50.12,-120.48,22.0,0.0,-120.48,-1.56,1.73,-0.65,-1.56,30.01,84.25,11.37,1100.01,949.38,-17.21,Loss Making (<0%)
TXN-2032,2025-04-22,Electronics,Wireless Noise-Canceling Headset,Los Angeles,West,Enterprise,Direct Invoice,Evan Wright,24,252.54,115.44,6060.96,2770.56,621.6,205.63,281.86,3879.65,1020.86,17.03,2025,4,Apr,2025-04,2025Q2,Tuesday,3223.95,604.97,281.86,66.45,5994.51,18.0,1079.01,150.96,79.52,29.38,1714.06,1509.89,1358.93,1308.79,22.0,287.93,1020.86,17.03,25.19,22.67,21.83,53.78,64.01,10.26,249.77,161.65,42.54,Moderate Margin (5-20%)
TXN-1461,2025-04-23,Hardware,Rack Server Blade X,Los Angeles,West,SMB,PayPal,Charlie Davis,4,3231.71,2018.51,12926.84,8074.04,1405.93,42.74,576.88,10099.59,881.65,6.97,2025,4,Apr,2025-04,2025Q2,Wednesday,4568.26,980.84,576.88,284.54,12642.3,18.0,2275.61,305.95,167.28,41.68,3006.39,1561.87,1255.92,1130.32,22.0,248.67,881.65,6.97,12.35,9.93,8.94,36.13,78.13,10.88,3160.58,2524.9,220.41,Moderate Margin (5-20%)
TXN-1368,2025-04-24,Electronics,Wireless Noise-Canceling Headset,Seattle,West,SMB,Wire Transfer,Alice Smith,7,261.6,117.82,1831.2,824.74,194.8,59.19,97.65,1176.38,293.33,16.21,2025,4,Apr,2025-04,2025Q2,Thursday,984.65,211.08,97.65,21.81,1809.39,18.0,325.69,31.9,19.05,5.09,562.72,421.93,390.03,376.07,22.0,82.74,293.33,16.21,23.32,21.56,20.78,54.42,64.24,10.64,258.48,168.05,41.9,Moderate Margin (5-20%)
TXN-1429,2025-04-24,Services,Cybersecurity Audit,Boston,East,Government,PayPal,Alice Smith,21,2292.29,824.94,48138.09,17323.74,4204.76,196.08,2123.11,23847.69,13943.82,29.32,2025,4,Apr,2025-04,2025Q2,Thursday,30239.89,4214.29,2123.11,574.46,47563.63,18.0,8561.45,928.44,836.62,140.1,10738.24,19501.65,18573.21,17876.69,22.0,3932.87,13943.82,29.32,41.0,39.05,37.58,63.58,49.54,8.73,2264.93,1135.6,663.99,High Margin (>=20%)
TXN-2082,2025-04-25,Software,Cloud Storage Annual,Los Angeles,West,Government,Wire Transfer,Evan Wright,29,395.16,76.12,11459.64,2207.48,979.38,251.73,381.21,3819.8,4893.95,43.46,2025,4,Apr,2025-04,2025Q2,Friday,9054.63,853.41,381.21,197.53,11262.11,18.0,2027.18,237.51,143.11,66.02,2465.73,6588.9,6351.39,6274.3,22.0,1380.35,4893.95,43.46,58.51,56.4,55.71,80.4,33.33,8.55,388.35,131.72,168.76,High Margin (>=20%)
TXN-1735,2025-04-28,Office Supplies,Standing Desk Converter,Houston,South,Enterprise,Direct Invoice,Alice Smith,17,266.52,141.23,4530.84,2400.91,295.06,231.61,226.52,3154.1,581.54,13.14,2025,4,Apr,2025-04,2025Q2,Monday,2023.32,398.45,226.52,106.61,4424.23,18.0,796.36,77.04,62.57,13.5,1151.64,871.68,794.64,745.57,22.0,164.03,581.54,13.14,19.7,17.96,16.85,45.73,69.61,6.51,260.25,185.54,34.21,Moderate Margin (5-20%)
TXN-1088,2025-04-29,Electronics,Smart Display 10,San Francisco,West,SMB,PayPal,Bob Jones,1,374.87,190.79,374.87,190.79,43.65,14.25,31.02,279.71,30.28,8.22,2025,4,Apr,2025-04,2025Q2,Tuesday,177.7,38.19,31.02,6.38,368.49,18.0,66.33,8.86,5.2,2.29,127.11,50.59,41.73,38.82,22.0,8.54,30.28,8.22,13.73,11.32,10.53,48.22,74.62,11.64,368.49,279.71,30.28,Moderate Margin (5-20%)
TXN-1431,2025-05-01,Hardware,Gigabit Switch 24-Port,Chicago,Midwest,Enterprise,Credit Card,Fiona Gallagher,15,422.12,262.51,6331.8,3937.65,625.42,79.03,204.64,4846.74,502.44,8.14,2025,5,May,2025-05,2025Q2,Thursday,2235.07,488.5,204.64,159.08,6172.72,18.0,1111.09,125.43,105.82,37.92,1397.59,837.48,712.05,644.15,22.0,141.71,502.44,8.14,13.57,11.54,10.44,36.21,76.55,9.88,411.51,323.12,33.5,Moderate Margin (5-20%)
TXN-1353,2025-05-04,Office Supplies,Ergonomic Executive Desk,Austin,South,SMB,Direct Invoice,Bob Jones,4,782.18,444.51,3128.72,1778.04,223.61,20.74,133.86,2156.25,369.99,12.15,2025,5,May,2025-05,2025Q2,Sunday,1268.13,322.05,133.86,82.55,3046.17,18.0,548.31,55.06,61.78,23.32,700.26,567.87,512.81,474.35,22.0,104.36,369.99,12.15,18.64,16.83,15.57,41.63,68.92,7.15,761.54,539.06,92.5,Moderate Margin (5-20%)
TXN-1924,2025-05-04,Software,Enterprise ERP License,New York,East,Government,PayPal,Bob Jones,20,2559.5,518.56,51190.0,10371.2,6135.92,273.75,1818.9,18599.77,18939.78,37.69,2025,5,May,2025-05,2025Q2,Sunday,39879.2,5630.53,1818.9,939.6,50250.4,18.0,9045.07,1066.65,817.48,145.8,13859.1,26020.1,24953.45,24281.77,22.0,5341.99,18939.78,37.69,51.78,49.66,48.32,79.36,36.33,11.99,2512.52,929.99,946.99,High Margin (>=20%)
TXN-1393,2025-05-05,Software,Enterprise ERP License,Boston,East,SMB,PayPal,Charlie Davis,1,2599.94,520.65,2599.94,520.65,275.0,6.81,84.34,886.8,1066.94,41.56,2025,5,May,2025-05,2025Q2,Monday,2046.61,230.36,84.34,32.68,2567.26,18.0,462.11,53.81,45.56,17.14,596.51,1450.1,1396.29,1367.87,22.0,300.93,1066.94,41.56,56.48,54.39,53.28,79.72,34.11,10.58,2567.26,886.8,1066.94,High Margin (>=20%)
TXN-1238,2025-05-06,Software,Enterprise ERP License,Seattle,West,Consumer,PayPal,Evan Wright,3,2358.79,515.56,7076.37,1546.68,784.6,26.64,289.34,2647.26,2785.25,40.33,2025,5,May,2025-05,2025Q2,Tuesday,5359.19,503.95,289.34,170.5,6905.87,18.0,1243.06,160.0,79.16,55.33,1604.53,3754.66,3594.66,3570.83,22.0,785.58,2785.25,40.33,54.37,52.05,51.71,77.6,37.41,11.09,2301.96,882.42,928.42,High Margin (>=20%)
TXN-1613,2025-05-06,Services,Cybersecurity Audit,Chicago,Midwest,Enterprise,Credit Card,Alice Smith,15,2251.41,772.05,33771.15,11580.75,4546.0,132.46,1373.74,17632.95,8800.19,26.46,2025,5,May,2025-05,2025Q2,Tuesday,21673.67,3424.23,1373.74,516.73,33254.42,18.0,5985.8,610.17,521.54,216.77,9476.43,12197.24,11587.07,11282.3,22.0,2482.11,8800.19,26.46,36.68,34.84,33.93,65.18,52.21,13.46,2216.96,1175.53,586.68,High Margin (>=20%)
TXN-1981,2025-05-06,Office Supplies,Standing Desk Converter,Chicago,Midwest,Consumer,PayPal,Evan Wright,6,286.12,145.34,1716.72,872.04,176.19,75.55,94.96,1218.74,207.75,12.3,2025,5,May,2025-05,2025Q2,Tuesday,817.03,148.86,94.96,27.65,1689.07,18.0,304.03,32.07,33.21,10.15,495.56,321.47,289.4,266.34,22.0,58.59,207.75,12.3,19.03,17.13,15.77,48.37,70.99,10.26,281.51,203.12,34.62,Moderate Margin (5-20%)
TXN-1640,2025-05-07,Office Supplies,Mesh Office Chair,Miami,East,SMB,Wire Transfer,Evan Wright,3,334.2,160.91,1002.6,482.73,111.95,15.41,56.24,666.33,160.78,16.27,2025,5,May,2025-05,2025Q2,Wednesday,505.34,89.1,56.24,14.53,988.07,18.0,177.85,20.24,13.35,7.08,272.7,232.64,212.4,206.13,22.0,45.35,160.78,16.27,23.54,21.5,20.86,51.14,66.46,11.17,329.36,222.11,53.59,Moderate Margin (5-20%)
TXN-1128,2025-05-08,Hardware,Gigabit Switch 24-Port,Miami,East,Consumer,Wire Transfer,Evan Wright,1,436.84,269.59,436.84,269.59,39.34,7.97,32.56,349.46,9.9,2.33,2025,5,May,2025-05,2025Q2,Thursday,155.98,49.38,32.56,11.27,425.57,18.0,76.6,10.74,4.77,1.47,129.25,26.73,15.99,12.69,22.0,2.79,9.9,2.33,6.28,3.76,2.98,36.65,80.0,9.01,425.57,349.46,9.9,Low Margin (0-5%)
TXN-1517,2025-05-10,Hardware,NAS Storage Enclosure,Seattle,West,Government,Direct Invoice,Bob Jones,26,838.11,472.4,21790.86,12282.4,1897.56,131.84,878.68,15190.48,2804.46,13.02,2025,5,May,2025-05,2025Q2,Saturday,9265.37,1935.53,878.68,243.09,21547.77,18.0,3878.6,488.53,417.79,80.02,4843.61,4421.76,3933.23,3595.46,22.0,791.0,2804.46,13.02,20.52,18.25,16.69,43.0,69.71,8.71,828.76,584.25,107.86,Moderate Margin (5-20%)
TXN-1582,2025-05-11,Office Supplies,Standing Desk Converter,Miami,East,Enterprise,Credit Card,Alice Smith,26,274.3,137.92,7131.8,3585.92,737.99,148.91,313.64,4786.46,849.84,12.26,2025,5,May,2025-05,2025Q2,Sunday,3345.94,848.7,313.64,199.94,6931.86,18.0,1247.73,123.73,119.28,35.85,2049.24,1296.7,1172.97,1089.54,22.0,239.7,849.84,12.26,18.71,16.92,15.72,48.27,67.11,10.35,266.61,184.09,32.69,Moderate Margin (5-20%)
TXN-1902,2025-05-11,Software,Security Firewall Pro,Los Angeles,West,Enterprise,Direct Invoice,Fiona Gallagher,6,854.27,213.43,5125.62,1280.58,424.27,75.91,185.63,1966.39,1952.57,38.9,2025,5,May,2025-05,2025Q2,Sunday,3739.14,365.59,185.63,105.9,5019.72,18.0,903.55,128.0,77.59,21.15,1051.4,2687.74,2559.74,2503.3,22.0,550.73,1952.57,38.9,53.54,50.99,49.87,74.49,38.36,8.28,836.62,327.73,325.43,High Margin (>=20%)
TXN-1651,2025-05-11,Hardware,NAS Storage Enclosure,Miami,East,SMB,Credit Card,Alice Smith,5,759.55,470.81,3797.75,2354.05,233.96,54.13,178.76,2820.9,414.9,11.1,2025,5,May,2025-05,2025Q2,Sunday,1384.01,282.35,178.76,59.69,3738.06,18.0,672.85,64.76,52.33,14.2,749.2,634.81,570.05,531.92,22.0,117.02,414.9,11.1,16.98,15.25,14.23,37.02,74.28,6.16,747.61,564.18,82.98,Moderate Margin (5-20%)
TXN-1525,2025-05-12,Software,Enterprise ERP License,Boston,East,SMB,Credit Card,Evan Wright,6,2428.02,513.16,14568.12,3078.96,1809.07,53.11,470.89,5412.03,5209.32,36.63,2025,5,May,2025-05,2025Q2,Monday,11141.81,1630.41,470.89,347.35,14220.77,18.0,2559.74,272.56,261.09,33.94,3963.48,7178.33,6905.77,6678.62,22.0,1469.3,5209.32,36.63,50.48,48.56,46.96,78.35,37.15,12.42,2370.13,902.0,868.22,High Margin (>=20%)
TXN-1948,2025-05-13,Software,Enterprise ERP License,Miami,East,SMB,Direct Invoice,Diana Prince,3,2577.82,477.77,7733.46,1433.31,640.05,39.58,232.0,2344.94,3251.23,42.77,2025,5,May,2025-05,2025Q2,Tuesday,6167.48,889.36,232.0,132.67,7600.79,18.0,1368.14,131.64,127.55,60.94,1800.99,4366.49,4234.85,4168.24,22.0,917.01,3251.23,42.77,57.45,55.72,54.84,81.14,30.32,8.28,2533.6,781.65,1083.74,High Margin (>=20%)
TXN-1827,2025-05-14,Services,Cybersecurity Audit,Chicago,Midwest,Enterprise,Credit Card,Evan Wright,10,2316.86,805.75,23168.6,8057.5,2472.35,70.98,695.06,11295.89,6783.29,30.02,2025,5,May,2025-05,2025Q2,Wednesday,14540.77,2023.02,695.06,570.33,22598.27,18.0,4067.69,403.49,286.58,107.23,5261.41,9279.36,8875.87,8696.52,22.0,1913.23,6783.29,30.02,41.06,39.28,38.48,64.34,48.76,10.67,2259.83,1129.59,678.33,High Margin (>=20%)
TXN-1648,2025-05-15,Software,Data Analytics Suite,New York,East,Consumer,Credit Card,Charlie Davis,5,1381.31,286.06,6906.55,1430.3,918.2,63.77,251.38,2663.65,2545.3,37.37,2025,5,May,2025-05,2025Q2,Thursday,5379.91,717.97,251.38,96.34,6810.21,18.0,1225.84,127.53,77.38,39.52,1951.32,3428.59,3301.06,3263.2,22.0,717.9,2545.3,37.37,50.34,48.47,47.92,79.0,38.57,13.29,1362.04,532.73,509.06,High Margin (>=20%)
TXN-1034,2025-05-15,Software,Enterprise ERP License,Los Angeles,West,SMB,Credit Card,Evan Wright,1,2519.19,496.17,2519.19,496.17,265.73,10.76,113.06,885.72,966.54,38.78,2025,5,May,2025-05,2025Q2,Thursday,1996.26,295.86,113.06,26.76,2492.43,18.0,448.64,45.05,34.04,7.39,685.41,1310.85,1265.8,1239.15,22.0,272.61,966.54,38.78,52.59,50.79,49.72,80.09,35.16,10.55,2492.43,885.72,966.54,High Margin (>=20%)
TXN-1408,2025-05-16,Services,Cybersecurity Audit,San Francisco,West,Enterprise,Direct Invoice,Charlie Davis,26,2190.85,796.1,56962.1,20698.6,7378.53,267.82,1903.5,30248.45,15387.56,27.73,2025,5,May,2025-05,2025Q2,Friday,34782.08,4018.21,1903.5,1481.42,55480.68,18.0,9986.52,946.52,802.29,262.43,13568.06,21214.02,20267.5,19727.64,22.0,4340.08,15387.56,27.73,38.24,36.53,35.56,62.69,53.1,12.95,2133.87,1163.4,591.83,High Margin (>=20%)
TXN-1920,2025-05-17,Office Supplies,Mesh Office Chair,Boston,East,Enterprise,PayPal,Bob Jones,24,294.85,155.05,7076.4,3721.2,957.26,245.08,359.71,5283.25,654.93,9.52,2025,5,May,2025-05,2025Q2,Saturday,3159.55,544.92,359.71,195.65,6880.75,18.0,1238.53,160.83,72.36,20.26,2106.97,1052.58,891.75,839.65,22.0,184.72,654.93,9.52,15.3,12.96,12.2,45.92,74.66,13.53,286.7,220.14,27.29,Moderate Margin (5-20%)
TXN-1392,2025-05-17,Services,Cybersecurity Audit,New York,East,Enterprise,Wire Transfer,Alice Smith,24,2167.39,801.71,52017.36,19241.04,6852.04,167.11,1560.52,27820.71,12739.72,25.24,2025,5,May,2025-05,2025Q2,Saturday,31224.9,4714.38,1560.52,1551.42,50465.94,18.0,9083.87,1290.63,630.0,322.76,13294.05,17930.85,16640.22,16332.98,22.0,3593.26,12739.72,25.24,35.53,32.97,32.36,61.87,53.48,13.17,2102.75,1159.2,530.82,High Margin (>=20%)
TXN-1856,2025-05-18,Software,Security Firewall Pro,Seattle,West,Consumer,PayPal,Diana Prince,1,844.61,217.02,844.61,217.02,74.53,11.36,58.94,361.85,292.77,35.49,2025,5,May,2025-05,2025Q2,Sunday,607.84,67.18,58.94,19.75,824.86,18.0,148.47,13.88,8.95,2.35,212.01,395.83,381.95,375.35,22.0,82.58,292.77,35.49,47.99,46.3,45.5,73.69,42.84,8.82,824.86,361.85,292.77,High Margin (>=20%)
TXN-2141,2025-05-20,Office Supplies,Mesh Office Chair,Los Angeles,West,SMB,Wire Transfer,Evan Wright,4,311.34,160.68,1245.36,642.72,170.25,28.24,56.78,897.99,109.62,9.03,2025,5,May,2025-05,2025Q2,Tuesday,571.48,138.53,56.78,31.16,1214.2,18.0,218.56,21.3,21.4,5.56,393.8,177.68,156.38,140.54,22.0,30.92,109.62,9.03,14.63,12.88,11.57,47.07,72.11,13.67,303.55,224.5,27.4,Moderate Margin (5-20%)
TXN-1811,2025-05-23,Office Supplies,High-Speed Paper Shredder,Chicago,Midwest,Enterprise,Credit Card,Evan Wright,12,167.45,87.12,2009.4,1045.44,243.64,119.22,107.27,1515.57,142.54,7.17,2025,5,May,2025-05,2025Q2,Friday,942.52,239.6,107.27,21.44,1987.96,18.0,357.83,33.36,21.64,4.95,709.73,232.79,199.43,182.74,22.0,40.2,142.54,7.17,11.71,10.03,9.19,47.41,75.42,12.13,165.66,126.3,11.88,Moderate Margin (5-20%)
TXN-2076,2025-05-26,Software,Cloud Storage Annual,San Francisco,West,Enterprise,Direct Invoice,Alice Smith,12,399.83,77.18,4797.96,926.16,599.38,110.47,229.64,1865.65,1719.31,36.64,2025,5,May,2025-05,2025Q2,Monday,3766.18,438.48,229.64,105.62,4692.34,18.0,844.62,110.49,90.51,17.03,1377.97,2388.21,2277.72,2204.24,22.0,484.93,1719.31,36.64,50.9,48.54,46.98,80.26,38.88,12.49,391.03,155.47,143.28,High Margin (>=20%)
TXN-1501,2025-05-28,Office Supplies,Ergonomic Executive Desk,Miami,East,Consumer,Wire Transfer,Diana Prince,4,848.54,437.3,3394.16,1749.2,224.91,42.94,101.82,2118.87,570.84,17.33,2025,5,May,2025-05,2025Q2,Wednesday,1545.46,356.07,101.82,99.5,3294.66,18.0,593.04,55.25,55.37,22.74,725.74,819.72,764.47,731.84,22.0,161.0,570.84,17.33,24.88,23.2,22.21,46.91,62.43,6.63,823.66,529.72,142.71,Moderate Margin (5-20%)
TXN-1142,2025-05-29,Services,Cybersecurity Audit,Miami,East,Enterprise,Credit Card,Diana Prince,12,2294.55,779.49,27534.6,9353.88,3131.36,71.15,826.04,13382.43,8073.26,29.9,2025,5,May,2025-05,2025Q2,Thursday,17650.61,2274.06,826.04,530.11,27004.49,18.0,4860.81,623.97,500.42,126.72,6302.61,11348.0,10724.03,10350.33,22.0,2277.07,8073.26,29.9,42.02,39.71,38.33,65.36,48.6,11.37,2250.37,1115.2,672.77,High Margin (>=20%)
TXN-1508,2025-05-29,Software,Enterprise ERP License,Los Angeles,West,SMB,PayPal,Diana Prince,2,2656.41,515.68,5312.82,1031.36,622.64,14.98,253.36,1922.34,2027.62,38.72,2025,5,May,2025-05,2025Q2,Thursday,4205.38,590.4,253.36,76.08,5236.74,18.0,942.61,91.71,55.81,23.03,1481.38,2724.0,2632.29,2599.51,22.0,571.89,2027.62,38.72,52.02,50.27,49.64,80.31,36.18,11.72,2618.37,961.17,1013.81,High Margin (>=20%)
TXN-2121,2025-05-30,Software,Cloud Storage Annual,San Francisco,West,Consumer,Credit Card,Bob Jones,1,373.37,78.72,373.37,78.72,31.69,14.54,39.5,164.45,113.25,31.21,2025,5,May,2025-05,2025Q2,Friday,284.14,42.73,39.5,10.51,362.86,18.0,65.31,6.46,5.02,0.99,128.46,155.68,149.22,145.19,22.0,31.94,113.25,31.21,42.9,41.12,40.01,78.31,44.04,8.49,362.86,164.45,113.25,High Margin (>=20%)
TXN-1744,2025-05-30,Services,Cybersecurity Audit,Houston,South,SMB,PayPal,Evan Wright,3,2220.08,822.99,6660.24,2468.97,688.05,24.72,199.81,3381.55,1773.1,27.28,2025,5,May,2025-05,2025Q2,Friday,4030.4,633.63,199.81,160.87,6499.37,18.0,1169.89,135.76,121.64,46.42,1546.21,2484.19,2348.43,2273.21,22.0,500.11,1773.1,27.28,38.22,36.13,34.98,62.01,50.77,10.33,2166.46,1127.18,591.03,High Margin (>=20%)
TXN-1189,2025-05-30,Software,Enterprise ERP License,Austin,South,SMB,Credit Card,Charlie Davis,1,2421.58,507.66,2421.58,507.66,327.07,13.71,127.3,975.74,848.02,36.08,2025,5,May,2025-05,2025Q2,Friday,1842.73,233.64,127.3,71.19,2350.39,18.0,423.07,42.18,27.09,15.47,701.72,1141.01,1098.83,1087.21,22.0,239.19,848.02,36.08,48.55,46.75,46.26,78.4,40.29,13.51,2350.39,975.74,848.02,High Margin (>=20%)
TXN-1059,2025-05-30,Office Supplies,Mesh Office Chair,Los Angeles,West,Consumer,PayPal,Charlie Davis,3,295.33,163.15,885.99,489.45,123.84,41.9,62.03,717.22,54.19,6.19,2025,5,May,2025-05,2025Q2,Friday,386.54,64.02,62.03,10.0,875.99,18.0,157.68,17.62,14.31,6.65,291.79,94.75,77.13,69.47,22.0,15.28,54.19,6.19,10.82,8.8,7.93,44.13,80.95,13.98,292.0,239.07,18.06,Moderate Margin (5-20%)
TXN-2158,2025-05-30,Software,Enterprise ERP License,Chicago,Midwest,Enterprise,Direct Invoice,Evan Wright,20,2346.13,486.39,46922.6,9727.8,3186.62,186.68,1407.68,14508.78,19470.06,41.97,2025,5,May,2025-05,2025Q2,Friday,36663.22,5351.22,1407.68,531.58,46391.02,18.0,8350.38,932.74,834.31,197.65,10132.2,26531.02,25598.28,24961.62,22.0,5491.56,19470.06,41.97,57.19,55.18,53.81,79.03,30.92,6.79,2319.55,725.44,973.5,High Margin (>=20%)
TXN-1678,2025-05-31,Software,Data Analytics Suite,Phoenix,West,SMB,Credit Card,Fiona Gallagher,3,1484.96,312.98,4454.88,938.94,492.7,23.65,183.62,1638.91,1733.13,39.7,2025,5,May,2025-05,2025Q2,Saturday,3426.1,400.46,183.62,89.84,4365.04,18.0,785.71,71.54,59.61,27.44,1100.43,2325.67,2254.13,2221.96,22.0,488.83,1733.13,39.7,53.28,51.64,50.9,78.49,36.79,11.06,1455.01,546.3,577.71,High Margin (>=20%)
TXN-1833,2025-05-31,Services,Annual IT Maintenance Plan,Seattle,West,Enterprise,Wire Transfer,Evan Wright,22,1825.0,619.97,40150.0,13639.34,2641.14,261.95,1420.45,17962.88,13378.6,33.98,2025,5,May,2025-05,2025Q2,Saturday,25736.62,3093.27,1420.45,774.04,39375.96,18.0,7087.67,700.76,592.25,125.25,7416.81,18319.81,17619.05,17152.05,22.0,3773.45,13378.6,33.98,46.53,44.75,43.56,65.36,44.74,6.58,1789.82,816.49,608.12,High Margin (>=20%)
TXN-1286,2025-06-01,Hardware,NAS Storage Enclosure,San Francisco,West,SMB,PayPal,Diana Prince,4,798.51,459.56,3194.04,1838.24,287.58,52.15,134.58,2312.55,392.0,12.49,2025,6,Jun,2025-06,2025Q2,Sunday,1300.45,229.32,134.58,55.35,3138.69,18.0,564.96,48.53,61.78,16.06,703.63,596.82,548.29,502.57,22.0,110.57,392.0,12.49,19.01,17.47,16.01,41.43,72.4,9.0,784.67,578.14,98.0,Moderate Margin (5-20%)
TXN-1538,2025-06-01,Office Supplies,High-Speed Paper Shredder,Chicago,Midwest,SMB,Wire Transfer,Bob Jones,7,182.69,87.39,1278.83,611.73,88.63,102.91,53.63,856.9,204.51,16.22,2025,6,Jun,2025-06,2025Q2,Sunday,649.33,105.33,53.63,17.77,1261.06,18.0,226.99,26.65,16.93,6.94,350.5,298.83,272.18,262.19,22.0,57.68,204.51,16.22,23.7,21.58,20.79,51.49,67.01,6.93,180.15,122.41,29.22,Moderate Margin (5-20%)
TXN-1241,2025-06-01,Services,Annual IT Maintenance Plan,New York,East,Enterprise,PayPal,Evan Wright,22,1901.89,584.52,41841.58,12859.44,5726.03,153.32,1983.37,20722.16,10822.35,26.65,2025,6,Jun,2025-06,2025Q2,Sunday,27752.07,4896.42,1983.37,1230.07,40611.51,18.0,7310.07,752.33,640.83,275.04,12759.14,14992.93,14240.6,13874.81,22.0,3052.46,10822.35,26.65,36.92,35.07,34.16,68.34,49.53,13.69,1845.98,941.92,491.92,High Margin (>=20%)
TXN-1679,2025-06-02,Office Supplies,Mesh Office Chair,Austin,South,SMB,Credit Card,Alice Smith,3,322.51,155.51,967.53,466.53,91.25,34.57,47.07,639.42,138.47,14.54,2025,6,Jun,2025-06,2025Q2,Monday,485.57,114.63,47.07,15.43,952.1,18.0,171.38,16.01,10.9,6.38,287.52,198.05,182.04,177.52,22.0,39.05,138.47,14.54,20.8,19.12,18.65,51.0,66.09,9.43,317.37,213.14,46.16,Moderate Margin (5-20%)
TXN-1726,2025-06-04,Services,Cloud Migration Consulting,Houston,South,Consumer,Direct Invoice,Diana Prince,5,3703.97,1195.75,18519.85,5978.75,2214.04,55.97,805.2,9053.96,5038.64,27.53,2025,6,Jun,2025-06,2025Q2,Wednesday,12321.46,2075.92,805.2,219.64,18300.21,18.0,3294.04,390.16,361.24,40.86,5151.13,7170.33,6780.17,6459.79,22.0,1421.15,5038.64,27.53,39.18,37.05,35.3,67.33,48.89,11.95,3660.04,1810.79,1007.73,High Margin (>=20%)
TXN-1825,2025-06-04,Office Supplies,Ergonomic Executive Desk,Chicago,Midwest,Enterprise,Credit Card,Fiona Gallagher,9,875.83,467.28,7882.47,4205.52,603.47,127.64,369.06,5305.69,1132.13,14.63,2025,6,Jun,2025-06,2025Q2,Wednesday,3532.1,763.57,369.06,144.85,7737.62,18.0,1392.77,131.3,103.68,18.07,1863.74,1668.36,1537.06,1451.45,22.0,319.32,1132.13,14.63,21.56,19.86,18.76,45.65,67.31,7.66,859.74,589.52,125.79,Moderate Margin (5-20%)
TXN-1460,2025-06-05,Office Supplies,High-Speed Paper Shredder,Miami,East,SMB,Credit Card,Diana Prince,1,173.72,87.16,173.72,87.16,10.97,5.22,18.47,121.82,23.64,13.87,2025,6,Jun,2025-06,2025Q2,Thursday,83.27,13.19,18.47,3.29,170.43,18.0,30.68,2.91,3.46,1.26,47.85,35.42,32.51,30.31,22.0,6.67,23.64,13.87,20.78,19.08,17.78,48.86,70.12,6.31,170.43,121.82,23.64,Moderate Margin (5-20%)
TXN-1701,2025-06-05,Office Supplies,High-Speed Paper Shredder,Phoenix,West,Government,Direct Invoice,Bob Jones,27,191.17,86.42,5161.59,2333.34,616.97,352.56,161.77,3464.64,762.66,15.09,2025,6,Jun,2025-06,2025Q2,Thursday,2719.42,498.76,161.77,108.83,5052.76,18.0,909.5,82.2,55.78,26.39,1630.06,1089.36,1007.16,977.77,22.0,215.11,762.66,15.09,21.56,19.93,19.35,53.82,67.12,11.95,187.14,128.32,28.25,Moderate Margin (5-20%)
TXN-1756,2025-06-05,Office Supplies,Mesh Office Chair,Phoenix,West,Enterprise,Wire Transfer,Charlie Davis,14,320.64,160.73,4488.96,2250.22,281.64,93.85,174.84,2800.55,722.97,16.58,2025,6,Jun,2025-06,2025Q2,Thursday,2110.08,492.44,174.84,128.66,4360.3,18.0,784.85,96.48,72.05,28.11,1042.77,1067.31,970.83,926.89,22.0,203.92,722.97,16.58,24.48,22.27,21.26,48.39,62.39,6.27,311.45,200.04,51.64,Moderate Margin (5-20%)
TXN-1521,2025-06-06,Electronics,Smart Display 10,Los Angeles,West,SMB,PayPal,Bob Jones,7,355.56,196.83,2488.92,1377.81,339.15,98.22,127.15,1942.33,154.47,6.29,2025,6,Jun,2025-06,2025Q2,Friday,1079.14,248.16,127.15,31.97,2456.95,18.0,442.25,45.43,32.19,9.2,812.68,266.46,221.03,198.04,22.0,43.57,154.47,6.29,10.85,9.0,8.06,43.92,78.04,13.63,350.99,277.48,22.07,Moderate Margin (5-20%)
TXN-1479,2025-06-06,Services,Cloud Migration Consulting,Seattle,West,SMB,PayPal,Charlie Davis,5,3495.52,1177.23,17477.6,5886.15,1302.8,50.21,524.33,7763.49,5356.35,31.07,2025,6,Jun,2025-06,2025Q2,Friday,11356.02,2070.49,524.33,235.43,17242.17,18.0,3103.59,365.48,309.11,133.52,3947.83,7408.19,7042.71,6867.12,22.0,1510.77,5356.35,31.07,42.97,40.85,39.83,65.86,44.42,7.45,3448.43,1552.7,1071.27,High Margin (>=20%)
TXN-1107,2025-06-07,Software,Data Analytics Suite,Los Angeles,West,Enterprise,Credit Card,Alice Smith,25,1416.88,298.61,35422.0,7465.25,3628.22,129.47,1513.78,12736.72,13607.16,39.37,2025,6,Jun,2025-06,2025Q2,Saturday,27096.64,3206.37,1513.78,860.11,34561.89,18.0,6221.14,833.82,616.01,276.11,8477.84,18618.8,17784.98,17445.08,22.0,3837.92,13607.16,39.37,53.87,51.46,50.47,78.4,35.96,10.24,1382.48,509.47,544.29,High Margin (>=20%)
TXN-1087,2025-06-07,Office Supplies,Ergonomic Executive Desk,New York,East,Enterprise,Wire Transfer,Alice Smith,27,852.9,431.4,23028.3,11647.8,3146.9,339.77,898.77,16033.24,2702.46,11.88,2025,6,Jun,2025-06,2025Q2,Saturday,11109.75,2452.06,898.77,270.75,22757.55,18.0,4096.36,456.75,444.25,93.44,6837.5,4272.25,3815.5,3464.69,22.0,762.23,2702.46,11.88,18.77,16.77,15.22,48.82,69.62,13.67,842.87,593.82,100.09,Moderate Margin (5-20%)
TXN-1445,2025-06-08,Electronics,Ultra-Wide Monitor 34,Seattle,West,SMB,Credit Card,Fiona Gallagher,3,618.95,371.08,1856.85,1113.24,136.63,17.87,69.65,1337.39,186.47,10.16,2025,6,Jun,2025-06,2025Q2,Sunday,721.73,205.44,69.65,21.88,1834.97,18.0,330.29,38.57,26.2,11.7,429.59,292.14,253.57,239.07,22.0,52.6,186.47,10.16,15.92,13.82,13.03,39.33,72.02,7.36,611.66,445.8,62.16,Moderate Margin (5-20%)
TXN-1090,2025-06-09,Office Supplies,High-Speed Paper Shredder,Boston,East,Consumer,PayPal,Bob Jones,7,177.25,90.65,1240.75,634.55,154.25,72.69,73.51,935.0,114.61,9.35,2025,6,Jun,2025-06,2025Q2,Monday,591.84,116.15,73.51,14.36,1226.39,18.0,220.75,23.27,12.65,7.62,416.6,175.24,151.97,146.94,22.0,32.33,114.61,9.35,14.29,12.39,11.98,48.26,75.36,12.43,175.2,133.57,16.37,Moderate Margin (5-20%)
TXN-2066,2025-06-09,Electronics,Laptop Pro 15,Chicago,Midwest,Consumer,Direct Invoice,Fiona Gallagher,1,1124.07,728.21,1124.07,728.21,154.68,11.68,73.61,968.18,-28.45,-2.59,2025,6,Jun,2025-06,2025Q2,Monday,370.43,120.14,73.61,25.43,1098.64,18.0,197.76,24.79,19.21,5.23,360.11,10.32,-14.47,-28.45,22.0,0.0,-28.45,-2.59,0.94,-1.32,-2.59,33.72,86.13,13.76,1098.64,968.18,-28.45,Loss Making (<0%)
TXN-1065,2025-06-09,Office Supplies,Ergonomic Executive Desk,Austin,South,SMB,PayPal,Alice Smith,1,830.33,445.12,830.33,445.12,85.15,5.67,42.96,578.9,113.78,13.84,2025,6,Jun,2025-06,2025Q2,Monday,376.71,69.79,42.96,8.5,821.83,18.0,147.93,17.61,12.88,3.22,203.57,173.14,155.53,145.87,22.0,32.09,113.78,13.84,21.07,18.92,17.75,45.84,69.72,10.25,821.83,578.9,113.78,Moderate Margin (5-20%)
TXN-1887,2025-06-10,Software,Data Analytics Suite,Seattle,West,SMB,Wire Transfer,Bob Jones,3,1478.62,301.16,4435.86,903.48,355.03,41.73,141.63,1441.87,1854.82,42.33,2025,6,Jun,2025-06,2025Q2,Tuesday,3478.66,455.28,141.63,53.72,4382.14,18.0,788.79,83.74,45.48,22.2,993.67,2484.99,2401.25,2377.97,22.0,523.15,1854.82,42.33,56.71,54.8,54.27,79.38,32.5,8.0,1460.71,480.62,618.27,High Margin (>=20%)
TXN-1677,2025-06-10,Services,Cybersecurity Audit,San Francisco,West,Government,Wire Transfer,Fiona Gallagher,32,2319.82,811.84,74234.24,25978.88,6465.8,310.39,3283.08,36038.15,22154.75,30.51,2025,6,Jun,2025-06,2025Q2,Tuesday,46636.54,5612.25,3283.08,1618.82,72615.42,18.0,13070.78,1816.31,1040.36,295.18,15671.52,30965.02,29148.71,28403.53,22.0,6248.78,22154.75,30.51,42.64,40.14,39.12,64.22,48.55,8.71,2269.23,1126.19,692.34,High Margin (>=20%)
TXN-1944,2025-06-11,Electronics,Wireless Noise-Canceling Headset,Phoenix,West,Consumer,Credit Card,Diana Prince,2,246.07,123.59,492.14,247.18,50.11,21.0,22.36,340.65,60.87,12.57,2025,6,Jun,2025-06,2025Q2,Wednesday,236.94,54.87,22.36,8.02,484.12,18.0,87.14,8.15,6.32,3.91,148.34,88.6,80.45,78.04,22.0,17.17,60.87,12.57,18.3,16.62,16.12,48.94,69.22,10.18,242.06,170.32,30.44,Moderate Margin (5-20%)
TXN-1655,2025-06-11,Services,Annual IT Maintenance Plan,Phoenix,West,Government,Wire Transfer,Bob Jones,39,1753.26,602.96,68377.14,23515.44,8196.29,500.73,2051.31,34263.77,18772.35,28.26,2025,6,Jun,2025-06,2025Q2,Wednesday,42921.26,6262.18,2051.31,1940.44,66436.7,18.0,11958.61,1474.73,794.49,425.59,17010.51,25910.75,24436.02,24067.12,22.0,5294.77,18772.35,28.26,39.0,36.78,36.23,64.6,50.11,11.99,1703.51,878.56,481.34,High Margin (>=20%)
TXN-1475,2025-06-12,Hardware,Gigabit Switch 24-Port,Miami,East,SMB,Wire Transfer,Alice Smith,3,450.66,250.62,1351.98,751.86,174.81,41.15,61.54,1029.36,86.1,6.54,2025,6,Jun,2025-06,2025Q2,Thursday,565.24,130.31,61.54,34.88,1317.1,18.0,237.08,30.83,22.75,6.53,407.81,157.43,126.6,110.38,22.0,24.28,86.1,6.54,11.95,9.61,8.38,42.92,76.14,12.93,439.03,343.12,28.7,Moderate Margin (5-20%)
TXN-1936,2025-06-12,Services,Annual IT Maintenance Plan,Chicago,Midwest,Enterprise,Direct Invoice,Evan Wright,12,1822.93,622.63,21875.16,7471.56,2831.08,114.13,656.25,11073.02,5973.69,28.09,2025,6,Jun,2025-06,2025Q2,Thursday,13795.36,1829.1,656.25,608.24,21266.92,18.0,3828.05,492.19,347.38,133.35,5430.56,8364.8,7872.61,7658.58,22.0,1684.89,5973.69,28.09,39.33,37.02,36.01,64.87,50.62,12.94,1772.24,922.75,497.81,High Margin (>=20%)
TXN-2114,2025-06-12,Services,Cloud Migration Consulting,Houston,South,Consumer,Wire Transfer,Charlie Davis,5,3401.25,1197.76,17006.25,5988.8,1832.13,39.37,637.4,8497.7,4553.14,27.43,2025,6,Jun,2025-06,2025Q2,Thursday,10608.53,1647.03,637.4,408.92,16597.33,18.0,2987.52,394.03,297.97,76.76,4155.93,6452.6,6058.57,5837.36,22.0,1284.22,4553.14,27.43,38.88,36.5,35.17,63.92,49.97,10.77,3319.47,1699.54,910.63,High Margin (>=20%)
TXN-1466,2025-06-12,Services,Cybersecurity Audit,Boston,East,Enterprise,PayPal,Alice Smith,11,2166.79,773.53,23834.69,8508.83,3293.87,148.86,831.74,12783.3,5970.39,25.75,2025,6,Jun,2025-06,2025Q2,Thursday,14681.64,2115.17,831.74,644.22,23190.47,18.0,4174.28,495.78,262.86,120.98,6389.64,8292.0,7796.22,7654.34,22.0,1683.95,5970.39,25.75,35.76,33.62,33.01,63.31,53.63,13.82,2108.22,1162.12,542.76,High Margin (>=20%)
TXN-1885,2025-06-13,Services,Cloud Migration Consulting,Chicago,Midwest,SMB,Direct Invoice,Evan Wright,4,3425.1,1192.1,13700.4,4768.4,965.74,38.21,612.79,6385.14,3999.64,29.81,2025,6,Jun,2025-06,2025Q2,Friday,8647.39,1506.99,612.79,284.61,13415.79,18.0,2414.84,269.39,165.79,39.26,3123.73,5523.66,5254.27,5127.74,22.0,1128.1,3999.64,29.81,41.17,39.16,38.22,64.46,46.61,7.05,3353.95,1596.28,999.91,High Margin (>=20%)
TXN-1446,2025-06-13,Electronics,Ultra-Wide Monitor 34,Houston,South,Enterprise,Wire Transfer,Evan Wright,23,633.7,393.38,14575.1,9047.74,1526.56,233.39,437.25,11244.94,666.89,4.69,2025,6,Jun,2025-06,2025Q2,Friday,5161.45,1710.57,437.25,365.91,14209.19,18.0,2557.65,270.68,208.06,80.05,3907.77,1253.68,983.0,854.99,22.0,188.1,666.89,4.69,8.82,6.92,6.02,36.32,77.15,10.47,617.79,488.91,29.0,Low Margin (0-5%)
TXN-2176,2025-06-14,Electronics,Smart Display 10,Chicago,Midwest,SMB,PayPal,Bob Jones,6,374.78,203.42,2248.68,1220.52,261.07,37.34,109.45,1628.38,235.15,10.62,2025,6,Jun,2025-06,2025Q2,Saturday,993.29,218.12,109.45,34.87,2213.81,18.0,398.49,42.08,41.1,17.35,625.98,367.31,325.23,301.48,22.0,66.33,235.15,10.62,16.59,14.69,13.62,44.87,72.41,11.61,368.97,271.4,39.19,Moderate Margin (5-20%)
TXN-2177,2025-06-14,Hardware,Gigabit Switch 24-Port,San Francisco,West,SMB,Direct Invoice,Bob Jones,5,447.17,253.55,2235.85,1267.75,201.2,65.0,112.24,1646.19,198.73,9.03,2025,6,Jun,2025-06,2025Q2,Saturday,932.04,243.69,112.24,36.06,2199.79,18.0,395.96,37.9,22.37,5.14,622.13,309.91,272.01,254.78,22.0,56.05,198.73,9.03,14.09,12.37,11.58,42.37,73.63,9.0,439.96,329.24,39.75,Moderate Margin (5-20%)
TXN-1117,2025-06-15,Hardware,Gigabit Switch 24-Port,New York,East,SMB,Credit Card,Diana Prince,2,466.22,259.65,932.44,519.3,121.1,28.01,44.3,712.71,58.42,6.4,2025,6,Jun,2025-06,2025Q2,Sunday,394.0,102.74,44.3,19.14,913.3,18.0,164.39,14.16,12.49,3.7,296.15,97.85,83.69,74.9,22.0,16.48,58.42,6.4,10.71,9.16,8.2,43.14,76.43,12.99,456.65,356.36,29.21,Moderate Margin (5-20%)
TXN-1232,2025-06-16,Hardware,NAS Storage Enclosure,Miami,East,SMB,Credit Card,Fiona Gallagher,6,781.98,468.84,4691.88,2813.04,595.11,30.88,159.74,3598.77,302.31,6.58,2025,6,Jun,2025-06,2025Q2,Monday,1783.54,446.35,159.74,95.3,4596.58,18.0,827.38,103.4,84.85,24.37,1232.08,551.46,448.06,387.58,22.0,85.27,302.31,6.58,12.0,9.75,8.43,38.8,76.7,12.68,766.1,599.79,50.38,Moderate Margin (5-20%)
TXN-2147,2025-06-17,Electronics,Laptop Pro 15,Los Angeles,West,Enterprise,Credit Card,Evan Wright,26,1149.24,782.64,29880.24,20348.64,4075.44,379.32,1315.08,26118.48,-933.62,-3.2,2025,6,Jun,2025-06,2025Q2,Tuesday,8827.22,3282.98,1315.08,704.38,29175.86,18.0,5251.65,472.93,355.54,120.45,9052.82,-225.6,-698.53,-933.62,22.0,0.0,-933.62,-3.2,-0.77,-2.39,-3.2,30.26,87.41,13.64,1122.15,1004.56,-35.91,Loss Making (<0%)
TXN-1108,2025-06-19,Hardware,Gigabit Switch 24-Port,Miami,East,Enterprise,PayPal,Alice Smith,18,457.08,262.79,8227.44,4730.22,656.58,190.51,246.82,5824.13,830.19,10.36,2025,6,Jun,2025-06,2025Q2,Thursday,3283.02,886.73,246.82,214.2,8013.24,18.0,1442.38,159.54,105.1,26.61,1980.64,1302.38,1142.84,1064.35,22.0,234.16,830.19,10.36,16.25,14.26,13.28,40.97,70.79,7.98,445.18,323.56,46.12,Moderate Margin (5-20%)
TXN-1495,2025-06-19,Software,Data Analytics Suite,Los Angeles,West,SMB,Direct Invoice,Charlie Davis,1,1440.81,311.85,1440.81,311.85,152.6,8.51,82.25,555.21,540.49,38.18,2025,6,Jun,2025-06,2025Q2,Thursday,1103.96,134.26,82.25,25.0,1415.81,18.0,254.85,23.8,19.19,9.58,377.62,726.34,702.54,692.93,22.0,152.44,540.49,38.18,51.3,49.62,48.94,77.97,38.53,10.59,1415.81,555.21,540.49,High Margin (>=20%)
TXN-1324,2025-06-20,Software,Data Analytics Suite,Seattle,West,Enterprise,Wire Transfer,Bob Jones,13,1560.28,307.62,20283.64,3999.06,2154.76,182.57,896.08,7232.47,8228.35,41.06,2025,6,Jun,2025-06,2025Q2,Friday,16040.6,1703.76,896.08,243.98,20039.66,18.0,3607.14,397.15,256.78,99.67,4937.17,11103.43,10706.28,10549.17,22.0,2320.82,8228.35,41.06,55.41,53.43,52.64,80.04,35.66,10.62,1541.51,556.34,632.95,High Margin (>=20%)
TXN-1072,2025-06-20,Software,Data Analytics Suite,Austin,South,Enterprise,Wire Transfer,Charlie Davis,6,1600.43,302.61,9602.58,1815.66,601.39,84.76,288.08,2789.89,4269.19,45.7,2025,6,Jun,2025-06,2025Q2,Friday,7525.71,767.59,288.08,261.21,9341.37,18.0,1681.45,236.61,100.79,26.83,1741.82,5783.89,5547.28,5473.32,22.0,1204.13,4269.19,45.7,61.92,59.38,58.59,80.56,29.05,6.26,1556.9,464.98,711.53,High Margin (>=20%)
TXN-1569,2025-06-21,Electronics,Wireless Noise-Canceling Headset,Miami,East,SMB,Credit Card,Charlie Davis,7,258.58,121.48,1810.06,850.36,249.14,74.13,73.71,1247.34,207.79,11.68,2025,6,Jun,2025-06,2025Q2,Saturday,927.99,208.53,73.71,31.71,1778.35,18.0,320.1,44.29,23.8,12.01,605.51,322.48,278.19,266.4,22.0,58.61,207.79,11.68,18.13,15.64,14.98,52.18,68.91,13.76,254.05,178.19,29.68,Moderate Margin (5-20%)
TXN-1497,2025-06-21,Electronics,Laptop Pro 15,Boston,East,Government,PayPal,Diana Prince,29,1190.95,783.43,34537.55,22719.47,3942.31,232.46,1036.13,27930.37,1505.47,4.41,2025,6,Jun,2025-06,2025Q2,Saturday,11454.87,3425.53,1036.13,363.21,34174.34,18.0,6151.38,704.25,350.1,166.0,8636.43,2818.44,2114.19,1930.09,22.0,424.62,1505.47,4.41,8.25,6.19,5.65,33.52,80.87,11.41,1178.43,963.12,51.91,Low Margin (0-5%)
TXN-1173,2025-06-26,Hardware,Rack Server Blade X,Chicago,Midwest,Enterprise,Direct Invoice,Diana Prince,14,3088.48,2049.96,43238.72,28699.44,3448.65,196.88,1297.16,33642.13,2453.51,5.83,2025,6,Jun,2025-06,2025Q2,Thursday,13368.04,4133.82,1297.16,1171.24,42067.48,18.0,7572.15,787.59,581.11,222.69,9076.51,4291.53,3503.94,3145.52,22.0,692.01,2453.51,5.83,10.2,8.33,7.48,31.78,77.81,7.98,3004.82,2403.01,175.25,Moderate Margin (5-20%)
TXN-2155,2025-06-27,Electronics,Wireless Noise-Canceling Headset,Los Angeles,West,SMB,PayPal,Charlie Davis,2,254.05,115.72,508.1,231.44,67.13,13.49,32.2,344.26,65.1,13.13,2025,6,Jun,2025-06,2025Q2,Friday,264.22,51.28,32.2,12.44,495.66,18.0,89.22,8.35,9.46,1.15,164.1,100.12,91.77,83.46,22.0,18.36,65.1,13.13,20.2,18.51,16.84,53.31,67.75,13.21,247.83,172.13,32.55,Moderate Margin (5-20%)
TXN-1200,2025-07-02,Electronics,Laptop Pro 15,New York,East,Enterprise,PayPal,Charlie Davis,11,1214.36,714.73,13357.96,7862.03,1523.26,59.93,466.0,9911.22,1025.93,7.87,2025,7,Jul,2025-07,2025Q3,Wednesday,5173.53,1455.93,466.0,322.4,13035.56,18.0,2346.4,218.25,209.45,74.59,3505.12,1668.41,1450.16,1315.3,22.0,289.37,1025.93,7.87,12.8,11.12,10.09,39.69,74.2,11.4,1185.05,901.02,93.27,Moderate Margin (5-20%)
TXN-1674,2025-07-03,Office Supplies,Ergonomic Executive Desk,Phoenix,West,SMB,Direct Invoice,Fiona Gallagher,4,912.5,444.83,3650.0,1779.32,318.74,54.98,151.02,2304.06,624.73,17.59,2025,7,Jul,2025-07,2025Q3,Thursday,1772.81,351.22,151.02,97.87,3552.13,18.0,639.38,64.65,53.93,22.66,875.96,896.85,832.2,800.93,22.0,176.2,624.73,17.59,25.25,23.43,22.55,49.91,63.12,8.73,888.03,576.02,156.18,Moderate Margin (5-20%)
TXN-1478,2025-07-04,Services,Annual IT Maintenance Plan,San Francisco,West,SMB,Direct Invoice,Evan Wright,2,1701.03,615.11,3402.06,1230.22,358.79,15.49,129.24,1733.74,925.64,27.71,2025,7,Jul,2025-07,2025Q3,Friday,2110.4,332.36,129.24,61.44,3340.62,18.0,601.31,57.99,43.41,13.6,835.88,1274.52,1216.53,1186.72,22.0,261.08,925.64,27.71,38.15,36.42,35.52,63.17,50.96,10.55,1670.31,866.87,462.82,High Margin (>=20%)
TXN-1081,2025-07-05,Software,Enterprise ERP License,San Francisco,West,Enterprise,Wire Transfer,Fiona Gallagher,15,2468.68,481.61,37030.2,7224.15,4889.68,178.68,1476.7,13769.21,13303.87,36.75,2025,7,Jul,2025-07,2025Q3,Saturday,28977.94,4190.16,1476.7,828.11,36202.09,18.0,6516.38,657.57,648.31,119.4,10735.22,18242.72,17585.15,17056.24,22.0,3752.37,13303.87,36.75,50.39,48.57,47.11,80.04,37.18,13.2,2413.47,917.95,886.92,High Margin (>=20%)
TXN-1935,2025-07-05,Electronics,Wireless Noise-Canceling Headset,New York,East,SMB,Credit Card,Evan Wright,2,260.26,121.33,520.52,242.66,46.4,14.2,41.4,344.66,81.82,16.11,2025,7,Jul,2025-07,2025Q3,Saturday,265.17,40.9,41.4,12.69,507.83,18.0,91.41,12.44,8.09,3.16,142.9,122.27,109.83,104.9,22.0,23.08,81.82,16.11,24.08,21.63,20.66,52.22,66.21,8.91,253.92,172.33,40.91,Moderate Margin (5-20%)
TXN-2086,2025-07-06,Office Supplies,Mesh Office Chair,Chicago,Midwest,SMB,PayPal,Fiona Gallagher,7,335.13,158.21,2345.91,1107.47,212.74,36.1,85.6,1441.91,451.04,19.53,2025,7,Jul,2025-07,2025Q3,Sunday,1201.99,219.04,85.6,36.45,2309.46,18.0,415.7,49.1,32.68,11.53,553.48,648.51,599.41,578.26,22.0,127.22,451.04,19.53,28.08,25.95,25.04,52.05,61.46,9.07,329.92,205.99,64.43,Moderate Margin (5-20%)
TXN-1540,2025-07-09,Hardware,Rack Server Blade X,Los Angeles,West,SMB,PayPal,Evan Wright,2,3211.12,2050.16,6422.24,4100.32,779.55,28.53,231.0,5139.4,380.98,6.04,2025,7,Jul,2025-07,2025Q3,Wednesday,2204.5,491.03,231.0,117.42,6304.82,18.0,1134.87,99.06,99.97,13.08,1530.11,674.39,575.33,488.44,22.0,107.46,380.98,6.04,10.7,9.13,7.75,34.97,80.03,12.14,3152.41,2569.7,190.49,Moderate Margin (5-20%)
TXN-1201,2025-07-10,Electronics,Ultra-Wide Monitor 34,Miami,East,SMB,Direct Invoice,Evan Wright,5,624.85,386.64,3124.25,1933.2,261.62,60.92,171.26,2427.0,189.68,6.15,2025,7,Jul,2025-07,2025Q3,Thursday,1149.37,318.99,171.26,41.68,3082.57,18.0,554.86,66.53,40.5,13.63,812.79,336.58,270.05,243.18,22.0,53.5,189.68,6.15,10.92,8.76,7.89,37.29,77.68,8.37,616.51,485.4,37.94,Moderate Margin (5-20%)
TXN-2190,2025-07-11,Software,Cloud Storage Annual,San Francisco,West,Consumer,Wire Transfer,Charlie Davis,1,422.37,82.75,422.37,82.75,42.65,12.89,32.32,170.61,146.13,35.44,2025,7,Jul,2025-07,2025Q3,Friday,329.58,44.52,32.32,10.04,412.33,18.0,74.22,7.17,5.62,2.93,132.38,197.2,190.03,187.34,22.0,41.21,146.13,35.44,47.83,46.09,45.43,79.93,40.39,10.1,412.33,170.61,146.13,High Margin (>=20%)
TXN-1388,2025-07-11,Hardware,NAS Storage Enclosure,Phoenix,West,SMB,Wire Transfer,Evan Wright,1,768.65,473.01,768.65,473.01,64.74,12.31,52.59,602.65,54.99,7.29,2025,7,Jul,2025-07,2025Q3,Friday,281.74,60.62,52.59,13.9,754.75,18.0,135.85,13.04,11.15,3.21,190.26,91.48,78.44,70.5,22.0,15.51,54.99,7.29,12.12,10.39,9.34,37.33,78.4,8.42,754.75,602.65,54.99,Moderate Margin (5-20%)
TXN-1370,2025-07-12,Services,Cloud Migration Consulting,Chicago,Midwest,SMB,Direct Invoice,Alice Smith,2,3629.08,1156.24,7258.16,2312.48,550.25,13.61,219.11,3095.45,2558.14,35.93,2025,7,Jul,2025-07,2025Q3,Saturday,4807.52,533.24,219.11,138.16,7120.0,18.0,1281.6,158.2,101.45,48.01,1316.21,3491.31,3333.11,3279.67,22.0,721.53,2558.14,35.93,49.04,46.81,46.06,67.52,42.65,7.58,3560.0,1547.72,1279.07,High Margin (>=20%)
TXN-1830,2025-07-12,Office Supplies,Mesh Office Chair,Houston,South,SMB,Credit Card,Diana Prince,4,299.24,167.82,1196.96,671.28,162.7,23.13,71.94,929.05,70.47,6.03,2025,7,Jul,2025-07,2025Q3,Saturday,498.05,110.85,71.94,27.63,1169.33,18.0,210.48,20.62,21.52,3.05,368.62,129.43,108.81,90.34,22.0,19.87,70.47,6.03,11.07,9.31,7.73,42.59,77.62,13.59,292.33,232.26,17.62,Moderate Margin (5-20%)
TXN-1985,2025-07-14,Hardware,NAS Storage Enclosure,Houston,South,Consumer,Direct Invoice,Evan Wright,2,735.39,496.24,1470.78,992.48,174.28,23.29,58.16,1248.21,-12.2,-0.85,2025,7,Jul,2025-07,2025Q3,Monday,444.38,156.5,58.16,33.92,1436.86,18.0,258.63,22.56,24.88,3.09,412.23,32.15,9.59,-12.2,22.0,0.0,-12.2,-0.85,2.24,0.67,-0.85,30.93,84.87,11.85,718.43,624.1,-6.1,Loss Making (<0%)
TXN-1826,2025-07-16,Electronics,Laptop Pro 15,Boston,East,Enterprise,PayPal,Charlie Davis,28,1134.76,713.08,31773.28,19966.24,3820.37,169.78,953.2,24909.59,1339.46,4.28,2025,7,Jul,2025-07,2025Q3,Wednesday,11323.99,3685.47,953.2,483.05,31290.23,18.0,5632.24,759.65,442.65,224.39,8628.82,2695.17,1935.52,1717.26,22.0,377.8,1339.46,4.28,8.61,6.19,5.49,36.19,78.4,12.02,1117.51,889.63,47.84,Low Margin (0-5%)
TXN-1514,2025-07-16,Software,Enterprise ERP License,Houston,South,SMB,Credit Card,Charlie Davis,1,2365.83,495.32,2365.83,495.32,317.32,12.1,95.48,920.22,831.78,35.85,2025,7,Jul,2025-07,2025Q3,Wednesday,1825.1,268.06,95.48,45.41,2320.42,18.0,417.68,58.36,25.78,18.39,692.96,1132.14,1073.78,1066.39,22.0,234.61,831.78,35.85,48.79,46.28,45.96,78.65,38.9,13.41,2320.42,920.22,831.78,High Margin (>=20%)
TXN-1299,2025-07-16,Services,Cloud Migration Consulting,Chicago,Midwest,Consumer,Wire Transfer,Diana Prince,6,3552.17,1146.4,21313.02,6878.4,2054.17,70.49,847.54,9850.6,6407.94,30.6,2025,7,Jul,2025-07,2025Q3,Wednesday,14059.6,2155.7,847.54,375.02,20938.0,18.0,3768.84,484.66,328.28,96.55,5127.9,8931.7,8447.04,8215.31,22.0,1807.37,6407.94,30.6,42.66,40.34,39.24,67.15,46.22,9.64,3489.67,1641.77,1067.99,High Margin (>=20%)
TXN-1386,2025-07-16,Office Supplies,Standing Desk Converter,Austin,South,Enterprise,Wire Transfer,Charlie Davis,22,293.91,136.82,6466.02,3010.04,766.38,191.87,233.44,4201.73,999.64,15.66,2025,7,Jul,2025-07,2025Q3,Wednesday,3373.68,712.39,233.44,82.3,6383.72,18.0,1149.07,112.64,124.82,49.45,1904.08,1469.6,1356.96,1281.59,22.0,281.95,999.64,15.66,23.02,21.26,20.08,52.85,64.98,11.85,290.17,190.99,45.44,Moderate Margin (5-20%)
TXN-1204,2025-07-16,Electronics,Laptop Pro 15,Phoenix,West,Consumer,Direct Invoice,Fiona Gallagher,3,1246.27,752.25,3738.81,2256.75,472.29,44.74,185.3,2959.08,101.84,2.79,2025,7,Jul,2025-07,2025Q3,Wednesday,1389.61,429.69,185.3,92.45,3646.36,18.0,656.34,67.96,74.16,15.1,1132.02,257.59,189.63,130.57,22.0,28.73,101.84,2.79,7.06,5.2,3.58,38.11,79.14,12.63,1215.45,986.36,33.95,Low Margin (0-5%)
TXN-1219,2025-07-19,Software,Cloud Storage Annual,Houston,South,SMB,Wire Transfer,Alice Smith,3,381.49,83.66,1144.47,250.98,69.48,44.93,72.46,437.85,410.29,36.55,2025,7,Jul,2025-07,2025Q3,Saturday,871.69,117.29,72.46,21.8,1122.67,18.0,202.08,26.81,20.84,6.13,304.16,567.53,540.72,526.01,22.0,115.72,410.29,36.55,50.55,48.16,46.85,77.64,38.26,6.07,374.22,145.95,136.76,High Margin (>=20%)
TXN-1378,2025-07-20,Office Supplies,High-Speed Paper Shredder,Phoenix,West,SMB,Direct Invoice,Charlie Davis,7,179.38,85.69,1255.66,599.83,157.67,92.74,67.61,917.85,142.39,11.6,2025,7,Jul,2025-07,2025Q3,Sunday,627.15,89.36,67.61,28.68,1226.98,18.0,220.86,20.92,19.46,3.16,407.38,219.77,198.85,182.55,22.0,40.16,142.39,11.6,17.91,16.21,14.88,51.11,73.1,12.56,175.28,131.12,20.34,Moderate Margin (5-20%)
TXN-1417,2025-07-21,Office Supplies,Ergonomic Executive Desk,Boston,East,Government,Credit Card,Alice Smith,29,899.59,432.84,26088.11,12552.36,1924.0,283.19,1072.1,15831.65,4973.66,19.65,2025,7,Jul,2025-07,2025Q3,Monday,12756.16,2208.63,1072.1,779.59,25308.52,18.0,4555.53,521.47,492.04,121.76,5487.92,7268.24,6746.77,6376.49,22.0,1402.83,4973.66,19.65,28.72,26.66,25.2,50.4,60.69,7.38,872.71,545.92,171.51,Moderate Margin (5-20%)
TXN-1452,2025-07-21,Electronics,Ultra-Wide Monitor 34,Houston,South,Government,Wire Transfer,Charlie Davis,34,622.5,372.79,21165.0,12674.86,1945.7,252.37,634.95,15507.88,2093.45,10.05,2025,7,Jul,2025-07,2025Q3,Monday,8150.18,2072.48,634.95,339.96,20825.04,18.0,3748.51,368.36,357.5,165.09,4905.5,3244.68,2876.32,2683.91,22.0,590.46,2093.45,10.05,15.58,13.81,12.89,39.14,73.27,9.19,612.5,456.11,61.57,Moderate Margin (5-20%)
TXN-2060,2025-07-21,Electronics,Smart Display 10,Miami,East,SMB,PayPal,Alice Smith,7,337.56,207.81,2362.92,1454.67,245.74,63.94,77.21,1841.56,124.23,5.36,2025,7,Jul,2025-07,2025Q3,Monday,864.08,239.54,77.21,44.17,2318.75,18.0,417.38,50.77,40.65,13.04,626.43,237.65,186.88,159.27,22.0,35.04,124.23,5.36,10.25,8.06,6.87,37.26,77.94,10.4,331.25,263.08,17.75,Moderate Margin (5-20%)
TXN-1262,2025-07-22,Hardware,Gigabit Switch 24-Port,Houston,South,Enterprise,PayPal,Alice Smith,22,445.16,264.82,9793.52,5826.04,848.08,122.45,329.07,7125.64,744.81,7.78,2025,7,Jul,2025-07,2025Q3,Tuesday,3741.99,1170.35,329.07,225.49,9568.03,18.0,1722.25,233.1,157.85,73.8,2469.95,1272.04,1038.94,954.89,22.0,210.08,744.81,7.78,13.29,10.86,9.98,39.11,72.76,8.66,434.91,323.89,33.85,Moderate Margin (5-20%)
TXN-1621,2025-07-22,Software,Data Analytics Suite,Boston,East,Enterprise,Wire Transfer,Fiona Gallagher,11,1563.35,285.15,17196.85,3136.65,2294.42,76.72,843.47,6351.26,6834.89,40.31,2025,7,Jul,2025-07,2025Q3,Tuesday,13817.49,1362.44,843.47,242.71,16954.14,18.0,3051.75,307.09,224.9,54.23,4577.05,9240.44,8933.35,8762.68,22.0,1927.79,6834.89,40.31,54.5,52.69,51.68,81.5,36.93,13.34,1541.29,577.39,621.35,High Margin (>=20%)
TXN-1660,2025-07-22,Hardware,Gigabit Switch 24-Port,Boston,East,SMB,Direct Invoice,Fiona Gallagher,1,467.73,247.22,467.73,247.22,34.37,10.81,48.71,341.11,42.61,9.34,2025,7,Jul,2025-07,2025Q3,Tuesday,209.02,46.09,48.71,11.49,456.24,18.0,82.12,11.47,6.55,3.61,139.98,69.04,57.57,54.63,22.0,12.02,42.61,9.34,15.13,12.62,11.97,45.81,72.93,7.35,456.24,341.11,42.61,Moderate Margin (5-20%)
TXN-1610,2025-07-22,Office Supplies,Standing Desk Converter,New York,East,SMB,PayPal,Alice Smith,5,273.11,144.7,1365.55,723.5,93.0,58.79,45.19,920.48,200.79,14.88,2025,7,Jul,2025-07,2025Q3,Tuesday,625.71,142.73,45.19,16.34,1349.21,18.0,242.86,21.19,14.43,7.04,339.71,286.0,264.81,257.42,22.0,56.63,200.79,14.88,21.2,19.63,19.08,46.38,67.41,6.81,269.84,184.1,40.16,Moderate Margin (5-20%)
TXN-1717,2025-07-23,Services,Cloud Migration Consulting,Boston,East,Enterprise,PayPal,Alice Smith,7,3545.72,1257.05,24820.04,8799.35,3001.16,64.64,744.6,12609.75,6193.88,25.67,2025,7,Jul,2025-07,2025Q3,Wednesday,15332.58,2768.2,744.6,688.11,24131.93,18.0,4343.75,555.65,427.42,169.96,6578.6,8753.98,8198.33,7940.87,22.0,1746.99,6193.88,25.67,36.28,33.97,32.91,63.54,50.8,12.09,3447.42,1801.39,884.84,High Margin (>=20%)
TXN-1243,2025-07-24,Services,Cloud Migration Consulting,New York,East,Government,Credit Card,Bob Jones,11,3644.09,1159.4,40084.99,12753.4,3934.42,134.02,1202.55,18024.39,11778.9,30.09,2025,7,Jul,2025-07,2025Q3,Thursday,26391.52,4639.57,1202.55,940.07,39144.92,18.0,7046.09,914.67,591.49,126.35,9910.56,16480.96,15566.29,15101.15,22.0,3322.25,11778.9,30.09,42.1,39.77,38.58,67.42,44.97,9.82,3558.63,1638.58,1070.81,High Margin (>=20%)
TXN-1179,2025-07-24,Software,Data Analytics Suite,Miami,East,Consumer,Direct Invoice,Evan Wright,4,1510.76,307.75,6043.04,1231.0,727.15,20.72,181.29,2160.16,2240.7,37.73,2025,7,Jul,2025-07,2025Q3,Thursday,4708.19,706.05,181.29,103.85,5939.19,18.0,1069.05,112.27,100.14,12.12,1635.21,3072.98,2960.71,2872.69,22.0,631.99,2240.7,37.73,51.74,49.85,48.37,79.27,35.75,12.03,1484.8,540.04,560.17,High Margin (>=20%)
TXN-2162,2025-07-24,Services,Annual IT Maintenance Plan,San Francisco,West,SMB,Credit Card,Bob Jones,3,1741.63,585.44,5224.89,1756.32,472.93,25.69,174.61,2429.55,1649.36,32.16,2025,7,Jul,2025-07,2025Q3,Thursday,3372.22,399.41,174.61,96.35,5128.54,18.0,923.14,121.34,103.81,40.14,1072.64,2299.58,2178.24,2114.57,22.0,465.21,1649.36,32.16,44.84,42.47,41.23,65.75,46.5,9.05,1709.51,809.85,549.79,High Margin (>=20%)
TXN-1017,2025-07-25,Electronics,Smart Display 10,New York,East,Enterprise,Direct Invoice,Evan Wright,9,371.43,193.77,3342.87,1743.93,275.15,108.03,174.66,2301.77,489.22,14.81,2025,7,Jul,2025-07,2025Q3,Friday,1560.0,284.85,174.66,38.94,3303.93,18.0,594.71,62.99,52.04,24.92,842.69,717.31,654.32,627.2,22.0,137.98,489.22,14.81,21.71,19.8,18.98,47.22,68.86,8.23,367.1,255.75,54.36,Moderate Margin (5-20%)
TXN-1398,2025-07-25,Services,Cybersecurity Audit,Seattle,West,Consumer,PayPal,Alice Smith,7,2363.9,791.48,16547.3,5540.36,1165.88,82.02,690.66,7478.92,5320.26,32.53,2025,7,Jul,2025-07,2025Q3,Friday,10815.18,1513.25,690.66,191.76,16355.54,18.0,2944.0,351.19,230.76,39.43,3451.81,7363.37,7012.18,6820.85,22.0,1500.59,5320.26,32.53,45.02,42.87,41.7,66.13,45.2,7.05,2336.51,1068.42,760.04,High Margin (>=20%)
TXN-1847,2025-07-26,Software,Cloud Storage Annual,San Francisco,West,SMB,Direct Invoice,Bob Jones,5,398.66,76.14,1993.3,380.7,236.63,28.68,102.01,748.02,792.09,40.19,2025,7,Jul,2025-07,2025Q3,Saturday,1589.97,148.04,102.01,22.63,1970.67,18.0,354.72,39.87,23.54,4.3,515.36,1074.61,1034.74,1015.5,22.0,223.41,792.09,40.19,54.53,52.51,51.53,80.68,37.53,11.87,394.13,149.6,158.42,High Margin (>=20%)
TXN-1264,2025-07-27,Services,Cloud Migration Consulting,New York,East,Enterprise,Wire Transfer,Evan Wright,13,3633.22,1224.55,47231.86,15919.15,4431.21,110.05,1484.82,21945.23,14218.17,30.82,2025,7,Jul,2025-07,2025Q3,Sunday,30218.97,4530.31,1484.82,1093.74,46138.12,18.0,8304.86,1028.62,592.92,187.38,10556.39,19662.58,18633.96,18228.42,22.0,4010.25,14218.17,30.82,42.62,40.39,39.51,65.5,46.46,9.38,3549.09,1688.09,1093.71,High Margin (>=20%)
TXN-2142,2025-07-31,Electronics,Wireless Noise-Canceling Headset,New York,East,SMB,Direct Invoice,Bob Jones,7,252.59,122.44,1768.13,857.08,134.73,81.78,67.12,1140.71,310.64,17.77,2025,7,Jul,2025-07,2025Q3,Thursday,890.86,154.52,67.12,20.19,1747.94,18.0,314.63,40.83,19.64,6.02,438.15,452.71,411.88,398.26,22.0,87.62,310.64,17.77,25.9,23.56,22.78,50.97,64.52,7.62,249.71,162.96,44.38,Moderate Margin (5-20%)
TXN-1704,2025-07-31,Services,Cybersecurity Audit,Phoenix,West,Enterprise,Wire Transfer,Bob Jones,19,2211.57,834.48,42019.83,15855.12,5719.55,163.68,1781.11,23519.46,10573.23,25.43,2025,7,Jul,2025-07,2025Q3,Thursday,25714.84,3223.79,1781.11,449.87,41569.96,18.0,7482.59,812.67,666.7,208.08,10888.13,14826.71,14014.04,13555.42,22.0,2982.19,10573.23,25.43,35.67,33.71,32.61,61.86,55.97,13.61,2187.89,1237.87,556.49,High Margin (>=20%)
TXN-1878,2025-07-31,Office Supplies,Standing Desk Converter,Phoenix,West,Government,Credit Card,Bob Jones,31,261.49,137.72,8106.19,4269.32,570.03,317.17,327.68,5484.2,1081.54,13.6,2025,7,Jul,2025-07,2025Q3,Thursday,3682.65,834.5,327.68,154.22,7951.97,18.0,1431.35,160.92,110.07,24.31,2049.38,1633.27,1472.35,1386.59,22.0,305.05,1081.54,13.6,20.54,18.52,17.44,46.31,67.65,7.03,256.52,176.91,34.89,Moderate Margin (5-20%)
TXN-1496,2025-08-02,Office Supplies,Ergonomic Executive Desk,Miami,East,Enterprise,PayPal,Bob Jones,6,822.1,443.45,4932.6,2660.7,518.75,45.14,239.44,3464.03,627.48,12.87,2025,8,Aug,2025-08,2025Q3,Saturday,2215.85,432.43,239.44,56.05,4876.55,18.0,877.78,117.19,72.28,13.84,1235.76,980.09,862.9,804.46,22.0,176.98,627.48,12.87,20.1,17.69,16.5,45.44,70.23,10.52,812.76,577.34,104.58,Moderate Margin (5-20%)
TXN-2104,2025-08-02,Office Supplies,Mesh Office Chair,Miami,East,Enterprise,Wire Transfer,Fiona Gallagher,29,330.02,153.89,9570.58,4462.81,766.15,185.52,310.79,5725.27,1810.48,19.22,2025,8,Aug,2025-08,2025Q3,Saturday,4955.89,1113.9,310.79,151.88,9418.7,18.0,1695.37,146.43,152.69,40.72,2376.36,2579.53,2433.1,2321.13,22.0,510.65,1810.48,19.22,27.39,25.83,24.64,52.62,59.82,8.01,324.78,197.42,62.43,Moderate Margin (5-20%)
TXN-1812,2025-08-02,Services,Cloud Migration Consulting,New York,East,SMB,Direct Invoice,Evan Wright,3,3670.81,1184.39,11012.43,3553.17,1232.1,36.76,330.37,5152.4,3291.37,30.23,2025,8,Aug,2025-08,2025Q3,Saturday,7335.34,1232.79,330.37,123.92,10888.51,18.0,1959.93,239.37,110.59,66.35,2832.02,4503.32,4263.95,4219.71,22.0,928.34,3291.37,30.23,41.36,39.16,38.75,67.37,46.79,11.19,3629.5,1717.47,1097.12,High Margin (>=20%)
TXN-2010,2025-08-03,Hardware,NAS Storage Enclosure,Boston,East,Enterprise,Wire Transfer,Fiona Gallagher,27,832.75,462.2,22484.25,12479.4,1921.62,149.79,921.85,15472.66,2884.67,13.2,2025,8,Aug,2025-08,2025Q3,Sunday,9370.45,2124.12,921.85,634.4,21849.85,18.0,3932.97,346.34,309.54,101.11,5117.38,4253.07,3906.73,3698.3,22.0,813.63,2884.67,13.2,19.46,17.88,16.93,42.89,68.82,8.55,809.25,573.06,106.84,Moderate Margin (5-20%)
TXN-1718,2025-08-05,Electronics,Laptop Pro 15,Houston,South,SMB,Credit Card,Fiona Gallagher,4,1113.44,712.9,4453.76,2851.6,384.12,46.42,199.04,3481.18,206.1,4.73,2025,8,Aug,2025-08,2025Q3,Tuesday,1504.8,526.66,199.04,97.36,4356.4,18.0,784.15,67.42,46.33,29.42,1156.24,348.56,281.14,264.23,22.0,58.13,206.1,4.73,8.0,6.45,6.07,34.54,78.16,8.62,1089.1,870.3,51.52,Low Margin (0-5%)
TXN-1714,2025-08-05,Electronics,Laptop Pro 15,Seattle,West,Enterprise,PayPal,Diana Prince,10,1179.84,737.63,11798.4,7376.3,903.55,87.78,364.84,8732.47,1136.37,9.8,2025,8,Aug,2025-08,2025Q3,Tuesday,4217.21,1068.84,364.84,204.89,11593.51,18.0,2086.83,187.76,221.24,73.69,2425.01,1792.2,1604.44,1456.89,22.0,320.52,1136.37,9.8,15.46,13.84,12.57,36.38,74.01,7.66,1159.35,873.25,113.64,Moderate Margin (5-20%)
TXN-1401,2025-08-06,Software,Security Firewall Pro,Chicago,Midwest,SMB,Credit Card,Evan Wright,5,900.5,226.27,4502.5,1131.35,368.74,70.59,135.07,1705.75,1746.65,39.34,2025,8,Aug,2025-08,2025Q3,Wednesday,3308.85,338.39,135.07,62.3,4440.2,18.0,799.24,103.22,70.78,17.23,912.79,2396.06,2292.84,2239.29,22.0,492.64,1746.65,39.34,53.96,51.64,50.43,74.52,37.88,8.19,888.04,341.15,349.33,High Margin (>=20%)
TXN-2073,2025-08-06,Hardware,Gigabit Switch 24-Port,Miami,East,Enterprise,Wire Transfer,Fiona Gallagher,25,417.53,249.69,10438.25,6242.25,733.67,147.85,313.15,7436.92,1327.86,12.98,2025,8,Aug,2025-08,2025Q3,Wednesday,3989.81,752.65,313.15,206.19,10232.06,18.0,1841.77,220.22,180.1,60.21,1947.32,2042.49,1822.27,1702.38,22.0,374.52,1327.86,12.98,19.96,17.81,16.64,38.99,71.25,7.03,409.28,297.48,53.11,Moderate Margin (5-20%)
TXN-1427,2025-08-08,Services,Annual IT Maintenance Plan,Boston,East,SMB,Direct Invoice,Evan Wright,5,1750.42,592.32,8752.1,2961.6,1057.13,41.94,434.06,4494.73,2386.5,27.66,2025,8,Aug,2025-08,2025Q3,Friday,5667.81,805.86,434.06,122.69,8629.41,18.0,1553.29,195.07,122.27,48.14,2338.99,3328.82,3133.75,3059.62,22.0,673.12,2386.5,27.66,38.58,36.31,35.46,65.68,51.36,12.08,1725.88,898.95,477.3,High Margin (>=20%)
TXN-1293,2025-08-08,Services,Cybersecurity Audit,Chicago,Midwest,SMB,PayPal,Fiona Gallagher,4,2296.33,819.83,9185.32,3279.32,661.79,28.69,317.38,4287.18,2741.97,30.29,2025,8,Aug,2025-08,2025Q3,Friday,5772.4,1020.76,317.38,133.6,9051.72,18.0,1629.31,138.69,154.08,64.34,2028.62,3743.78,3605.09,3515.35,22.0,773.38,2741.97,30.29,41.36,39.83,38.84,63.77,46.67,7.2,2262.93,1071.8,685.49,High Margin (>=20%)
TXN-2134,2025-08-08,Services,Annual IT Maintenance Plan,Austin,South,Enterprise,Credit Card,Alice Smith,7,1810.75,596.65,12675.25,4176.55,1403.85,92.94,428.68,6102.02,3801.36,30.72,2025,8,Aug,2025-08,2025Q3,Friday,8197.89,1026.81,428.68,300.81,12374.44,18.0,2227.4,228.08,244.48,100.49,2952.28,5245.61,5017.53,4873.54,22.0,1072.18,3801.36,30.72,42.39,40.55,39.38,66.25,48.14,11.08,1767.78,871.72,543.05,High Margin (>=20%)
TXN-1342,2025-08-08,Software,Enterprise ERP License,Seattle,West,Enterprise,PayPal,Alice Smith,29,2564.69,505.12,74376.01,14648.48,5432.54,212.81,2231.28,22525.11,32363.15,44.05,2025,8,Aug,2025-08,2025Q3,Friday,58824.79,6967.07,2231.28,902.74,73473.27,18.0,13225.19,1283.27,1411.63,205.03,14843.7,43981.09,42697.82,41491.22,22.0,9128.07,32363.15,44.05,59.86,58.11,56.47,80.06,30.29,7.3,2533.56,776.73,1115.97,High Margin (>=20%)
TXN-1702,2025-08-10,Office Supplies,Mesh Office Chair,San Francisco,West,Enterprise,Credit Card,Diana Prince,17,334.02,157.73,5678.34,2681.41,423.92,194.27,194.32,3493.92,1162.3,20.68,2025,8,Aug,2025-08,2025Q3,Sunday,2939.55,412.2,194.32,57.38,5620.96,18.0,1011.77,127.67,110.14,13.1,1224.71,1714.84,1587.17,1490.13,22.0,327.83,1162.3,20.68,30.51,28.24,26.51,52.3,61.53,7.47,330.64,205.52,68.37,High Margin (>=20%)
TXN-1249,2025-08-10,Software,Data Analytics Suite,Miami,East,Enterprise,PayPal,Bob Jones,12,1476.23,307.89,17714.76,3694.68,2229.45,166.67,637.28,6728.08,6088.8,35.39,2025,8,Aug,2025-08,2025Q3,Sunday,13508.26,2093.55,637.28,511.82,17202.94,18.0,3096.53,342.38,303.76,70.98,5126.95,8381.31,8038.93,7806.15,22.0,1717.35,6088.8,35.39,48.72,46.73,45.38,78.52,37.98,12.59,1433.58,560.67,507.4,High Margin (>=20%)
TXN-1864,2025-08-10,Services,Cloud Migration Consulting,San Francisco,West,Enterprise,PayPal,Bob Jones,29,3220.13,1160.22,93383.77,33646.38,5830.31,240.16,4252.69,43969.54,28907.63,31.56,2025,8,Aug,2025-08,2025Q3,Sunday,57945.84,8594.87,4252.69,1791.55,91592.22,18.0,16486.6,1417.68,1060.11,511.05,18918.03,39027.81,37610.13,37061.07,22.0,8153.44,28907.63,31.56,42.61,41.06,40.46,63.27,47.08,6.24,3158.35,1516.19,996.81,High Margin (>=20%)
TXN-1731,2025-08-11,Services,Cybersecurity Audit,Phoenix,West,Consumer,Wire Transfer,Diana Prince,6,2367.39,786.66,14204.34,4719.96,1528.44,35.41,535.26,6819.07,4315.82,31.05,2025,8,Aug,2025-08,2025Q3,Monday,9177.57,1110.97,535.26,306.81,13897.53,18.0,2501.56,327.42,181.86,74.89,3210.08,5967.49,5640.07,5533.1,22.0,1217.28,4315.82,31.05,42.94,40.58,39.81,66.04,48.01,10.76,2316.26,1136.51,719.3,High Margin (>=20%)
TXN-1380,2025-08-11,Services,Cybersecurity Audit,Miami,East,SMB,PayPal,Bob Jones,4,2191.0,760.59,8764.0,3042.36,543.94,42.13,334.86,3963.29,2863.4,33.37,2025,8,Aug,2025-08,2025Q3,Monday,5538.17,736.99,334.86,183.47,8580.53,18.0,1544.5,149.79,124.99,65.55,1657.92,3880.25,3730.46,3671.02,22.0,807.62,2863.4,33.37,45.22,43.48,42.78,64.54,45.22,6.21,2145.13,990.82,715.85,High Margin (>=20%)
TXN-1389,2025-08-11,Office Supplies,Mesh Office Chair,Phoenix,West,Enterprise,Credit Card,Alice Smith,11,322.74,161.12,3550.14,1772.32,272.68,136.65,106.5,2288.15,551.39,15.83,2025,8,Aug,2025-08,2025Q3,Monday,1711.92,381.75,106.5,65.9,3484.24,18.0,627.16,87.03,47.48,27.08,897.58,814.34,727.31,706.91,22.0,155.52,551.39,15.83,23.37,20.87,20.29,49.13,64.45,7.68,316.75,208.01,50.13,Moderate Margin (5-20%)
TXN-1934,2025-08-12,Electronics,Ultra-Wide Monitor 34,Chicago,Midwest,Enterprise,Direct Invoice,Bob Jones,18,632.22,364.61,11379.96,6562.98,1590.33,138.21,510.82,8802.34,753.44,6.76,2025,8,Aug,2025-08,2025Q3,Tuesday,4583.14,1095.71,510.82,233.84,11146.12,18.0,2006.3,192.89,148.67,59.44,3335.07,1248.07,1055.18,965.95,22.0,212.51,753.44,6.76,11.2,9.47,8.67,41.12,77.35,13.97,619.23,489.02,41.86,Moderate Margin (5-20%)
TXN-1970,2025-08-12,Electronics,Smart Display 10,Boston,East,Enterprise,PayPal,Bob Jones,10,353.54,193.24,3535.4,1932.4,299.78,140.0,170.5,2542.68,378.96,10.9,2025,8,Aug,2025-08,2025Q3,Tuesday,1544.66,331.63,170.5,58.34,3477.06,18.0,625.87,77.59,65.73,26.42,941.91,602.75,525.16,485.85,22.0,106.89,378.96,10.9,17.34,15.1,13.97,44.42,71.92,8.48,347.71,254.27,37.9,Moderate Margin (5-20%)
TXN-1762,2025-08-12,Hardware,Gigabit Switch 24-Port,San Francisco,West,Enterprise,Credit Card,Evan Wright,19,457.15,257.89,8685.85,4899.91,821.23,105.25,319.46,6145.85,1120.37,13.14,2025,8,Aug,2025-08,2025Q3,Tuesday,3627.87,743.39,319.46,158.07,8527.78,18.0,1535.0,132.19,139.35,69.37,1989.33,1638.54,1506.35,1436.37,22.0,316.0,1120.37,13.14,19.21,17.66,16.84,42.54,70.76,9.45,448.83,323.47,58.97,Moderate Margin (5-20%)
TXN-1152,2025-08-13,Services,Cloud Migration Consulting,Phoenix,West,Enterprise,PayPal,Evan Wright,5,3401.16,1240.12,17005.8,6200.6,1876.49,34.94,510.17,8622.2,4729.33,28.42,2025,8,Aug,2025-08,2025Q3,Wednesday,10438.33,1394.1,510.17,366.87,16638.93,18.0,2995.01,273.96,324.67,39.24,3815.7,6622.63,6348.67,6063.24,22.0,1333.91,4729.33,28.42,39.8,38.16,36.44,62.73,50.7,11.03,3327.79,1724.44,945.87,High Margin (>=20%)
TXN-2160,2025-08-13,Services,Cybersecurity Audit,Miami,East,SMB,Credit Card,Alice Smith,5,2338.52,835.11,11692.6,4175.55,1431.59,71.06,350.78,6028.98,3351.25,29.03,2025,8,Aug,2025-08,2025Q3,Wednesday,7366.88,835.58,350.78,150.17,11542.43,18.0,2077.64,229.13,232.55,80.28,2689.01,4677.87,4448.74,4296.47,22.0,945.22,3351.25,29.03,40.53,38.54,37.22,63.82,51.56,12.24,2308.49,1205.8,670.25,High Margin (>=20%)
TXN-1943,2025-08-14,Software,Cloud Storage Annual,San Francisco,West,Enterprise,PayPal,Evan Wright,13,374.81,83.75,4872.53,1088.75,370.18,72.78,249.83,1781.54,1828.55,38.46,2025,8,Aug,2025-08,2025Q3,Thursday,3665.84,499.78,249.83,117.94,4754.59,18.0,855.83,103.9,59.15,34.08,1192.57,2473.27,2369.37,2344.3,22.0,515.75,1828.55,38.46,52.02,49.83,49.31,77.1,36.56,7.6,365.74,137.04,140.66,High Margin (>=20%)
TXN-2025,2025-08-14,Office Supplies,Ergonomic Executive Desk,Boston,East,Enterprise,PayPal,Diana Prince,21,851.95,463.43,17890.95,9732.03,2453.94,136.76,536.73,12859.46,1590.76,8.98,2025,8,Aug,2025-08,2025Q3,Thursday,7975.57,2097.06,536.73,183.35,17707.6,18.0,3187.37,418.13,347.98,54.46,5224.49,2751.08,2332.95,2039.43,22.0,448.67,1590.76,8.98,15.54,13.17,11.52,45.04,71.88,13.72,843.22,612.36,75.75,Moderate Margin (5-20%)
TXN-2195,2025-08-15,Software,Enterprise ERP License,Austin,South,Government,PayPal,Fiona Gallagher,33,2648.47,488.61,87399.51,16124.13,5809.41,381.75,3358.25,25673.54,39247.63,46.19,2025,8,Aug,2025-08,2025Q3,Friday,68845.5,6317.86,3358.25,2429.88,84969.63,18.0,15294.53,1738.92,1134.5,212.67,15867.27,52978.23,51239.31,50317.48,22.0,11069.85,39247.63,46.19,62.35,60.3,59.22,81.02,29.37,6.65,2574.84,777.99,1189.32,High Margin (>=20%)
TXN-1886,2025-08-17,Office Supplies,High-Speed Paper Shredder,New York,East,SMB,Credit Card,Bob Jones,6,178.9,85.69,1073.4,514.14,83.94,58.54,62.87,719.49,170.97,16.25,2025,8,Aug,2025-08,2025Q3,Sunday,537.84,84.72,62.87,21.42,1051.98,18.0,189.36,16.91,18.7,7.03,290.07,247.77,230.86,219.19,22.0,48.22,170.97,16.25,23.55,21.95,20.84,51.13,67.03,7.82,175.33,119.92,28.5,Moderate Margin (5-20%)
TXN-1875,2025-08-17,Office Supplies,Ergonomic Executive Desk,New York,East,Consumer,Credit Card,Fiona Gallagher,5,917.08,428.02,4585.4,2140.1,385.02,56.16,162.76,2744.04,967.13,21.69,2025,8,Aug,2025-08,2025Q3,Sunday,2318.78,326.8,162.76,126.52,4458.88,18.0,802.6,107.12,76.54,35.53,930.74,1388.04,1280.92,1239.91,22.0,272.78,967.13,21.69,31.13,28.73,27.81,52.0,59.84,8.4,891.78,548.81,193.43,High Margin (>=20%)
TXN-1683,2025-08-18,Software,Data Analytics Suite,Chicago,Midwest,Enterprise,Credit Card,Alice Smith,7,1525.37,305.76,10677.59,2140.32,967.88,95.84,402.01,3606.05,4468.85,42.83,2025,8,Aug,2025-08,2025Q3,Monday,8294.61,838.66,402.01,242.66,10434.93,18.0,1878.29,181.8,129.07,49.95,2304.39,5990.22,5808.42,5729.3,22.0,1260.45,4468.85,42.83,57.41,55.66,54.91,79.49,33.77,9.06,1490.7,515.15,638.41,High Margin (>=20%)
TXN-1745,2025-08-18,Software,Security Firewall Pro,New York,East,SMB,Credit Card,Fiona Gallagher,6,898.87,222.09,5393.22,1332.54,468.27,78.95,257.36,2137.12,1971.04,37.51,2025,8,Aug,2025-08,2025Q3,Monday,3921.68,440.14,257.36,139.0,5254.22,18.0,945.76,95.4,85.64,31.05,1244.72,2676.96,2581.56,2526.97,22.0,555.93,1971.04,37.51,50.95,49.13,48.09,74.64,39.63,8.68,875.7,356.19,328.51,High Margin (>=20%)
TXN-1182,2025-08-19,Electronics,Wireless Noise-Canceling Headset,Los Angeles,West,SMB,Direct Invoice,Diana Prince,6,261.73,117.8,1570.38,706.8,201.91,84.37,75.19,1068.27,235.83,15.29,2025,8,Aug,2025-08,2025Q3,Tuesday,835.59,118.84,75.19,27.99,1542.39,18.0,277.63,37.51,20.84,5.42,480.31,355.28,317.77,302.35,22.0,66.52,235.83,15.29,23.03,20.6,19.6,54.18,68.03,12.86,257.06,178.04,39.3,Moderate Margin (5-20%)
TXN-1907,2025-08-20,Office Supplies,Mesh Office Chair,Los Angeles,West,Enterprise,PayPal,Diana Prince,17,306.55,156.62,5211.35,2662.54,703.74,225.36,216.02,3807.66,417.22,8.23,2025,8,Aug,2025-08,2025Q3,Wednesday,2407.36,577.79,216.02,141.45,5069.9,18.0,912.58,97.58,90.4,38.43,1722.91,684.45,586.87,534.9,22.0,117.68,417.22,8.23,13.5,11.58,10.55,47.48,73.06,13.5,298.23,223.98,24.54,Moderate Margin (5-20%)
TXN-1162,2025-08-20,Office Supplies,Ergonomic Executive Desk,Austin,South,SMB,Credit Card,Bob Jones,2,799.92,460.17,1599.84,920.34,200.66,14.27,82.83,1218.1,108.05,6.85,2025,8,Aug,2025-08,2025Q3,Wednesday,656.76,162.57,82.83,22.74,1577.1,18.0,283.88,35.31,27.76,5.16,460.33,196.43,161.12,138.52,22.0,30.47,108.05,6.85,12.46,10.22,8.78,41.64,76.14,12.54,788.55,609.05,54.02,Moderate Margin (5-20%)
TXN-1790,2025-08-21,Office Supplies,Standing Desk Converter,Houston,South,Consumer,PayPal,Diana Prince,7,294.55,136.87,2061.85,958.09,277.17,60.52,105.14,1400.92,243.02,12.08,2025,8,Aug,2025-08,2025Q3,Thursday,1053.06,241.99,105.14,50.7,2011.15,18.0,362.01,47.2,21.53,12.05,684.82,368.24,321.04,311.56,22.0,68.54,243.02,12.08,18.31,15.96,15.49,52.36,67.94,13.44,287.31,200.13,34.72,Moderate Margin (5-20%)
TXN-1176,2025-08-21,Software,Enterprise ERP License,Los Angeles,West,Enterprise,PayPal,Alice Smith,25,2543.41,492.48,63585.25,12312.0,4395.5,162.81,1907.56,18777.87,27898.46,45.11,2025,8,Aug,2025-08,2025Q3,Thursday,49530.06,5005.32,1907.56,1743.19,61842.06,18.0,11131.57,1361.03,1228.18,297.6,11471.19,38058.87,36697.84,35767.26,22.0,7868.8,27898.46,45.11,61.54,59.34,57.84,80.09,29.53,6.91,2473.68,751.11,1115.94,High Margin (>=20%)
TXN-1997,2025-08-23,Office Supplies,Standing Desk Converter,Boston,East,Enterprise,Direct Invoice,Alice Smith,9,276.9,142.07,2492.1,1278.63,222.15,65.75,104.09,1670.62,304.54,12.46,2025,8,Aug,2025-08,2025Q3,Saturday,1165.6,288.75,104.09,47.87,2444.23,18.0,439.96,57.95,43.49,7.01,680.74,484.86,426.91,390.43,22.0,85.89,304.54,12.46,19.84,17.47,15.97,47.69,67.04,8.91,271.58,185.62,33.84,Moderate Margin (5-20%)
TXN-1355,2025-08-23,Software,Security Firewall Pro,Los Angeles,West,Enterprise,Wire Transfer,Alice Smith,14,793.1,214.69,11103.4,3005.66,690.94,158.39,375.79,4230.78,4334.17,39.61,2025,8,Aug,2025-08,2025Q3,Saturday,7936.06,816.42,375.79,161.68,10941.72,18.0,1969.51,268.42,136.74,67.27,2041.54,5894.52,5626.1,5556.63,22.0,1222.46,4334.17,39.61,53.87,51.42,50.78,72.53,38.1,6.22,781.55,302.2,309.58,High Margin (>=20%)
TXN-1332,2025-08-24,Services,Annual IT Maintenance Plan,Austin,South,SMB,Wire Transfer,Evan Wright,6,1818.92,580.96,10913.52,3485.76,776.69,64.59,477.84,4804.88,3432.02,32.16,2025,8,Aug,2025-08,2025Q3,Sunday,7185.41,1177.48,477.84,242.35,10671.17,18.0,1920.81,215.41,128.91,55.53,2496.6,4688.81,4473.4,4400.02,22.0,968.0,3432.02,32.16,43.94,41.92,41.23,67.33,44.03,7.12,1778.53,800.81,572.0,High Margin (>=20%)
TXN-1624,2025-08-26,Services,Cybersecurity Audit,Miami,East,SMB,PayPal,Evan Wright,3,2185.31,780.99,6555.93,2342.97,520.16,29.49,310.99,3203.61,1839.19,28.79,2025,8,Aug,2025-08,2025Q3,Tuesday,4045.83,617.74,310.99,167.13,6388.8,18.0,1149.98,120.13,118.66,29.28,1478.38,2567.45,2447.32,2357.94,22.0,518.75,1839.19,28.79,40.19,38.31,36.91,63.33,48.87,7.93,2129.6,1067.87,613.06,High Margin (>=20%)
TXN-2015,2025-08-27,Hardware,Rack Server Blade X,Boston,East,Enterprise,Credit Card,Bob Jones,25,3360.68,2074.95,84017.0,51873.75,8660.45,347.95,3843.2,64725.35,4384.27,5.35,2025,8,Aug,2025-08,2025Q3,Wednesday,30082.03,8845.21,3843.2,2061.22,81955.78,18.0,14752.04,1918.73,1048.99,203.36,21696.81,8385.22,6466.49,5620.86,22.0,1236.59,4384.27,5.35,10.23,7.89,6.86,36.71,77.04,10.31,3278.23,2589.01,175.37,Moderate Margin (5-20%)
TXN-1121,2025-08-27,Software,Security Firewall Pro,San Francisco,West,SMB,Direct Invoice,Charlie Davis,4,878.12,212.67,3512.48,850.68,257.85,21.47,166.6,1296.6,1309.32,37.84,2025,8,Aug,2025-08,2025Q3,Wednesday,2609.32,387.68,166.6,52.48,3460.0,18.0,622.8,77.01,47.19,27.09,833.6,1775.72,1698.71,1678.61,22.0,369.29,1309.32,37.84,51.32,49.1,48.51,75.41,36.91,7.34,865.0,324.15,327.33,High Margin (>=20%)
TXN-1527,2025-08-27,Hardware,Gigabit Switch 24-Port,Miami,East,Consumer,Direct Invoice,Evan Wright,2,449.3,269.02,898.6,538.04,113.72,18.07,46.16,715.99,38.49,4.37,2025,8,Aug,2025-08,2025Q3,Wednesday,342.42,81.54,46.16,18.14,880.46,18.0,158.48,20.73,15.09,2.24,259.49,82.93,62.2,49.35,22.0,10.86,38.49,4.37,9.42,7.06,5.61,38.89,79.68,12.66,440.23,358.0,19.24,Low Margin (0-5%)
TXN-2138,2025-08-28,Hardware,NAS Storage Enclosure,Seattle,West,Enterprise,Direct Invoice,Fiona Gallagher,19,754.65,495.53,14338.35,9415.07,1271.23,113.81,613.43,11413.54,705.46,5.01,2025,8,Aug,2025-08,2025Q3,Thursday,4674.06,1358.66,613.43,249.22,14089.13,18.0,2536.04,266.02,193.4,46.92,3357.13,1316.93,1050.91,904.43,22.0,198.97,705.46,5.01,9.35,7.46,6.42,33.17,79.6,8.87,741.53,600.71,37.13,Moderate Margin (5-20%)
TXN-1666,2025-08-28,Software,Enterprise ERP License,Phoenix,West,SMB,Wire Transfer,Alice Smith,5,2433.08,496.91,12165.4,2484.55,985.59,33.24,498.4,4001.78,5101.32,43.17,2025,8,Aug,2025-08,2025Q3,Thursday,9331.12,944.56,498.4,349.73,11815.67,18.0,2126.82,215.01,175.43,61.26,2461.79,6869.33,6654.32,6540.15,22.0,1438.83,5101.32,43.17,58.14,56.32,55.35,78.97,32.89,8.1,2363.13,800.36,1020.26,High Margin (>=20%)
TXN-1377,2025-08-29,Software,Data Analytics Suite,Chicago,Midwest,Enterprise,Direct Invoice,Alice Smith,6,1571.95,301.64,9431.7,1809.84,1189.1,67.89,418.15,3484.98,3574.72,38.3,2025,8,Aug,2025-08,2025Q3,Friday,7523.08,1058.65,418.15,98.78,9332.92,18.0,1679.93,145.62,129.66,68.96,2733.79,4789.29,4643.67,4582.97,22.0,1008.25,3574.72,38.3,51.32,49.76,49.11,80.61,36.95,12.61,1555.49,580.83,595.79,High Margin (>=20%)
TXN-1511,2025-08-31,Software,Security Firewall Pro,Los Angeles,West,Enterprise,Direct Invoice,Evan Wright,9,860.64,222.15,7745.76,1999.35,922.63,47.63,281.57,3251.18,2643.99,34.59,2025,8,Aug,2025-08,2025Q3,Sunday,5645.4,779.77,281.57,101.01,7644.75,18.0,1376.05,134.03,121.14,31.1,2031.6,3613.8,3479.77,3389.73,22.0,745.74,2643.99,34.59,47.27,45.52,44.34,73.85,41.97,11.91,849.42,361.24,293.78,High Margin (>=20%)
TXN-1667,2025-09-03,Electronics,Laptop Pro 15,Chicago,Midwest,SMB,Direct Invoice,Bob Jones,5,1274.97,755.2,6374.85,3776.0,796.55,65.4,191.25,4829.2,618.23,9.8,2025,9,Sep,2025-09,2025Q3,Wednesday,2529.6,524.64,191.25,69.25,6305.6,18.0,1135.01,96.59,105.07,42.5,1577.84,951.76,855.17,792.6,22.0,174.37,618.23,9.8,15.09,13.56,12.57,40.12,75.75,12.5,1261.12,965.84,123.65,Moderate Margin (5-20%)
TXN-1904,2025-09-03,Hardware,Rack Server Blade X,New York,East,SMB,PayPal,Diana Prince,3,3246.85,2127.93,9740.55,6383.79,625.75,22.29,420.95,7452.78,661.28,6.96,2025,9,Sep,2025-09,2025Q3,Wednesday,3123.79,965.8,420.95,232.97,9507.58,18.0,1711.36,177.39,98.04,34.23,2034.79,1089.0,911.61,847.8,22.0,186.52,661.28,6.96,11.45,9.59,8.92,32.86,76.51,6.42,3169.19,2484.26,220.43,Moderate Margin (5-20%)
TXN-1036,2025-09-03,Hardware,Rack Server Blade X,San Francisco,West,Consumer,Credit Card,Diana Prince,6,3290.51,2096.33,19743.06,12577.98,1963.29,35.0,592.29,15168.56,1119.23,5.77,2025,9,Sep,2025-09,2025Q3,Wednesday,6822.13,2180.03,592.29,342.95,19400.11,18.0,3492.02,373.04,293.41,49.84,4770.61,2051.52,1678.48,1434.91,22.0,315.68,1119.23,5.77,10.57,8.65,7.4,35.17,76.83,9.94,3233.35,2528.09,186.54,Moderate Margin (5-20%)
TXN-1331,2025-09-04,Electronics,Laptop Pro 15,San Francisco,West,SMB,Wire Transfer,Bob Jones,5,1247.07,718.23,6235.35,3591.15,821.01,64.7,187.06,4663.92,542.23,8.84,2025,9,Sep,2025-09,2025Q3,Thursday,2543.02,547.46,187.06,101.18,6134.17,18.0,1104.15,140.14,120.87,33.39,1620.23,922.79,782.65,695.17,22.0,152.94,542.23,8.84,15.04,12.76,11.33,41.46,74.8,13.17,1226.83,932.78,108.45,Moderate Margin (5-20%)
TXN-1819,2025-09-04,Electronics,Wireless Noise-Canceling Headset,Los Angeles,West,SMB,Credit Card,Fiona Gallagher,3,251.58,115.55,754.74,346.65,77.08,26.87,47.1,497.7,133.72,17.9,2025,9,Sep,2025-09,2025Q3,Thursday,400.21,54.9,47.1,7.88,746.86,18.0,134.43,16.75,10.08,4.0,205.95,194.26,177.51,171.43,22.0,37.71,133.72,17.9,26.01,23.77,22.95,53.59,65.94,10.21,248.95,165.9,44.57,Moderate Margin (5-20%)
TXN-1764,2025-09-05,Electronics,Smart Display 10,Phoenix,West,Enterprise,Credit Card,Fiona Gallagher,29,335.94,201.81,9742.26,5852.49,639.18,152.63,292.27,6936.57,999.52,10.44,2025,9,Sep,2025-09,2025Q3,Friday,3717.56,1044.34,292.27,172.21,9570.05,18.0,1722.61,195.1,148.41,35.8,2128.42,1589.14,1394.04,1281.43,22.0,281.91,999.52,10.44,16.61,14.57,13.39,38.85,71.2,6.56,330.0,239.19,34.47,Moderate Margin (5-20%)
TXN-1973,2025-09-05,Electronics,Laptop Pro 15,Miami,East,SMB,Direct Invoice,Bob Jones,7,1223.52,728.29,8564.64,5098.03,745.97,74.32,330.46,6248.78,826.89,9.79,2025,9,Sep,2025-09,2025Q3,Friday,3351.01,913.24,330.46,115.6,8449.04,18.0,1520.83,151.13,106.12,30.34,2063.99,1287.02,1135.89,1060.11,22.0,233.22,826.89,9.79,15.23,13.44,12.55,39.66,72.96,8.71,1207.01,892.68,118.13,Moderate Margin (5-20%)
TXN-1986,2025-09-07,Software,Enterprise ERP License,Boston,East,Enterprise,Direct Invoice,Evan Wright,13,2678.08,490.69,34815.04,6378.97,3321.6,79.9,1520.82,11301.29,14008.53,41.43,2025,9,Sep,2025-09,2025Q3,Sunday,27434.58,3299.58,1520.82,1001.49,33813.55,18.0,6086.44,828.31,684.34,259.63,8221.9,19212.68,18384.37,17959.66,22.0,3951.13,14008.53,41.43,56.82,54.37,53.11,81.13,32.46,9.54,2601.04,869.33,1077.58,High Margin (>=20%)
TXN-1588,2025-09-08,Software,Cloud Storage Annual,San Francisco,West,SMB,Direct Invoice,Diana Prince,1,379.24,77.42,379.24,77.42,50.52,9.65,30.61,168.2,127.12,34.28,2025,9,Sep,2025-09,2025Q3,Monday,293.37,28.99,30.61,8.45,370.79,18.0,66.74,7.6,5.99,2.96,119.77,173.6,166.0,162.97,22.0,35.85,127.12,34.28,46.82,44.77,43.95,79.12,44.35,13.32,370.79,168.2,127.12,High Margin (>=20%)
TXN-1350,2025-09-09,Hardware,NAS Storage Enclosure,Seattle,West,Consumer,Direct Invoice,Charlie Davis,1,780.88,486.62,780.88,486.62,108.4,12.68,43.83,651.53,6.57,0.86,2025,9,Sep,2025-09,2025Q3,Tuesday,276.56,79.1,43.83,17.7,763.18,18.0,137.37,16.68,9.63,2.18,244.01,32.55,15.87,8.42,22.0,1.85,6.57,0.86,4.27,2.08,1.1,36.24,83.44,13.88,763.18,651.53,6.57,Low Margin (0-5%)
TXN-1269,2025-09-09,Electronics,Smart Display 10,Boston,East,SMB,Wire Transfer,Charlie Davis,4,363.91,208.29,1455.64,833.16,137.88,30.35,72.18,1073.57,131.29,9.27,2025,9,Sep,2025-09,2025Q3,Tuesday,582.57,128.06,72.18,39.91,1415.73,18.0,254.83,32.59,24.14,10.95,368.47,214.1,181.51,168.32,22.0,37.03,131.29,9.27,15.12,12.82,11.89,41.15,73.75,9.47,353.93,268.39,32.82,Moderate Margin (5-20%)
TXN-1273,2025-09-10,Electronics,Wireless Noise-Canceling Headset,New York,East,Consumer,Credit Card,Fiona Gallagher,5,256.66,123.45,1283.3,617.25,123.64,56.51,59.52,856.92,162.69,13.04,2025,9,Sep,2025-09,2025Q3,Wednesday,630.67,145.47,59.52,35.38,1247.92,18.0,224.63,28.4,14.85,6.3,385.14,245.53,217.13,208.58,22.0,45.89,162.69,13.04,19.68,17.4,16.71,50.54,66.77,9.63,249.58,171.38,32.54,Moderate Margin (5-20%)
TXN-1844,2025-09-11,Office Supplies,Standing Desk Converter,Chicago,Midwest,Enterprise,PayPal,Evan Wright,21,260.94,145.8,5479.74,3061.8,337.83,307.09,198.44,3905.16,534.85,9.88,2025,9,Sep,2025-09,2025Q3,Thursday,2350.56,646.9,198.44,67.38,5412.36,18.0,974.22,120.36,76.68,22.45,1490.26,860.3,739.94,685.71,22.0,150.86,534.85,9.88,15.9,13.67,12.67,43.43,71.27,6.17,257.73,185.96,25.47,Moderate Margin (5-20%)
TXN-1462,2025-09-11,Software,Data Analytics Suite,Austin,South,Government,PayPal,Bob Jones,36,1527.62,312.81,54994.32,11261.16,7532.28,363.23,1811.85,20968.52,20288.38,37.66,2025,9,Sep,2025-09,2025Q3,Thursday,42616.03,5634.75,1811.85,1117.13,53877.19,18.0,9697.89,980.26,665.61,382.69,15342.11,27273.92,26293.66,26010.74,22.0,5722.36,20288.38,37.66,50.62,48.8,48.28,79.1,38.13,13.7,1496.59,582.46,563.57,High Margin (>=20%)
TXN-1592,2025-09-12,Office Supplies,Ergonomic Executive Desk,New York,East,Enterprise,Wire Transfer,Charlie Davis,14,831.67,451.59,11643.38,6322.26,1432.97,184.53,572.94,8512.7,960.63,8.46,2025,9,Sep,2025-09,2025Q3,Friday,5032.96,1188.13,572.94,288.16,11355.22,18.0,2043.94,267.8,218.06,63.05,3378.57,1654.39,1386.59,1231.58,22.0,270.95,960.63,8.46,14.57,12.21,10.85,44.32,73.11,12.31,811.09,608.05,68.62,Moderate Margin (5-20%)
TXN-1421,2025-09-12,Office Supplies,Ergonomic Executive Desk,Houston,South,Enterprise,PayPal,Bob Jones,5,851.11,455.41,4255.55,2277.05,417.98,48.91,199.7,2943.64,480.71,11.52,2025,9,Sep,2025-09,2025Q3,Friday,1896.35,466.32,199.7,82.15,4173.4,18.0,751.21,103.25,60.06,16.17,1132.91,763.44,660.19,616.3,22.0,135.59,480.71,11.52,18.29,15.82,14.77,45.44,69.17,9.82,834.68,588.73,96.14,Moderate Margin (5-20%)
TXN-1130,2025-09-13,Software,Cloud Storage Annual,San Francisco,West,SMB,Wire Transfer,Bob Jones,6,426.51,82.51,2559.06,495.06,175.84,38.94,102.82,812.66,1064.94,42.46,2025,9,Sep,2025-09,2025Q3,Saturday,2012.91,244.49,102.82,51.09,2507.97,18.0,451.43,63.92,40.82,19.23,562.09,1450.82,1386.9,1365.31,22.0,300.37,1064.94,42.46,57.85,55.3,54.44,80.26,31.76,6.87,417.99,135.44,177.49,High Margin (>=20%)
TXN-1793,2025-09-14,Services,Annual IT Maintenance Plan,Chicago,Midwest,Enterprise,PayPal,Fiona Gallagher,8,1878.21,601.36,15025.68,4810.88,1091.58,49.98,450.77,6403.21,4896.19,33.33,2025,9,Sep,2025-09,2025Q3,Sunday,9881.16,1431.86,450.77,333.64,14692.04,18.0,2644.57,368.55,247.26,36.01,3024.19,6856.97,6488.42,6277.17,22.0,1380.98,4896.19,33.33,46.67,44.16,42.72,67.26,42.62,7.26,1836.5,800.4,612.02,High Margin (>=20%)
TXN-1803,2025-09-15,Office Supplies,Ergonomic Executive Desk,Houston,South,Enterprise,PayPal,Fiona Gallagher,26,889.7,453.74,23132.2,11797.24,3069.95,374.92,693.97,15936.08,2841.82,12.64,2025,9,Sep,2025-09,2025Q3,Monday,10684.36,2285.79,693.97,650.6,22481.6,18.0,4046.69,391.83,288.19,63.65,6424.63,4259.73,3867.9,3643.36,22.0,801.54,2841.82,12.64,18.95,17.2,16.21,47.52,68.89,13.27,864.68,612.93,109.3,Moderate Margin (5-20%)
TXN-2191,2025-09-15,Software,Data Analytics Suite,San Francisco,West,SMB,Credit Card,Fiona Gallagher,7,1420.46,303.94,9943.22,2127.58,664.74,101.28,298.3,3191.9,4301.52,44.03,2025,9,Sep,2025-09,2025Q3,Monday,7641.72,729.51,298.3,173.92,9769.3,18.0,1758.47,243.75,110.05,20.68,1793.83,5847.89,5604.14,5514.77,22.0,1213.25,4301.52,44.03,59.86,57.36,56.45,78.22,32.1,6.69,1395.61,455.99,614.5,High Margin (>=20%)
TXN-2128,2025-09-15,Services,Annual IT Maintenance Plan,Boston,East,SMB,Wire Transfer,Fiona Gallagher,7,1866.4,607.46,13064.8,4252.22,1032.25,70.23,627.68,5982.38,4144.03,32.04,2025,9,Sep,2025-09,2025Q3,Monday,8681.52,1181.35,627.68,131.06,12933.74,18.0,2328.07,295.17,240.9,78.92,2911.51,5770.01,5474.84,5312.86,22.0,1168.83,4144.03,32.04,44.61,42.33,41.08,67.12,45.79,7.9,1847.68,854.63,592.0,High Margin (>=20%)
TXN-1171,2025-09-16,Services,Cloud Migration Consulting,New York,East,Government,PayPal,Evan Wright,28,3365.21,1191.56,94225.88,33363.68,12232.25,375.74,2826.78,48798.45,23455.46,25.65,2025,9,Sep,2025-09,2025Q3,Tuesday,58089.33,9788.02,2826.78,2772.87,91453.01,18.0,16461.54,1795.1,1457.39,457.05,25222.79,32866.54,31071.44,30071.1,22.0,6615.64,23455.46,25.65,35.94,33.98,32.88,63.52,51.79,12.98,3266.18,1742.8,837.7,High Margin (>=20%)
TXN-1261,2025-09-17,Office Supplies,Standing Desk Converter,Boston,East,Enterprise,Direct Invoice,Diana Prince,5,282.19,137.03,1410.95,685.15,119.28,42.65,68.78,915.86,222.31,16.04,2025,9,Sep,2025-09,2025Q3,Wednesday,700.58,142.15,68.78,25.22,1385.73,18.0,249.43,27.83,25.6,10.72,372.86,327.72,299.89,285.01,22.0,62.7,222.31,16.04,23.65,21.64,20.57,50.56,64.91,8.45,277.15,183.17,44.46,Moderate Margin (5-20%)
TXN-1972,2025-09-17,Office Supplies,High-Speed Paper Shredder,Houston,South,Government,Credit Card,Bob Jones,22,193.22,86.15,4250.84,1895.3,452.1,308.48,127.53,2783.41,615.38,14.64,2025,9,Sep,2025-09,2025Q3,Wednesday,2307.11,496.67,127.53,48.43,4202.41,18.0,756.43,89.07,71.2,26.89,1384.78,922.33,833.26,788.95,22.0,173.57,615.38,14.64,21.95,19.83,18.77,54.9,65.48,10.64,191.02,126.52,27.97,Moderate Margin (5-20%)
TXN-2063,2025-09-19,Electronics,Wireless Noise-Canceling Headset,Phoenix,West,SMB,PayPal,Charlie Davis,3,264.48,119.9,793.44,359.7,55.71,15.15,52.13,482.69,137.05,17.77,2025,9,Sep,2025-09,2025Q3,Friday,411.64,86.02,52.13,22.1,771.34,18.0,138.84,16.95,11.59,1.62,209.01,202.63,185.68,175.71,22.0,38.66,137.05,17.77,26.27,24.07,22.78,53.37,60.84,7.02,257.11,160.9,45.68,Moderate Margin (5-20%)
TXN-1180,2025-09-19,Hardware,Gigabit Switch 24-Port,San Francisco,West,SMB,Direct Invoice,Bob Jones,1,415.96,248.7,415.96,248.7,40.4,14.09,34.54,337.73,16.58,4.08,2025,9,Sep,2025-09,2025Q3,Friday,158.17,31.98,34.54,9.09,406.87,18.0,73.24,8.93,7.9,0.93,121.01,37.16,28.23,21.26,22.0,4.68,16.58,4.08,9.13,6.94,5.23,38.87,81.19,9.71,406.87,337.73,16.58,Low Margin (0-5%)
TXN-1991,2025-09-19,Software,Security Firewall Pro,Boston,East,SMB,Credit Card,Bob Jones,2,784.52,224.94,1569.04,449.88,138.05,16.27,76.13,680.33,502.8,32.54,2025,9,Sep,2025-09,2025Q3,Friday,1095.3,172.55,76.13,23.86,1545.18,18.0,278.13,28.6,24.71,5.63,403.0,692.3,663.7,644.62,22.0,141.82,502.8,32.54,44.8,42.95,41.72,70.88,43.36,8.8,772.59,340.16,251.4,High Margin (>=20%)
TXN-1579,2025-09-19,Hardware,Gigabit Switch 24-Port,Austin,South,SMB,Wire Transfer,Bob Jones,7,428.26,258.39,2997.82,1808.73,277.9,65.02,129.62,2281.27,235.88,7.99,2025,9,Sep,2025-09,2025Q3,Friday,1143.84,283.61,129.62,45.25,2952.57,18.0,531.46,66.06,39.78,20.56,756.15,387.69,321.63,302.41,22.0,66.53,235.88,7.99,13.13,10.89,10.24,38.74,76.1,9.27,421.8,325.9,33.7,Moderate Margin (5-20%)
TXN-1609,2025-09-19,Services,Cybersecurity Audit,New York,East,Enterprise,Wire Transfer,Fiona Gallagher,18,2339.49,792.36,42110.82,14262.48,4061.59,217.04,1823.74,20364.85,12451.13,29.97,2025,9,Sep,2025-09,2025Q3,Friday,27280.59,4007.72,1823.74,567.75,41543.07,18.0,7477.75,915.5,457.34,165.33,10110.09,17170.5,16255.0,15962.99,22.0,3511.86,12451.13,29.97,41.33,39.13,38.43,65.67,48.36,9.65,2307.95,1131.38,691.73,High Margin (>=20%)
TXN-1391,2025-09-20,Hardware,Rack Server Blade X,San Francisco,West,Enterprise,Wire Transfer,Bob Jones,13,3198.07,2054.98,41574.91,26714.74,4937.8,68.11,1542.89,33263.54,894.37,2.2,2025,9,Sep,2025-09,2025Q3,Saturday,13868.66,4969.25,1542.89,991.51,40583.4,18.0,7305.01,919.52,450.47,166.01,11518.05,2350.61,1431.09,1146.63,22.0,252.26,894.37,2.2,5.79,3.53,2.83,34.17,80.01,11.88,3121.8,2558.73,68.8,Low Margin (0-5%)
TXN-1552,2025-09-21,Hardware,NAS Storage Enclosure,Houston,South,Enterprise,PayPal,Alice Smith,28,812.75,499.21,22757.0,13977.88,2575.76,169.46,906.6,17629.7,1320.52,5.89,2025,9,Sep,2025-09,2025Q3,Sunday,8453.6,2562.64,906.6,325.52,22431.48,18.0,4037.67,500.02,227.58,181.43,6214.46,2239.14,1739.12,1692.97,22.0,372.45,1320.52,5.89,9.98,7.75,7.55,37.69,77.47,11.32,801.12,629.63,47.16,Moderate Margin (5-20%)
TXN-1860,2025-09-22,Services,Annual IT Maintenance Plan,San Francisco,West,SMB,Credit Card,Fiona Gallagher,4,1937.76,613.7,7751.04,2454.8,864.24,33.4,232.53,3584.97,2476.48,32.63,2025,9,Sep,2025-09,2025Q3,Monday,5134.18,568.04,232.53,162.06,7588.98,18.0,1366.02,185.69,120.03,44.72,1698.21,3435.97,3250.28,3174.97,22.0,698.49,2476.48,32.63,45.28,42.83,41.84,67.65,46.25,11.15,1897.24,896.24,619.12,High Margin (>=20%)
TXN-1515,2025-09-23,Office Supplies,Mesh Office Chair,Phoenix,West,Enterprise,Credit Card,Charlie Davis,7,316.41,156.9,2214.87,1098.3,303.39,102.51,81.76,1585.96,297.7,13.59,2025,9,Sep,2025-09,2025Q3,Tuesday,1091.84,160.05,81.76,24.73,2190.14,18.0,394.23,38.19,35.46,11.19,647.71,444.13,405.94,381.67,22.0,83.97,297.7,13.59,20.28,18.53,17.43,49.85,71.61,13.7,312.88,226.57,42.53,Moderate Margin (5-20%)
TXN-1659,2025-09-24,Electronics,Wireless Noise-Canceling Headset,Chicago,Midwest,SMB,Wire Transfer,Fiona Gallagher,3,255.23,118.2,765.69,354.6,63.87,26.78,50.62,495.87,120.53,16.18,2025,9,Sep,2025-09,2025Q3,Wednesday,390.54,78.33,50.62,20.55,745.14,18.0,134.13,12.06,10.37,6.02,219.6,170.94,158.88,154.53,22.0,34.0,120.53,16.18,22.94,21.32,20.74,52.41,64.76,8.34,248.38,165.29,40.18,Moderate Margin (5-20%)
TXN-1287,2025-09-26,Software,Enterprise ERP License,Miami,East,Enterprise,Wire Transfer,Fiona Gallagher,12,2327.49,493.48,27929.88,5921.76,2713.08,146.73,1097.2,9878.77,11029.96,40.21,2025,9,Sep,2025-09,2025Q3,Friday,21507.52,2605.3,1097.2,500.6,27429.28,18.0,4937.27,453.68,535.25,184.69,6562.31,14945.21,14491.53,14140.97,22.0,3111.01,11029.96,40.21,54.49,52.83,51.55,78.41,35.37,9.71,2285.77,823.23,919.16,High Margin (>=20%)
TXN-2181,2025-09-26,Hardware,NAS Storage Enclosure,Los Angeles,West,SMB,Direct Invoice,Fiona Gallagher,4,736.79,462.39,2947.16,1849.56,224.99,50.67,91.83,2217.05,180.43,6.29,2025,9,Sep,2025-09,2025Q3,Friday,1019.65,348.21,91.83,77.95,2869.21,18.0,516.46,58.45,31.48,17.3,715.7,303.95,245.5,231.32,22.0,50.89,180.43,6.29,10.59,8.56,8.06,35.54,75.23,7.63,717.3,554.26,45.11,Moderate Margin (5-20%)
TXN-2153,2025-09-28,Electronics,Smart Display 10,Phoenix,West,SMB,Direct Invoice,Charlie Davis,7,370.71,207.93,2594.97,1455.51,329.25,38.28,131.85,1954.89,179.57,7.08,2025,9,Sep,2025-09,2025Q3,Sunday,1081.72,272.14,131.85,57.74,2537.23,18.0,456.7,53.99,43.48,17.49,771.52,310.2,256.21,230.22,22.0,50.65,179.57,7.08,12.23,10.1,9.07,42.63,75.33,12.69,362.46,279.27,25.65,Moderate Margin (5-20%)
TXN-1606,2025-09-28,Hardware,Gigabit Switch 24-Port,Houston,South,Enterprise,Wire Transfer,Charlie Davis,21,452.26,257.39,9497.46,5405.19,1294.47,239.84,284.92,7224.42,667.17,7.21,2025,9,Sep,2025-09,2025Q3,Sunday,3850.15,883.63,284.92,242.12,9255.34,18.0,1665.96,221.56,140.42,70.03,2702.86,1147.29,925.73,855.34,22.0,188.17,667.17,7.21,12.4,10.0,9.24,41.6,76.07,13.63,440.73,344.02,31.77,Moderate Margin (5-20%)
TXN-1710,2025-09-28,Software,Enterprise ERP License,Miami,East,Enterprise,Wire Transfer,Alice Smith,9,2308.88,490.19,20779.92,4411.71,2777.98,73.88,623.4,7886.97,7605.21,37.08,2025,9,Sep,2025-09,2025Q3,Sunday,16098.53,2162.67,623.4,269.68,20510.24,18.0,3691.84,439.14,370.6,99.41,5637.93,10460.6,10021.46,9750.27,22.0,2145.06,7605.21,37.08,51.0,48.86,47.54,78.49,37.95,13.37,2278.92,876.33,845.02,High Margin (>=20%)
TXN-1776,2025-09-29,Office Supplies,High-Speed Paper Shredder,Chicago,Midwest,SMB,Direct Invoice,Charlie Davis,6,183.97,91.16,1103.82,546.96,115.13,89.18,71.36,822.63,102.9,9.6,2025,9,Sep,2025-09,2025Q3,Monday,525.05,85.54,71.36,31.81,1072.01,18.0,192.96,18.61,16.37,3.06,361.21,163.84,145.23,131.92,22.0,29.02,102.9,9.6,15.28,13.55,12.31,48.98,74.53,10.43,178.67,137.1,17.15,Moderate Margin (5-20%)
TXN-1464,2025-09-30,Services,Cloud Migration Consulting,Phoenix,West,Enterprise,Direct Invoice,Evan Wright,6,3389.8,1255.99,20338.8,7535.94,2757.47,50.09,761.7,11105.2,4820.56,24.18,2025,9,Sep,2025-09,2025Q3,Tuesday,12397.32,2016.97,761.7,405.54,19933.26,18.0,3587.99,423.38,254.85,47.34,5586.23,6811.09,6387.71,6180.2,22.0,1359.64,4820.56,24.18,34.17,32.05,31.0,62.19,54.6,13.56,3322.21,1850.87,803.43,High Margin (>=20%)
TXN-1272,2025-09-30,Office Supplies,High-Speed Paper Shredder,Los Angeles,West,Enterprise,Wire Transfer,Fiona Gallagher,5,172.9,94.39,864.5,471.95,72.03,63.54,40.59,648.11,61.17,7.26,2025,9,Sep,2025-09,2025Q3,Tuesday,371.14,95.53,40.59,21.41,843.09,18.0,151.76,16.38,10.22,5.57,271.69,99.45,83.07,78.42,22.0,17.25,61.17,7.26,11.8,9.85,9.3,44.02,74.97,8.33,168.62,129.62,12.23,Moderate Margin (5-20%)
TXN-2062,2025-10-01,Services,Cloud Migration Consulting,Los Angeles,West,SMB,Credit Card,Evan Wright,5,3647.1,1148.2,18235.5,5741.0,1112.5,69.91,677.98,7601.39,5894.51,33.05,2025,10,Oct,2025-10,2025Q4,Wednesday,12092.62,2173.75,677.98,401.88,17833.62,18.0,3210.05,302.02,292.55,93.15,4034.14,8058.48,7756.46,7557.06,22.0,1662.55,5894.51,33.05,45.19,43.49,42.38,67.81,41.68,6.1,3566.72,1520.28,1178.9,High Margin (>=20%)
TXN-1016,2025-10-01,Software,Security Firewall Pro,New York,East,SMB,Credit Card,Alice Smith,2,907.76,228.3,1815.52,456.6,146.4,23.2,99.18,725.38,678.26,37.91,2025,10,Oct,2025-10,2025Q4,Wednesday,1332.75,143.74,99.18,26.17,1789.35,18.0,322.08,44.73,19.74,13.81,412.52,920.23,875.5,869.57,22.0,191.31,678.26,37.91,51.43,48.93,48.6,74.48,39.95,8.06,894.68,362.69,339.13,High Margin (>=20%)
TXN-1581,2025-10-02,Electronics,Ultra-Wide Monitor 34,Chicago,Midwest,Enterprise,Direct Invoice,Diana Prince,27,687.31,385.08,18557.37,10397.16,1489.34,284.93,669.01,12840.44,2522.74,13.74,2025,10,Oct,2025-10,2025Q4,Thursday,7960.37,1725.03,669.01,199.84,18357.53,18.0,3304.36,359.58,260.3,62.1,4168.31,3792.06,3432.48,3234.28,22.0,711.54,2522.74,13.74,20.66,18.7,17.62,43.36,69.19,8.03,679.91,475.57,93.43,Moderate Margin (5-20%)
TXN-1009,2025-10-04,Electronics,Laptop Pro 15,Seattle,West,Enterprise,Wire Transfer,Charlie Davis,13,1240.45,720.82,16125.85,9370.66,1534.32,91.22,746.38,11742.58,1454.26,9.16,2025,10,Oct,2025-10,2025Q4,Saturday,6505.68,1613.48,746.38,249.51,15876.34,18.0,2857.74,401.22,310.77,56.15,3985.4,2520.28,2119.06,1864.44,22.0,410.18,1454.26,9.16,15.87,13.35,11.74,40.98,72.82,9.51,1221.26,903.28,111.87,Moderate Margin (5-20%)
TXN-1585,2025-10-07,Office Supplies,High-Speed Paper Shredder,Phoenix,West,SMB,Direct Invoice,Alice Smith,3,167.78,92.95,503.34,278.85,47.42,32.88,27.43,386.58,31.89,6.49,2025,10,Oct,2025-10,2025Q4,Tuesday,212.82,51.17,27.43,11.67,491.67,18.0,88.5,10.3,5.7,2.96,158.9,53.92,43.62,40.88,22.0,8.99,31.89,6.49,10.97,8.87,8.31,43.29,76.8,9.42,163.89,128.86,10.63,Moderate Margin (5-20%)
TXN-1011,2025-10-07,Hardware,Gigabit Switch 24-Port,Seattle,West,Enterprise,Credit Card,Fiona Gallagher,5,433.59,263.84,2167.95,1319.2,130.17,42.63,73.81,1565.81,259.76,12.21,2025,10,Oct,2025-10,2025Q4,Tuesday,808.59,153.99,73.81,40.16,2127.79,18.0,383.0,47.44,34.06,6.53,400.6,407.99,360.55,333.02,22.0,73.26,259.76,12.21,19.17,16.94,15.65,38.0,72.23,6.0,425.56,313.16,51.95,Moderate Margin (5-20%)
TXN-1211,2025-10-07,Hardware,Gigabit Switch 24-Port,San Francisco,West,Government,Credit Card,Charlie Davis,24,424.91,247.8,10197.84,5947.2,1403.83,305.65,503.28,8159.96,405.36,4.03,2025,10,Oct,2025-10,2025Q4,Tuesday,4106.68,993.64,503.28,143.96,10053.88,18.0,1809.7,238.56,172.55,30.52,3206.4,900.28,661.72,519.69,22.0,114.33,405.36,4.03,8.95,6.58,5.17,40.85,80.02,13.77,418.91,340.0,16.89,Low Margin (0-5%)
TXN-1869,2025-10-07,Software,Cloud Storage Annual,Los Angeles,West,SMB,Direct Invoice,Evan Wright,5,406.38,77.42,2031.9,387.1,171.29,41.84,100.9,701.13,776.77,38.74,2025,10,Oct,2025-10,2025Q4,Tuesday,1617.79,229.79,100.9,27.01,2004.89,18.0,360.88,43.25,39.61,4.75,543.82,1073.97,1030.72,995.86,22.0,219.09,776.77,38.74,53.57,51.41,49.67,80.69,34.51,8.43,400.98,140.23,155.35,High Margin (>=20%)
TXN-1083,2025-10-07,Office Supplies,High-Speed Paper Shredder,Boston,East,SMB,Credit Card,Evan Wright,7,182.11,93.04,1274.77,651.28,117.73,88.96,57.05,915.02,138.32,11.09,2025,10,Oct,2025-10,2025Q4,Tuesday,596.47,110.32,57.05,27.02,1247.75,18.0,224.6,31.16,22.6,8.68,374.06,222.41,191.25,177.33,22.0,39.01,138.32,11.09,17.82,15.33,14.21,47.8,71.78,9.24,178.25,130.72,19.76,Moderate Margin (5-20%)
TXN-1713,2025-10-07,Electronics,Ultra-Wide Monitor 34,New York,East,SMB,Credit Card,Alice Smith,7,598.71,366.81,4190.97,2567.67,274.59,104.71,129.29,3076.26,380.16,9.35,2025,10,Oct,2025-10,2025Q4,Tuesday,1497.88,392.19,129.29,125.42,4065.55,18.0,731.8,92.79,47.12,30.2,900.78,597.1,504.31,487.39,22.0,107.23,380.16,9.35,14.69,12.4,11.99,36.84,73.4,6.55,580.79,439.47,54.31,Moderate Margin (5-20%)
TXN-2035,2025-10-08,Office Supplies,Ergonomic Executive Desk,Phoenix,West,Government,Direct Invoice,Diana Prince,10,858.21,445.41,8582.1,4454.1,978.14,55.56,257.46,5745.26,1383.53,16.51,2025,10,Oct,2025-10,2025Q4,Wednesday,3927.56,633.77,257.46,200.44,8381.66,18.0,1508.7,189.44,97.6,58.17,1924.93,2002.63,1813.19,1773.76,22.0,390.23,1383.53,16.51,23.89,21.63,21.16,46.86,66.94,11.4,838.17,574.53,138.35,Moderate Margin (5-20%)
TXN-1821,2025-10-08,Services,Annual IT Maintenance Plan,Miami,East,Consumer,Wire Transfer,Fiona Gallagher,6,1805.03,625.46,10830.18,3752.76,1125.54,64.98,369.18,5312.46,2885.2,27.44,2025,10,Oct,2025-10,2025Q4,Wednesday,6760.44,1192.86,369.18,316.98,10513.2,18.0,1892.38,218.22,118.96,28.28,2752.56,4007.88,3789.66,3698.98,22.0,813.78,2885.2,27.44,38.12,36.05,35.18,64.3,49.05,10.39,1752.2,885.41,480.87,High Margin (>=20%)
TXN-1961,2025-10-08,Office Supplies,High-Speed Paper Shredder,New York,East,Enterprise,Credit Card,Bob Jones,16,168.07,86.35,2689.12,1381.6,218.86,180.87,103.34,1884.67,353.21,13.44,2025,10,Oct,2025-10,2025Q4,Wednesday,1245.61,199.37,103.34,61.91,2627.21,18.0,472.9,61.75,46.26,17.67,702.44,543.17,481.42,452.83,22.0,99.62,353.21,13.44,20.67,18.32,17.24,47.41,70.09,8.14,164.2,117.79,22.08,Moderate Margin (5-20%)
TXN-1535,2025-10-09,Services,Cybersecurity Audit,Houston,South,Consumer,Wire Transfer,Bob Jones,6,2195.56,810.01,13173.36,4860.06,1787.56,64.79,471.94,7184.35,3116.87,23.96,2025,10,Oct,2025-10,2025Q4,Thursday,8147.13,1428.64,471.94,166.17,13007.19,18.0,2341.29,291.04,209.91,102.74,3752.93,4394.2,4103.16,3995.99,22.0,879.12,3116.87,23.96,33.78,31.55,30.72,62.64,54.54,13.57,2167.87,1197.39,519.48,High Margin (>=20%)
TXN-1133,2025-10-09,Software,Security Firewall Pro,Boston,East,SMB,Credit Card,Diana Prince,2,798.58,212.99,1597.16,425.98,182.86,13.63,80.44,702.91,553.99,35.2,2025,10,Oct,2025-10,2025Q4,Thursday,1147.91,121.37,80.44,23.27,1573.89,18.0,283.3,28.66,23.11,12.41,398.3,749.61,720.95,710.25,22.0,156.26,553.99,35.2,47.63,45.81,45.13,72.93,44.01,11.45,786.94,351.46,277.0,High Margin (>=20%)
TXN-1895,2025-10-12,Hardware,NAS Storage Enclosure,Houston,South,SMB,Wire Transfer,Diana Prince,6,819.08,485.36,4914.48,2912.16,601.18,73.14,175.64,3762.12,306.03,6.33,2025,10,Oct,2025-10,2025Q4,Sunday,1924.95,508.18,175.64,77.37,4837.11,18.0,870.68,121.29,85.27,32.09,1358.14,566.81,445.52,392.34,22.0,86.31,306.03,6.33,11.72,9.21,8.11,39.8,76.55,12.23,806.18,627.02,51.0,Moderate Margin (5-20%)
TXN-1774,2025-10-14,Electronics,Laptop Pro 15,Seattle,West,Government,Credit Card,Fiona Gallagher,24,1259.6,764.23,30230.4,18341.52,3566.87,287.55,906.91,23102.85,2377.86,8.03,2025,10,Oct,2025-10,2025Q4,Tuesday,11273.34,2716.64,906.91,615.54,29614.86,18.0,5330.67,501.96,422.56,177.69,7477.97,3795.37,3293.41,3048.54,22.0,670.68,2377.86,8.03,12.82,11.12,10.29,38.07,76.42,11.8,1233.95,962.62,99.08,Moderate Margin (5-20%)
TXN-1556,2025-10-14,Hardware,NAS Storage Enclosure,San Francisco,West,SMB,PayPal,Fiona Gallagher,3,841.38,468.77,2524.14,1406.31,319.7,27.8,121.79,1875.6,222.65,9.06,2025,10,Oct,2025-10,2025Q4,Tuesday,1052.12,227.61,121.79,65.71,2458.43,18.0,442.52,55.39,25.57,11.19,696.9,355.22,299.83,285.45,22.0,62.8,222.65,9.06,14.45,12.2,11.61,42.8,74.31,12.67,819.48,625.2,74.22,Moderate Margin (5-20%)
TXN-1348,2025-10-14,Office Supplies,Mesh Office Chair,Austin,South,Enterprise,Wire Transfer,Diana Prince,24,310.37,153.95,7448.88,3694.8,513.16,275.55,358.47,4841.98,1345.66,18.45,2025,10,Oct,2025-10,2025Q4,Tuesday,3597.62,538.29,358.47,156.46,7292.42,18.0,1312.64,122.68,119.36,55.09,1685.47,1912.15,1789.47,1725.2,22.0,379.54,1345.66,18.45,26.22,24.54,23.66,49.33,65.0,6.89,303.85,201.75,56.07,Moderate Margin (5-20%)
TXN-1602,2025-10-15,Office Supplies,Ergonomic Executive Desk,Houston,South,Enterprise,Direct Invoice,Charlie Davis,24,811.29,440.63,19470.96,10575.12,1437.36,211.05,908.76,13132.29,2881.59,15.18,2025,10,Oct,2025-10,2025Q4,Wednesday,8413.93,1634.19,908.76,481.91,18989.05,18.0,3418.03,447.19,232.92,151.88,4191.36,4222.57,3775.38,3694.34,22.0,812.75,2881.59,15.18,22.24,19.88,19.46,44.31,67.45,7.38,791.21,547.18,120.07,Moderate Margin (5-20%)
TXN-1025,2025-10-15,Hardware,NAS Storage Enclosure,Phoenix,West,Enterprise,Wire Transfer,Bob Jones,27,801.47,471.75,21639.69,12737.25,1566.79,400.1,969.76,15673.9,2352.38,11.07,2025,10,Oct,2025-10,2025Q4,Wednesday,8504.39,2008.24,969.76,398.05,21241.64,18.0,3823.5,387.19,270.42,113.98,4944.89,3559.5,3172.31,3015.87,22.0,663.49,2352.38,11.07,16.76,14.93,14.2,40.04,72.43,7.24,786.73,580.51,87.13,Moderate Margin (5-20%)
TXN-1555,2025-10-16,Electronics,Ultra-Wide Monitor 34,Seattle,West,SMB,Credit Card,Fiona Gallagher,3,652.68,388.29,1958.04,1164.87,208.56,43.43,58.74,1475.6,109.18,5.75,2025,10,Oct,2025-10,2025Q4,Thursday,735.37,222.89,58.74,57.8,1900.24,18.0,342.04,47.4,24.56,10.18,533.62,201.75,154.35,139.97,22.0,30.79,109.18,5.75,10.62,8.12,7.37,38.7,75.36,10.65,633.41,491.87,36.39,Moderate Margin (5-20%)
TXN-1738,2025-10-17,Services,Cybersecurity Audit,Los Angeles,West,Enterprise,PayPal,Fiona Gallagher,25,2112.94,794.94,52823.5,19873.5,5367.63,198.73,1584.7,27024.56,13058.14,25.39,2025,10,Oct,2025-10,2025Q4,Friday,31550.13,5854.43,1584.7,1399.87,51423.63,18.0,9256.25,1182.15,1004.92,383.64,13005.49,18544.64,17362.49,16741.21,22.0,3683.07,13058.14,25.39,36.06,33.76,32.56,61.35,51.16,10.16,2056.95,1080.98,522.33,High Margin (>=20%)
TXN-2179,2025-10-18,Hardware,Gigabit Switch 24-Port,New York,East,Enterprise,Credit Card,Charlie Davis,27,424.2,262.55,11453.4,7088.85,1254.5,144.07,378.38,8865.8,619.48,5.51,2025,10,Oct,2025-10,2025Q4,Saturday,4147.76,1237.56,378.38,216.79,11236.61,18.0,2022.59,256.74,142.16,59.85,3014.51,1133.25,876.51,794.2,22.0,174.72,619.48,5.51,10.09,7.8,7.07,36.91,77.41,10.95,416.17,328.36,22.94,Moderate Margin (5-20%)
TXN-1513,2025-10-19,Office Supplies,Ergonomic Executive Desk,Los Angeles,West,SMB,Credit Card,Fiona Gallagher,5,816.05,464.93,4080.25,2324.65,396.01,49.34,211.7,2981.7,323.22,8.13,2025,10,Oct,2025-10,2025Q4,Sunday,1651.08,475.91,211.7,104.52,3975.73,18.0,715.63,90.96,43.63,30.85,1132.96,518.12,427.16,414.38,22.0,91.16,323.22,8.13,13.03,10.74,10.42,41.53,73.08,9.71,795.15,596.34,64.64,Moderate Margin (5-20%)
TXN-1413,2025-10-19,Office Supplies,Mesh Office Chair,Seattle,West,SMB,Direct Invoice,Charlie Davis,7,319.14,167.79,2233.98,1174.53,268.89,52.4,110.17,1605.99,188.61,8.62,2025,10,Oct,2025-10,2025Q4,Sunday,1013.3,262.56,110.17,46.15,2187.83,18.0,393.81,48.4,37.91,8.84,694.02,319.28,270.88,241.81,22.0,53.2,188.61,8.62,14.59,12.38,11.05,46.32,71.89,12.04,312.55,229.43,26.94,Moderate Margin (5-20%)
TXN-1038,2025-10-19,Hardware,Rack Server Blade X,Seattle,West,Consumer,Credit Card,Evan Wright,6,2987.06,2142.2,17922.36,12853.2,1179.67,79.31,722.81,14834.99,749.2,4.26,2025,10,Oct,2025-10,2025Q4,Sunday,4720.32,1342.09,722.81,348.84,17573.52,18.0,3163.23,329.84,186.4,80.31,3323.88,1396.44,1066.6,960.51,22.0,211.31,749.2,4.26,7.95,6.07,5.47,26.86,82.77,6.58,2928.92,2472.5,124.87,Low Margin (0-5%)
TXN-1138,2025-10-19,Office Supplies,Mesh Office Chair,Austin,South,SMB,Credit Card,Alice Smith,3,345.15,154.05,1035.45,462.15,70.75,36.73,52.06,621.69,195.71,19.36,2025,10,Oct,2025-10,2025Q4,Sunday,548.86,108.88,52.06,24.44,1011.01,18.0,181.98,17.01,18.13,5.61,268.42,280.44,263.43,250.91,22.0,55.2,195.71,19.36,27.74,26.06,24.82,54.29,60.04,6.83,337.0,207.23,65.24,Moderate Margin (5-20%)
TXN-2159,2025-10-19,Electronics,Smart Display 10,San Francisco,West,SMB,Wire Transfer,Evan Wright,2,358.91,191.01,717.82,382.02,71.4,15.92,51.98,521.32,64.76,9.21,2025,10,Oct,2025-10,2025Q4,Sunday,320.96,81.54,51.98,14.84,702.98,18.0,126.54,11.36,10.49,4.75,220.84,100.12,88.76,83.02,22.0,18.26,64.76,9.21,14.24,12.63,11.81,45.66,72.63,9.95,351.49,260.66,32.38,Moderate Margin (5-20%)
TXN-1805,2025-10-20,Office Supplies,High-Speed Paper Shredder,Austin,South,SMB,PayPal,Alice Smith,1,179.31,86.6,179.31,86.6,24.07,9.54,24.08,144.29,6.89,3.9,2025,10,Oct,2025-10,2025Q4,Monday,89.94,16.35,24.08,2.77,176.54,18.0,31.78,3.9,3.57,0.4,74.04,15.9,12.0,8.83,22.0,1.94,6.89,3.9,9.01,6.8,5.0,50.95,80.47,13.42,176.54,144.29,6.89,Low Margin (0-5%)
TXN-2171,2025-10-21,Electronics,Ultra-Wide Monitor 34,Los Angeles,West,Government,Credit Card,Fiona Gallagher,12,674.32,373.23,8091.84,4478.76,710.12,85.01,272.05,5545.94,1068.39,13.51,2025,10,Oct,2025-10,2025Q4,Tuesday,3426.6,816.03,272.05,186.48,7905.36,18.0,1422.96,146.78,81.48,54.6,1883.21,1543.39,1396.61,1369.73,22.0,301.34,1068.39,13.51,19.52,17.67,17.33,43.35,68.54,8.78,658.78,462.16,89.03,Moderate Margin (5-20%)
TXN-1522,2025-10-21,Software,Enterprise ERP License,Boston,East,Consumer,Wire Transfer,Fiona Gallagher,1,2359.75,507.41,2359.75,507.41,174.13,13.72,99.48,794.74,971.9,41.7,2025,10,Oct,2025-10,2025Q4,Tuesday,1823.01,210.12,99.48,29.33,2330.42,18.0,419.48,52.21,36.0,8.67,497.45,1325.56,1273.35,1246.02,22.0,274.12,971.9,41.7,56.88,54.64,53.47,78.23,33.68,7.38,2330.42,794.74,971.9,High Margin (>=20%)
TXN-1111,2025-10-21,Electronics,Smart Display 10,Los Angeles,West,Enterprise,Direct Invoice,Alice Smith,6,351.92,207.65,2111.52,1245.9,140.63,79.47,79.12,1545.12,253.2,12.13,2025,10,Oct,2025-10,2025Q4,Tuesday,841.12,178.4,79.12,24.5,2087.02,18.0,375.66,32.99,21.33,15.43,477.62,363.5,330.51,324.61,22.0,71.41,253.2,12.13,17.42,15.84,15.55,40.3,73.18,6.66,347.84,257.52,42.2,Moderate Margin (5-20%)
TXN-1137,2025-10-22,Electronics,Smart Display 10,Houston,South,SMB,Direct Invoice,Charlie Davis,2,336.39,202.64,672.78,405.28,43.51,12.84,40.96,502.59,58.5,8.82,2025,10,Oct,2025-10,2025Q4,Wednesday,258.09,64.55,40.96,9.41,663.37,18.0,119.41,15.07,11.18,5.02,161.86,96.23,81.16,75.0,22.0,16.5,58.5,8.82,14.51,12.23,11.31,38.91,74.7,6.47,331.68,251.3,29.25,Moderate Margin (5-20%)
TXN-1572,2025-10-22,Services,Cloud Migration Consulting,Houston,South,Enterprise,Wire Transfer,Diana Prince,5,3263.97,1245.75,16319.85,6228.75,1080.87,60.34,761.31,8131.27,4257.39,26.78,2025,10,Oct,2025-10,2025Q4,Wednesday,9671.67,1781.84,761.31,419.43,15900.42,18.0,2862.08,271.4,324.33,66.61,3684.36,5987.31,5715.91,5458.19,22.0,1200.8,4257.39,26.78,37.66,35.95,34.33,60.83,49.82,6.62,3180.08,1626.25,851.48,High Margin (>=20%)
TXN-2112,2025-10-24,Services,Cloud Migration Consulting,Austin,South,Consumer,Direct Invoice,Diana Prince,5,3523.91,1235.88,17619.55,6179.4,1108.28,74.2,593.44,7955.32,5732.27,33.45,2025,10,Oct,2025-10,2025Q4,Friday,10955.89,1431.1,593.44,484.26,17135.29,18.0,3084.35,276.1,256.9,133.2,3207.02,7748.87,7472.77,7349.07,22.0,1616.8,5732.27,33.45,45.22,43.61,42.89,63.94,45.15,6.29,3427.06,1591.06,1146.45,High Margin (>=20%)
TXN-1346,2025-10-24,Software,Data Analytics Suite,Chicago,Midwest,SMB,Credit Card,Evan Wright,3,1496.25,305.81,4488.75,917.43,467.82,21.49,134.66,1541.4,1787.18,40.61,2025,10,Oct,2025-10,2025Q4,Friday,3483.02,452.43,134.66,88.3,4400.45,18.0,792.08,102.4,45.63,32.67,1076.4,2406.62,2304.22,2291.26,22.0,504.08,1787.18,40.61,54.69,52.36,52.07,79.15,34.34,10.42,1466.82,513.8,595.73,High Margin (>=20%)
TXN-1794,2025-10-25,Electronics,Laptop Pro 15,New York,East,SMB,Credit Card,Evan Wright,4,1285.11,752.08,5140.44,3008.32,530.51,38.44,169.13,3746.4,549.4,10.83,2025,10,Oct,2025-10,2025Q4,Saturday,2066.8,516.99,169.13,65.32,5075.12,18.0,913.52,93.9,53.75,40.28,1255.07,811.73,717.83,704.36,22.0,154.96,549.4,10.83,15.99,14.14,13.88,40.72,72.88,10.32,1268.78,936.6,137.35,Moderate Margin (5-20%)
TXN-1136,2025-10-25,Office Supplies,High-Speed Paper Shredder,Phoenix,West,SMB,Wire Transfer,Charlie Davis,4,169.91,89.32,679.64,357.28,49.1,29.41,49.48,485.27,75.74,11.41,2025,10,Oct,2025-10,2025Q4,Saturday,306.72,58.56,49.48,15.64,664.0,18.0,119.52,15.86,10.0,2.79,186.55,120.17,104.31,97.1,22.0,21.36,75.74,11.41,18.1,15.71,14.62,46.19,71.4,7.22,166.0,121.32,18.93,Moderate Margin (5-20%)
TXN-2131,2025-10-25,Software,Security Firewall Pro,Chicago,Midwest,SMB,Direct Invoice,Alice Smith,7,865.76,226.37,6060.32,1584.59,757.29,48.57,190.4,2580.85,2015.15,33.76,2025,10,Oct,2025-10,2025Q4,Saturday,4383.9,643.43,190.4,91.83,5968.49,18.0,1074.33,107.77,67.9,14.98,1639.69,2744.21,2636.44,2583.52,22.0,568.37,2015.15,33.76,45.98,44.17,43.29,73.45,42.59,12.5,852.64,368.69,287.88,High Margin (>=20%)
TXN-1160,2025-10-26,Office Supplies,Mesh Office Chair,Seattle,West,SMB,Wire Transfer,Diana Prince,6,341.93,162.82,2051.58,976.92,204.51,30.76,122.16,1334.35,303.29,15.11,2025,10,Oct,2025-10,2025Q4,Sunday,1029.84,218.31,122.16,44.82,2006.76,18.0,361.22,41.04,37.56,13.33,575.74,454.1,413.06,388.83,22.0,85.54,303.29,15.11,22.63,20.58,19.38,51.32,65.04,9.97,334.46,222.39,50.55,Moderate Margin (5-20%)
TXN-1725,2025-10-27,Services,Cloud Migration Consulting,Boston,East,Government,Direct Invoice,Charlie Davis,32,3264.05,1160.62,104449.6,37139.84,6761.84,193.73,3133.49,47228.9,31608.28,31.07,2025,10,Oct,2025-10,2025Q4,Monday,64606.19,10311.65,3133.49,2703.57,101746.03,18.0,18314.29,2332.08,1890.2,540.24,20400.71,44205.48,41873.4,40523.44,22.0,8915.16,31608.28,31.07,43.45,41.15,39.83,63.5,45.22,6.47,3179.56,1475.9,987.76,High Margin (>=20%)
TXN-1100,2025-10-28,Hardware,NAS Storage Enclosure,Houston,South,Consumer,Wire Transfer,Alice Smith,3,827.31,456.25,2481.93,1368.75,311.72,21.86,120.82,1823.15,274.21,11.32,2025,10,Oct,2025-10,2025Q4,Tuesday,1053.29,187.12,120.82,59.89,2422.04,18.0,435.97,47.34,31.41,18.53,641.52,411.77,364.43,351.55,22.0,77.34,274.21,11.32,17.0,15.05,14.51,43.49,73.46,12.56,807.35,607.72,91.4,Moderate Margin (5-20%)
TXN-1447,2025-10-29,Software,Enterprise ERP License,Houston,South,SMB,Wire Transfer,Evan Wright,7,2673.03,503.78,18711.21,3526.46,1311.45,75.72,793.48,5707.11,7789.85,42.16,2025,10,Oct,2025-10,2025Q4,Wednesday,14949.84,2232.25,793.48,234.91,18476.3,18.0,3325.73,428.03,248.91,126.99,4412.9,10536.94,10108.91,9986.99,22.0,2197.14,7789.85,42.16,57.03,54.71,54.05,80.91,30.5,7.01,2639.47,815.3,1112.84,High Margin (>=20%)
TXN-1643,2025-10-31,Hardware,Rack Server Blade X,Miami,East,SMB,PayPal,Evan Wright,6,3033.49,2202.29,18200.94,13213.74,1909.13,71.25,546.03,15740.15,70.25,0.39,2025,10,Oct,2025-10,2025Q4,Friday,4645.24,1466.49,546.03,341.96,17858.98,18.0,3214.62,293.64,319.65,51.01,3992.9,652.34,358.7,90.06,22.0,19.81,70.25,0.39,3.65,2.01,0.5,26.01,86.48,10.49,2976.5,2623.36,11.71,Low Margin (0-5%)
TXN-1865,2025-10-31,Electronics,Smart Display 10,Boston,East,Enterprise,Direct Invoice,Alice Smith,19,346.3,195.56,6579.7,3715.64,852.68,209.94,265.5,5043.76,504.94,7.76,2025,10,Oct,2025-10,2025Q4,Friday,2791.43,592.42,265.5,72.63,6507.07,18.0,1171.27,150.86,110.24,37.57,1920.54,870.89,720.03,647.36,22.0,142.42,504.94,7.76,13.38,11.07,9.95,42.9,76.66,12.96,342.48,265.46,26.58,Moderate Margin (5-20%)
TXN-2067,2025-10-31,Electronics,Ultra-Wide Monitor 34,Austin,South,Enterprise,Wire Transfer,Diana Prince,27,629.14,398.63,16986.78,10763.01,1879.05,200.36,573.25,13415.67,1089.7,6.56,2025,10,Oct,2025-10,2025Q4,Friday,5852.88,1391.88,573.25,370.89,16615.89,18.0,2990.86,332.12,187.77,108.6,4044.54,1808.34,1476.22,1397.05,22.0,307.35,1089.7,6.56,10.88,8.88,8.41,35.22,78.98,11.06,615.4,496.88,40.36,Moderate Margin (5-20%)
TXN-1617,2025-11-02,Hardware,NAS Storage Enclosure,Boston,East,SMB,Direct Invoice,Evan Wright,3,794.8,470.87,2384.4,1412.61,159.43,17.73,133.87,1723.64,296.7,12.64,2025,11,Nov,2025-11,2025Q4,Sunday,933.86,174.19,133.87,37.93,2346.47,18.0,422.36,53.24,24.84,9.83,485.22,448.64,395.4,380.39,22.0,83.69,296.7,12.64,19.12,16.85,16.21,39.8,72.29,6.69,782.16,574.55,98.9,Moderate Margin (5-20%)
TXN-2172,2025-11-04,Hardware,Gigabit Switch 24-Port,San Francisco,West,Enterprise,Direct Invoice,Alice Smith,25,420.62,264.83,10515.5,6620.75,991.8,341.2,423.04,8376.79,214.94,2.1,2025,11,Nov,2025-11,2025Q4,Tuesday,3611.76,1251.97,423.04,282.99,10232.51,18.0,1841.85,214.31,147.58,33.71,3008.01,603.75,389.44,275.57,22.0,60.63,214.94,2.1,5.9,3.81,2.69,35.3,79.66,9.43,409.3,335.07,8.6,Low Margin (0-5%)
TXN-2041,2025-11-05,Services,Cloud Migration Consulting,Miami,East,Consumer,Credit Card,Bob Jones,4,3614.78,1183.22,14459.12,4732.88,920.14,26.31,433.77,6113.1,4747.82,33.71,2025,11,Nov,2025-11,2025Q4,Wednesday,9351.87,1402.17,433.77,374.37,14084.75,18.0,2535.26,266.32,281.34,65.13,2782.39,6569.48,6303.16,6086.95,22.0,1339.13,4747.82,33.71,46.64,44.75,43.22,66.4,42.28,6.36,3521.19,1528.28,1186.96,High Margin (>=20%)
TXN-1684,2025-11-05,Office Supplies,Mesh Office Chair,Los Angeles,West,Consumer,Direct Invoice,Charlie Davis,6,319.69,153.9,1918.14,923.4,117.18,48.19,102.82,1191.59,336.67,18.01,2025,11,Nov,2025-11,2025Q4,Wednesday,946.36,198.4,102.82,48.38,1869.76,18.0,336.56,40.04,20.3,12.2,466.59,479.77,439.73,431.63,22.0,94.96,336.67,18.01,25.66,23.52,23.08,50.61,62.12,6.11,311.63,198.6,56.11,Moderate Margin (5-20%)
TXN-1187,2025-11-05,Hardware,Gigabit Switch 24-Port,San Francisco,West,SMB,Wire Transfer,Bob Jones,3,460.88,263.14,1382.64,789.42,121.94,40.24,77.4,1029.0,101.73,7.55,2025,11,Nov,2025-11,2025Q4,Wednesday,558.0,153.28,77.4,35.22,1347.42,18.0,242.54,21.73,21.8,8.81,392.86,165.14,143.41,130.42,22.0,28.69,101.73,7.55,12.26,10.64,9.68,41.41,74.42,8.82,449.14,343.0,33.91,Moderate Margin (5-20%)
TXN-1335,2025-11-05,Software,Security Firewall Pro,Los Angeles,West,Enterprise,Credit Card,Alice Smith,11,816.73,211.33,8984.03,2324.63,794.11,100.45,373.48,3592.67,3362.32,38.12,2025,11,Nov,2025-11,2025Q4,Wednesday,6495.25,649.55,373.48,164.15,8819.88,18.0,1587.58,219.46,117.44,69.91,1917.59,4577.66,4358.2,4310.67,22.0,948.35,3362.32,38.12,51.9,49.41,48.87,73.64,39.99,8.84,801.81,326.61,305.67,High Margin (>=20%)
TXN-2003,2025-11-06,Services,Cybersecurity Audit,Houston,South,Consumer,Direct Invoice,Evan Wright,7,2048.46,805.63,14339.22,5639.41,1728.14,42.74,644.71,8055.0,2971.81,21.11,2025,11,Nov,2025-11,2025Q4,Thursday,8435.24,1629.61,644.71,264.57,14074.65,18.0,2533.44,358.32,273.77,52.06,4045.2,4390.04,4031.72,3810.01,22.0,838.2,2971.81,21.11,31.19,28.65,27.07,59.93,56.17,12.05,2010.66,1150.71,424.54,High Margin (>=20%)
TXN-1145,2025-11-08,Software,Enterprise ERP License,Miami,East,SMB,Wire Transfer,Fiona Gallagher,6,2622.37,514.5,15734.22,3087.0,1327.56,34.86,504.38,4953.8,6834.31,44.54,2025,11,Nov,2025-11,2025Q4,Saturday,12256.16,1325.48,504.38,391.06,15343.16,18.0,2761.77,249.95,158.42,106.42,3192.28,9063.88,8813.93,8761.93,22.0,1927.62,6834.31,44.54,59.07,57.45,57.11,79.88,31.48,8.44,2557.19,825.63,1139.05,High Margin (>=20%)
TXN-1828,2025-11-10,Services,Cybersecurity Audit,Boston,East,Government,Wire Transfer,Diana Prince,26,2157.04,797.09,56083.04,20724.34,3762.15,288.34,1682.49,26457.32,16877.43,31.01,2025,11,Nov,2025-11,2025Q4,Monday,33697.19,4898.72,1682.49,1661.51,54421.53,18.0,9795.88,1039.93,615.21,227.38,10631.7,23065.49,22025.56,21637.73,22.0,4760.3,16877.43,31.01,42.38,40.47,39.76,61.92,47.18,6.71,2093.14,1017.59,649.13,High Margin (>=20%)
TXN-1274,2025-11-10,Hardware,Gigabit Switch 24-Port,Houston,South,Consumer,Wire Transfer,Bob Jones,7,435.05,258.54,3045.35,1809.78,188.06,56.07,113.12,2167.03,289.59,9.68,2025,11,Nov,2025-11,2025Q4,Monday,1180.5,352.23,113.12,55.07,2990.28,18.0,538.25,51.75,55.65,7.65,709.48,471.02,419.27,371.27,22.0,81.68,289.59,9.68,15.75,14.02,12.42,39.48,71.16,6.18,427.18,309.58,41.37,Moderate Margin (5-20%)
TXN-1503,2025-11-12,Services,Cybersecurity Audit,Chicago,Midwest,SMB,Credit Card,Alice Smith,4,2340.15,834.83,9360.6,3339.32,1295.36,54.74,280.82,4970.24,2507.27,27.23,2025,11,Nov,2025-11,2025Q4,Wednesday,5869.3,800.11,280.82,151.98,9208.62,18.0,1657.55,140.41,144.92,61.51,2431.03,3438.27,3297.86,3214.45,22.0,707.18,2507.27,27.23,37.34,35.81,34.91,63.74,53.1,13.84,2302.16,1242.56,626.82,High Margin (>=20%)
TXN-1601,2025-11-12,Software,Security Firewall Pro,Boston,East,SMB,PayPal,Evan Wright,3,898.8,222.84,2696.4,668.52,326.34,37.96,95.4,1128.22,919.61,35.13,2025,11,Nov,2025-11,2025Q4,Wednesday,1949.33,211.52,95.4,78.55,2617.85,18.0,471.21,58.58,49.88,9.34,671.22,1278.11,1219.53,1178.99,22.0,259.38,919.61,35.13,48.82,46.59,45.04,74.46,41.84,12.1,872.62,376.07,306.54,High Margin (>=20%)
TXN-1841,2025-11-14,Software,Enterprise ERP License,Phoenix,West,Consumer,Credit Card,Evan Wright,7,2427.18,501.6,16990.26,3511.2,1714.38,101.81,592.26,5919.65,6910.52,41.8,2025,11,Nov,2025-11,2025Q4,Friday,13020.11,1200.44,592.26,458.95,16531.31,18.0,2975.64,325.5,318.45,92.37,3608.89,9411.22,9085.72,8859.64,22.0,1949.12,6910.52,41.8,56.93,54.96,53.59,78.76,34.84,10.09,2361.62,845.66,987.22,High Margin (>=20%)
TXN-1915,2025-11-15,Office Supplies,Mesh Office Chair,New York,East,Enterprise,Wire Transfer,Alice Smith,13,310.68,164.74,4038.84,2141.62,381.83,123.89,163.89,2811.23,493.47,12.51,2025,11,Nov,2025-11,2025Q4,Saturday,1803.98,394.2,163.89,93.24,3945.6,18.0,710.21,69.37,62.62,24.48,1063.81,740.17,670.8,632.66,22.0,139.19,493.47,12.51,18.76,17.0,16.03,45.72,69.6,9.45,303.51,216.25,37.96,Moderate Margin (5-20%)
TXN-1169,2025-11-15,Hardware,Gigabit Switch 24-Port,Phoenix,West,SMB,Credit Card,Bob Jones,7,429.88,262.55,3009.16,1837.85,357.65,104.88,162.22,2462.6,162.09,5.46,2025,11,Nov,2025-11,2025Q4,Saturday,1130.4,216.78,162.22,40.91,2968.25,18.0,534.28,69.32,35.04,23.3,841.53,288.87,219.55,207.81,22.0,45.72,162.09,5.46,9.73,7.4,7.0,38.08,81.84,11.89,424.04,351.8,23.16,Moderate Margin (5-20%)
TXN-1343,2025-11-15,Electronics,Ultra-Wide Monitor 34,Boston,East,Government,Wire Transfer,Bob Jones,31,620.22,376.96,19226.82,11685.76,1168.51,420.97,808.88,14084.12,2176.96,11.57,2025,11,Nov,2025-11,2025Q4,Saturday,7130.64,1512.38,808.88,410.42,18816.4,18.0,3386.95,326.05,208.44,105.56,3910.74,3219.9,2893.85,2790.97,22.0,614.01,2176.96,11.57,17.11,15.38,14.83,37.9,73.25,6.08,606.98,454.33,70.22,Moderate Margin (5-20%)
TXN-1963,2025-11-15,Services,Annual IT Maintenance Plan,Houston,South,Consumer,PayPal,Bob Jones,2,1785.41,595.34,3570.82,1190.68,286.4,17.45,107.12,1601.65,1167.22,33.25,2025,11,Nov,2025-11,2025Q4,Saturday,2319.27,293.76,107.12,60.87,3509.95,18.0,631.79,78.29,67.12,27.3,704.73,1614.54,1536.25,1496.43,22.0,329.21,1167.22,33.25,46.0,43.77,42.63,66.08,44.85,8.02,1754.98,800.82,583.61,High Margin (>=20%)
TXN-1364,2025-11-15,Office Supplies,Ergonomic Executive Desk,San Francisco,West,Enterprise,Direct Invoice,Evan Wright,17,897.59,436.33,15259.03,7417.61,1068.8,248.79,457.77,9192.97,3026.26,20.14,2025,11,Nov,2025-11,2025Q4,Saturday,7604.96,1484.41,457.77,236.46,15022.57,18.0,2704.06,297.2,241.59,73.42,3259.77,4345.19,4047.99,3879.82,22.0,853.56,3026.26,20.14,28.92,26.95,25.83,50.62,60.25,7.0,883.68,540.76,178.02,High Margin (>=20%)
TXN-1209,2025-11-18,Hardware,Gigabit Switch 24-Port,New York,East,Enterprise,Credit Card,Evan Wright,22,448.96,247.72,9877.12,5449.84,992.02,322.08,312.74,7076.68,1248.73,12.92,2025,11,Nov,2025-11,2025Q4,Tuesday,4212.88,693.9,312.74,214.4,9662.72,18.0,1739.29,217.99,103.74,30.53,2320.74,1892.14,1674.15,1600.94,22.0,352.21,1248.73,12.92,19.58,17.33,16.57,43.6,71.65,10.04,439.21,321.67,56.76,Moderate Margin (5-20%)
TXN-1938,2025-11-19,Office Supplies,High-Speed Paper Shredder,Phoenix,West,SMB,Credit Card,Alice Smith,6,179.49,90.88,1076.94,545.28,105.32,71.9,47.47,769.97,92.02,8.76,2025,11,Nov,2025-11,2025Q4,Wednesday,505.14,124.62,47.47,26.52,1050.42,18.0,189.08,24.33,17.4,3.87,349.31,155.83,131.5,117.97,22.0,25.95,92.02,8.76,14.84,12.52,11.23,48.09,71.5,9.78,175.07,128.33,15.34,Moderate Margin (5-20%)
TXN-1062,2025-11-20,Software,Enterprise ERP License,Phoenix,West,SMB,Wire Transfer,Evan Wright,2,2335.15,481.94,4670.3,963.88,281.23,12.33,177.83,1435.27,2007.91,44.14,2025,11,Nov,2025-11,2025Q4,Thursday,3585.22,390.29,177.83,121.2,4549.1,18.0,818.84,111.17,70.11,31.99,861.68,2723.54,2612.37,2574.25,22.0,566.34,2007.91,44.14,59.87,57.43,56.59,78.81,30.73,6.02,2274.55,717.64,1003.96,High Margin (>=20%)
TXN-1727,2025-11-20,Services,Cybersecurity Audit,Chicago,Midwest,Government,PayPal,Alice Smith,27,2238.0,806.06,60426.0,21763.62,4416.53,168.73,1812.78,28161.66,19280.87,32.62,2025,11,Nov,2025-11,2025Q4,Thursday,37347.27,4652.11,1812.78,1315.11,59110.89,18.0,10639.96,1312.98,617.59,352.51,11050.15,26297.12,24984.14,24719.06,22.0,5438.19,19280.87,32.62,44.49,42.27,41.82,63.18,46.61,7.31,2189.29,1043.02,714.11,High Margin (>=20%)
TXN-1989,2025-11-21,Office Supplies,High-Speed Paper Shredder,Phoenix,West,Enterprise,PayPal,Fiona Gallagher,27,175.99,85.66,4751.73,2312.82,358.23,338.17,229.81,3239.03,689.93,14.9,2025,11,Nov,2025-11,2025Q4,Friday,2316.46,391.16,229.81,122.45,4629.28,18.0,833.27,73.13,79.44,38.0,1317.37,999.09,925.96,884.52,22.0,194.59,689.93,14.9,21.58,20.0,19.11,50.04,68.17,7.54,171.45,119.96,25.55,Moderate Margin (5-20%)
TXN-1881,2025-11-24,Hardware,Gigabit Switch 24-Port,Chicago,Midwest,SMB,PayPal,Charlie Davis,2,426.07,253.83,852.14,507.66,53.57,24.09,39.05,624.37,98.02,11.63,2025,11,Nov,2025-11,2025Q4,Monday,335.5,69.5,39.05,8.98,843.16,18.0,151.77,16.63,9.9,2.91,186.21,149.29,132.66,125.67,22.0,27.65,98.02,11.63,17.71,15.73,14.9,39.79,73.27,6.29,421.58,312.18,49.01,Moderate Margin (5-20%)
TXN-1599,2025-11-24,Software,Security Firewall Pro,San Francisco,West,SMB,Wire Transfer,Fiona Gallagher,2,818.12,225.88,1636.24,451.76,125.12,16.43,84.69,678.0,595.55,36.82,2025,11,Nov,2025-11,2025Q4,Monday,1165.79,130.27,84.69,18.69,1617.55,18.0,291.16,29.29,23.61,7.15,356.51,809.28,779.99,763.53,22.0,167.98,595.55,36.82,50.03,48.22,47.2,72.07,41.44,7.65,808.78,339.0,297.77,High Margin (>=20%)
TXN-1852,2025-11-25,Services,Cybersecurity Audit,Miami,East,SMB,Credit Card,Charlie Davis,2,2085.82,793.71,4171.64,1587.42,515.23,19.3,178.1,2300.05,961.74,23.52,2025,11,Nov,2025-11,2025Q4,Tuesday,2502.06,448.44,178.1,82.16,4089.48,18.0,736.11,67.39,65.84,25.24,1161.07,1340.99,1273.6,1233.0,22.0,271.26,961.74,23.52,32.79,31.14,30.15,61.18,55.14,12.35,2044.74,1150.03,480.87,High Margin (>=20%)
TXN-1690,2025-11-26,Office Supplies,Standing Desk Converter,New York,East,SMB,Credit Card,Alice Smith,5,277.62,139.62,1388.1,698.1,154.75,30.4,76.04,959.29,185.86,13.8,2025,11,Nov,2025-11,2025Q4,Wednesday,648.58,110.15,76.04,41.42,1346.68,18.0,242.4,24.33,25.03,10.4,371.34,277.24,252.91,238.28,22.0,52.42,185.86,13.8,20.59,18.78,17.69,48.16,69.11,11.15,269.34,191.86,37.17,Moderate Margin (5-20%)
TXN-1615,2025-11-28,Electronics,Ultra-Wide Monitor 34,Seattle,West,Enterprise,Direct Invoice,Fiona Gallagher,28,644.81,373.84,18054.68,10467.52,1643.84,207.84,848.98,13168.18,1549.56,8.68,2025,11,Nov,2025-11,2025Q4,Friday,7376.94,2052.44,848.98,210.22,17844.46,18.0,3212.0,382.99,295.69,41.45,4753.1,2623.84,2240.85,1986.61,22.0,437.05,1549.56,8.68,14.7,12.56,11.13,41.34,72.93,9.1,637.3,470.29,55.34,Moderate Margin (5-20%)
TXN-1489,2025-11-28,Office Supplies,Mesh Office Chair,San Francisco,West,Consumer,Direct Invoice,Alice Smith,5,328.79,157.34,1643.95,786.7,132.08,56.55,59.33,1034.66,246.14,15.31,2025,11,Nov,2025-11,2025Q4,Friday,820.88,193.2,59.33,36.37,1607.58,18.0,289.36,37.99,30.4,4.24,441.16,379.72,341.73,315.57,22.0,69.43,246.14,15.31,23.62,21.26,19.63,51.06,62.94,8.03,321.52,206.93,49.23,Moderate Margin (5-20%)
TXN-1622,2025-11-28,Office Supplies,Standing Desk Converter,New York,East,SMB,PayPal,Diana Prince,2,299.42,143.08,598.84,286.16,72.04,14.38,42.23,414.81,85.39,14.44,2025,11,Nov,2025-11,2025Q4,Friday,305.24,48.19,42.23,7.44,591.4,18.0,106.45,11.57,9.66,2.31,176.84,128.4,116.83,109.48,22.0,24.09,85.39,14.44,21.71,19.75,18.51,51.61,69.27,12.03,295.7,207.4,42.7,Moderate Margin (5-20%)
TXN-1589,2025-11-30,Services,Cybersecurity Audit,Boston,East,Consumer,Credit Card,Bob Jones,6,2207.08,808.86,13242.48,4853.16,1074.55,47.23,481.81,6456.75,4038.63,30.85,2025,11,Nov,2025-11,2025Q4,Sunday,8239.24,1011.76,481.81,150.08,13092.4,18.0,2356.63,293.78,224.25,71.87,2615.35,5623.89,5330.11,5177.73,22.0,1139.1,4038.63,30.85,42.96,40.71,39.55,62.93,48.76,8.11,2182.07,1076.12,673.1,High Margin (>=20%)
TXN-2033,2025-12-01,Electronics,Laptop Pro 15,Boston,East,Consumer,Credit Card,Alice Smith,3,1119.61,714.06,3358.83,2142.18,370.48,33.89,177.55,2724.1,119.78,3.67,2025,12,Dec,2025-12,2025Q4,Monday,1122.41,273.75,177.55,94.24,3264.59,18.0,587.63,75.8,60.54,23.16,855.67,266.74,190.94,153.56,22.0,33.78,119.78,3.67,8.17,5.85,4.7,34.38,81.1,11.03,1088.2,908.03,39.93,Low Margin (0-5%)
TXN-2115,2025-12-01,Services,Cybersecurity Audit,Chicago,Midwest,Enterprise,Wire Transfer,Diana Prince,21,2094.51,793.13,43984.71,16655.73,4799.59,149.83,1319.54,22924.69,10832.76,25.39,2025,12,Dec,2025-12,2025Q4,Monday,26015.76,4382.94,1319.54,1313.22,42671.49,18.0,7680.87,1034.76,665.43,224.48,10651.9,15363.86,14329.1,13888.15,22.0,3055.39,10832.76,25.39,36.0,33.58,32.55,60.97,52.12,10.91,2031.98,1091.65,515.85,High Margin (>=20%)
TXN-1376,2025-12-02,Services,Cybersecurity Audit,Boston,East,SMB,Credit Card,Diana Prince,6,2068.74,775.14,12412.44,4650.84,1200.86,75.13,591.02,6517.85,3345.61,27.28,2025,12,Dec,2025-12,2025Q4,Tuesday,7613.71,1066.83,591.02,147.89,12264.55,18.0,2207.62,239.91,236.36,85.64,2933.84,4679.87,4439.96,4289.24,22.0,943.63,3345.61,27.28,38.16,36.2,34.97,62.08,52.51,9.67,2044.09,1086.31,557.6,High Margin (>=20%)
TXN-2083,2025-12-02,Services,Cloud Migration Consulting,Seattle,West,SMB,Credit Card,Alice Smith,7,3287.84,1140.73,23014.88,7985.11,2315.96,104.88,923.55,11329.5,6540.92,28.98,2025,12,Dec,2025-12,2025Q4,Tuesday,14582.13,2091.57,923.55,447.64,22567.24,18.0,4062.1,408.98,446.96,95.57,5435.96,9146.17,8737.19,8385.8,22.0,1844.88,6540.92,28.98,40.53,38.72,37.16,64.62,49.23,10.06,3223.89,1618.5,934.42,High Margin (>=20%)
TXN-1006,2025-12-02,Services,Annual IT Maintenance Plan,Boston,East,SMB,Direct Invoice,Bob Jones,1,1736.91,602.56,1736.91,602.56,123.8,13.02,70.05,809.43,546.19,32.27,2025,12,Dec,2025-12,2025Q4,Tuesday,1090.22,135.13,70.05,44.13,1692.78,18.0,304.7,36.58,20.54,9.15,342.0,748.22,711.64,700.25,22.0,154.06,546.19,32.27,44.2,42.04,41.37,64.4,46.6,7.13,1692.78,809.43,546.19,High Margin (>=20%)
TXN-1980,2025-12-02,Electronics,Wireless Noise-Canceling Headset,San Francisco,West,Consumer,Direct Invoice,Fiona Gallagher,5,231.0,118.52,1155.0,592.6,152.07,38.73,47.2,830.6,113.27,10.01,2025,12,Dec,2025-12,2025Q4,Tuesday,539.01,115.32,47.2,23.39,1131.61,18.0,203.69,25.4,19.01,3.94,353.32,185.69,160.29,145.22,22.0,31.95,113.27,10.01,16.41,14.16,12.83,47.63,71.91,13.17,226.32,166.12,22.65,Moderate Margin (5-20%)
TXN-1921,2025-12-03,Services,Cloud Migration Consulting,Boston,East,Enterprise,PayPal,Fiona Gallagher,6,3418.39,1248.71,20510.34,7492.26,2708.95,88.59,939.18,11228.98,4424.31,22.15,2025,12,Dec,2025-12,2025Q4,Wednesday,12483.33,2326.35,939.18,534.75,19975.59,18.0,3595.61,420.14,381.83,53.9,6063.07,6420.26,6000.12,5672.19,22.0,1247.88,4424.31,22.15,32.14,30.04,28.4,62.49,54.75,13.21,3329.26,1871.5,737.39,High Margin (>=20%)
TXN-1820,2025-12-03,Electronics,Wireless Noise-Canceling Headset,Seattle,West,Enterprise,Wire Transfer,Fiona Gallagher,21,251.39,116.39,5279.19,2444.19,531.47,138.05,230.86,3344.57,928.5,18.01,2025,12,Dec,2025-12,2025Q4,Wednesday,2712.12,458.02,230.86,122.88,5156.31,18.0,928.14,117.85,62.14,16.66,1358.4,1353.72,1235.87,1190.39,22.0,261.89,928.5,18.01,26.25,23.97,23.09,52.6,63.35,10.07,245.54,159.27,44.21,Moderate Margin (5-20%)
TXN-1151,2025-12-03,Services,Cybersecurity Audit,Phoenix,West,SMB,Wire Transfer,Fiona Gallagher,7,2282.23,821.54,15975.61,5750.78,972.64,64.13,543.29,7330.84,4551.94,29.29,2025,12,Dec,2025-12,2025Q4,Wednesday,9788.05,1843.8,543.29,436.78,15538.83,18.0,2796.99,295.36,302.83,69.82,3423.86,6364.19,6068.83,5835.82,22.0,1283.88,4551.94,29.29,40.96,39.06,37.56,62.99,45.89,6.09,2219.83,1047.26,650.28,High Margin (>=20%)
TXN-1486,2025-12-03,Office Supplies,Mesh Office Chair,Boston,East,Enterprise,Credit Card,Bob Jones,9,338.35,159.42,3045.15,1434.78,373.77,130.22,101.92,2040.69,377.2,12.73,2025,12,Dec,2025-12,2025Q4,Wednesday,1527.42,350.37,101.92,82.95,2962.2,18.0,533.2,74.33,32.28,19.06,956.28,571.14,496.81,483.59,22.0,106.39,377.2,12.73,19.28,16.77,16.33,51.56,67.01,12.27,329.13,226.74,41.91,Moderate Margin (5-20%)
TXN-1792,2025-12-05,Software,Enterprise ERP License,Houston,South,SMB,Wire Transfer,Evan Wright,4,2390.35,505.61,9561.4,2022.44,904.87,22.84,346.69,3296.84,3790.88,40.18,2025,12,Dec,2025-12,2025Q4,Friday,7412.96,949.56,346.69,126.0,9435.4,18.0,1698.37,230.79,147.37,49.26,2223.96,5189.0,4958.21,4860.1,22.0,1069.22,3790.88,40.18,55.0,52.55,51.51,78.57,34.48,9.46,2358.85,824.21,947.72,High Margin (>=20%)
TXN-2045,2025-12-05,Software,Data Analytics Suite,Los Angeles,West,Government,PayPal,Bob Jones,11,1506.2,308.75,16568.2,3396.25,1146.91,157.04,725.7,5425.9,6416.08,39.8,2025,12,Dec,2025-12,2025Q4,Friday,12722.72,1893.73,725.7,449.23,16118.97,18.0,2901.41,411.08,282.49,119.97,3923.38,8799.34,8388.26,8225.74,22.0,1809.66,6416.08,39.8,54.59,52.04,51.03,78.93,32.75,6.92,1465.36,493.26,583.28,High Margin (>=20%)
TXN-1568,2025-12-06,Services,Cybersecurity Audit,Houston,South,Government,Direct Invoice,Diana Prince,28,2052.17,788.76,57460.76,22085.28,7393.45,205.13,1723.82,31407.68,14103.22,25.03,2025,12,Dec,2025-12,2025Q4,Saturday,34253.83,5279.14,1723.82,1121.65,56339.11,18.0,10141.04,1184.88,629.18,242.82,14601.54,19652.29,18467.41,18081.05,22.0,3977.83,14103.22,25.03,34.88,32.78,32.09,60.8,54.66,12.87,2012.11,1121.7,503.69,High Margin (>=20%)
TXN-1771,2025-12-06,Hardware,Gigabit Switch 24-Port,Houston,South,Government,Wire Transfer,Fiona Gallagher,34,460.99,248.59,15673.66,8452.06,1599.44,338.86,470.21,10860.57,2388.18,15.4,2025,12,Dec,2025-12,2025Q4,Saturday,7057.28,1183.86,470.21,164.32,15509.34,18.0,2791.68,337.79,188.44,123.09,3592.37,3464.91,3127.12,3061.77,22.0,673.59,2388.18,15.4,22.34,20.16,19.74,45.5,69.29,10.2,456.16,319.43,70.24,Moderate Margin (5-20%)
TXN-2164,2025-12-06,Services,Cybersecurity Audit,Houston,South,Enterprise,Wire Transfer,Bob Jones,14,2051.97,799.53,28727.58,11193.42,2552.35,192.14,1304.55,15242.46,7113.87,25.26,2025,12,Dec,2025-12,2025Q4,Saturday,16967.65,3078.89,1304.55,566.51,28161.07,18.0,5068.99,551.17,358.69,190.49,7127.93,9839.72,9288.55,9120.35,22.0,2006.48,7113.87,25.26,34.94,32.98,32.39,60.25,53.06,8.88,2011.5,1088.75,508.13,High Margin (>=20%)
TXN-1587,2025-12-06,Electronics,Smart Display 10,Miami,East,Consumer,PayPal,Alice Smith,7,348.72,209.89,2441.04,1469.23,279.09,40.19,134.47,1922.98,178.18,7.47,2025,12,Dec,2025-12,2025Q4,Saturday,916.32,180.13,134.47,55.49,2385.55,18.0,429.4,37.88,27.54,11.41,633.88,282.44,244.56,228.43,22.0,50.25,178.18,7.47,11.84,10.25,9.58,38.41,78.78,11.43,340.79,274.71,25.45,Moderate Margin (5-20%)
TXN-1047,2025-12-09,Services,Cloud Migration Consulting,Miami,East,SMB,Credit Card,Evan Wright,5,3643.97,1185.34,18219.85,5926.7,1444.59,35.25,546.6,7953.14,6260.16,34.8,2025,12,Dec,2025-12,2025Q4,Tuesday,12063.13,1559.36,546.6,230.02,17989.83,18.0,3238.17,320.55,270.98,140.05,3585.8,8477.33,8156.78,8025.85,22.0,1765.69,6260.16,34.8,47.12,45.34,44.61,67.06,43.65,7.93,3597.97,1590.63,1252.03,High Margin (>=20%)
TXN-1229,2025-12-13,Services,Cybersecurity Audit,Miami,East,SMB,Wire Transfer,Alice Smith,5,2199.5,790.81,10997.5,3954.05,1421.6,48.8,329.92,5754.37,2636.74,24.53,2025,12,Dec,2025-12,2025Q4,Saturday,6792.9,1260.34,329.92,250.55,10746.95,18.0,1934.45,219.27,202.45,69.91,3060.66,3732.24,3512.97,3380.43,22.0,743.69,2636.74,24.53,34.73,32.69,31.45,63.21,52.32,12.93,2149.39,1150.87,527.35,High Margin (>=20%)
TXN-1975,2025-12-13,Software,Cloud Storage Annual,Chicago,Midwest,SMB,Credit Card,Diana Prince,6,404.42,81.92,2426.52,491.52,297.71,48.11,106.25,943.59,920.7,38.5,2025,12,Dec,2025-12,2025Q4,Saturday,1899.71,173.64,106.25,35.29,2391.23,18.0,430.42,56.17,42.71,5.26,625.71,1274.0,1217.83,1180.38,22.0,259.68,920.7,38.5,53.28,50.93,49.36,79.44,38.89,12.27,398.54,157.27,153.45,High Margin (>=20%)
TXN-1116,2025-12-14,Office Supplies,Standing Desk Converter,Austin,South,Enterprise,Credit Card,Diana Prince,21,296.5,143.18,6226.5,3006.78,743.55,194.35,201.74,4146.42,814.66,13.39,2025,12,Dec,2025-12,2025Q4,Sunday,3077.31,707.16,201.74,142.41,6084.09,18.0,1095.14,151.08,81.68,46.69,1846.8,1230.51,1079.43,1044.44,22.0,229.78,814.66,13.39,20.23,17.74,17.17,50.58,66.59,11.94,289.72,197.45,38.79,Moderate Margin (5-20%)
TXN-1425,2025-12-15,Software,Enterprise ERP License,Houston,South,SMB,Credit Card,Fiona Gallagher,1,2332.23,482.36,2332.23,482.36,195.53,5.9,114.27,798.06,983.93,42.77,2025,12,Dec,2025-12,2025Q4,Monday,1818.37,169.97,114.27,31.5,2300.73,18.0,414.13,42.49,39.02,10.26,485.67,1332.7,1290.21,1261.45,22.0,277.52,983.93,42.77,57.93,56.08,54.83,79.03,34.22,8.38,2300.73,798.06,983.93,High Margin (>=20%)
TXN-1248,2025-12-15,Electronics,Laptop Pro 15,Houston,South,Enterprise,Credit Card,Fiona Gallagher,6,1234.47,729.37,7406.82,4376.22,700.02,73.15,283.22,5432.61,525.68,7.29,2025,12,Dec,2025-12,2025Q4,Monday,2832.38,876.47,283.22,198.22,7208.6,18.0,1297.55,148.17,115.71,38.31,1932.86,899.52,751.35,673.95,22.0,148.27,525.68,7.29,12.48,10.42,9.35,39.29,73.35,9.45,1201.43,905.44,87.61,Moderate Margin (5-20%)
TXN-1697,2025-12-16,Office Supplies,Mesh Office Chair,Boston,East,Enterprise,Wire Transfer,Charlie Davis,20,307.69,156.68,6153.8,3133.6,716.45,247.09,191.66,4288.8,794.8,13.21,2025,12,Dec,2025-12,2025Q4,Tuesday,2882.85,519.57,191.66,137.35,6016.45,18.0,1082.96,152.43,70.37,33.7,1674.77,1208.08,1055.65,1018.98,22.0,224.18,794.8,13.21,20.08,17.55,16.94,47.92,69.69,11.64,300.82,214.44,39.74,Moderate Margin (5-20%)
TXN-2021,2025-12-16,Software,Cloud Storage Annual,Miami,East,Enterprise,Direct Invoice,Bob Jones,25,394.27,77.54,9856.75,1938.5,1178.97,156.76,295.7,3569.93,3649.74,37.94,2025,12,Dec,2025-12,2025Q4,Tuesday,7680.96,1033.69,295.7,237.29,9619.46,18.0,1731.5,223.19,183.06,69.57,2665.12,5015.84,4792.65,4679.16,22.0,1029.42,3649.74,37.94,52.14,49.82,48.64,79.85,36.22,11.96,384.78,142.8,145.99,High Margin (>=20%)
TXN-1593,2025-12-17,Office Supplies,Mesh Office Chair,Houston,South,Enterprise,PayPal,Alice Smith,15,335.13,159.63,5026.95,2394.45,354.25,110.33,260.42,3119.45,987.3,20.05,2025,12,Dec,2025-12,2025Q4,Wednesday,2530.73,397.6,260.42,101.77,4925.18,18.0,886.53,103.19,75.4,36.23,1122.6,1408.13,1304.94,1265.77,22.0,278.47,987.3,20.05,28.59,26.5,25.7,51.38,62.05,7.05,328.35,207.96,65.82,High Margin (>=20%)
TXN-1247,2025-12-18,Electronics,Smart Display 10,Chicago,Midwest,SMB,Credit Card,Charlie Davis,2,358.77,194.81,717.54,389.62,54.05,28.36,36.54,508.57,76.46,10.92,2025,12,Dec,2025-12,2025Q4,Thursday,310.8,65.59,36.54,17.12,700.42,18.0,126.08,17.63,14.14,3.54,184.54,126.26,108.63,98.03,22.0,21.57,76.46,10.92,18.03,15.51,14.0,44.37,70.88,7.53,350.21,254.28,38.23,Moderate Margin (5-20%)
TXN-2094,2025-12-18,Electronics,Wireless Noise-Canceling Headset,New York,East,SMB,Direct Invoice,Charlie Davis,7,236.47,118.43,1655.29,829.01,112.39,75.03,49.66,1066.09,263.53,16.25,2025,12,Dec,2025-12,2025Q4,Thursday,792.63,158.3,49.66,33.65,1621.64,18.0,291.9,39.44,25.17,5.22,395.38,397.25,357.81,337.86,22.0,74.33,263.53,16.25,24.5,22.06,20.83,48.88,64.41,6.79,231.66,152.3,37.65,Moderate Margin (5-20%)
TXN-1607,2025-12-18,Electronics,Laptop Pro 15,Phoenix,West,Enterprise,Wire Transfer,Fiona Gallagher,10,1227.38,776.24,12273.8,7762.4,1023.65,66.75,392.21,9245.01,1063.69,8.87,2025,12,Dec,2025-12,2025Q4,Thursday,4226.31,985.79,392.21,285.09,11988.71,18.0,2157.97,295.32,194.61,95.73,2468.4,1757.91,1462.59,1363.71,22.0,300.02,1063.69,8.87,14.66,12.2,11.37,35.25,75.32,8.34,1198.87,924.5,106.37,Moderate Margin (5-20%)
TXN-1908,2025-12-19,Hardware,NAS Storage Enclosure,Austin,South,Enterprise,Wire Transfer,Charlie Davis,8,810.67,465.85,6485.36,3726.8,541.09,67.69,293.63,4629.21,747.08,11.85,2025,12,Dec,2025-12,2025Q4,Friday,2576.17,564.82,293.63,182.39,6302.97,18.0,1134.53,101.74,66.41,17.0,1467.23,1108.94,1007.2,957.79,22.0,210.71,747.08,11.85,17.59,15.98,15.2,40.87,71.38,8.34,787.87,578.65,93.38,Moderate Margin (5-20%)
TXN-1424,2025-12-20,Electronics,Ultra-Wide Monitor 34,New York,East,Enterprise,PayPal,Bob Jones,6,637.34,380.66,3824.04,2283.96,355.82,41.96,130.37,2812.11,326.31,8.79,2025,12,Dec,2025-12,2025Q4,Saturday,1428.6,362.22,130.37,111.48,3712.56,18.0,668.26,65.85,69.83,15.79,890.37,538.23,472.38,418.34,22.0,92.03,326.31,8.79,14.5,12.72,11.27,38.48,73.54,9.3,618.76,468.68,54.38,Moderate Margin (5-20%)
TXN-2156,2025-12-24,Services,Cloud Migration Consulting,Los Angeles,West,Consumer,Direct Invoice,Charlie Davis,1,3351.27,1203.9,3351.27,1203.9,231.71,10.49,100.54,1546.64,1004.5,30.35,2025,12,Dec,2025-12,2025Q4,Wednesday,2105.78,360.72,100.54,41.59,3309.68,18.0,595.74,71.18,62.54,19.22,703.46,1402.32,1331.14,1287.82,22.0,283.32,1004.5,30.35,42.37,40.22,38.91,63.62,46.15,6.91,3309.68,1546.64,1004.5,High Margin (>=20%)
TXN-1109,2025-12-26,Services,Annual IT Maintenance Plan,Boston,East,Consumer,PayPal,Evan Wright,1,1659.35,574.35,1659.35,574.35,151.66,9.8,76.06,811.87,495.28,30.36,2025,12,Dec,2025-12,2025Q4,Friday,1057.14,135.14,76.06,27.86,1631.49,18.0,293.67,38.94,21.27,10.7,372.66,684.48,645.54,634.97,22.0,139.69,495.28,30.36,41.95,39.57,38.92,64.8,48.93,9.14,1631.49,811.87,495.28,High Margin (>=20%)
TXN-1055,2025-12-26,Software,Security Firewall Pro,Phoenix,West,SMB,Wire Transfer,Evan Wright,2,786.99,214.55,1573.98,429.1,184.26,27.9,74.8,716.06,486.31,31.65,2025,12,Dec,2025-12,2025Q4,Friday,1107.56,157.23,74.8,37.32,1536.66,18.0,276.6,32.75,16.22,9.08,444.19,663.37,630.62,623.48,22.0,137.17,486.31,31.65,43.17,41.04,40.57,72.08,45.49,11.71,768.33,358.03,243.16,High Margin (>=20%)
TXN-1340,2025-12-26,Office Supplies,Mesh Office Chair,New York,East,SMB,Direct Invoice,Charlie Davis,5,345.11,152.41,1725.55,762.05,186.85,57.98,78.64,1085.52,340.76,20.16,2025,12,Dec,2025-12,2025Q4,Friday,928.12,129.23,78.64,35.38,1690.17,18.0,304.23,27.19,24.47,13.11,452.7,475.42,448.23,436.87,22.0,96.11,340.76,20.16,28.13,26.52,25.85,54.91,62.91,10.83,338.03,217.1,68.15,High Margin (>=20%)
TXN-1245,2025-12-28,Software,Security Firewall Pro,Los Angeles,West,Consumer,Direct Invoice,Charlie Davis,6,840.3,209.64,5041.8,1257.84,496.47,69.75,151.25,1975.31,1921.95,39.19,2025,12,Dec,2025-12,2025Q4,Sunday,3646.0,356.82,151.25,137.96,4903.84,18.0,882.69,78.06,58.55,28.94,1074.29,2571.71,2493.65,2464.04,22.0,542.09,1921.95,39.19,52.44,50.85,50.25,74.35,39.18,9.85,817.31,329.22,320.32,High Margin (>=20%)
TXN-2125,2025-12-28,Hardware,NAS Storage Enclosure,Chicago,Midwest,Consumer,Credit Card,Fiona Gallagher,7,784.21,472.25,5489.47,3305.75,618.31,85.24,204.92,4214.22,332.57,6.22,2025,12,Dec,2025-12,2025Q4,Sunday,2038.38,564.11,204.92,145.34,5344.13,18.0,961.94,91.54,66.95,19.06,1472.58,565.8,474.26,426.37,22.0,93.8,332.57,6.22,10.59,8.87,7.98,38.14,76.77,11.26,763.45,602.03,47.51,Moderate Margin (5-20%)
TXN-1455,2025-12-30,Electronics,Ultra-Wide Monitor 34,Los Angeles,West,SMB,Wire Transfer,Fiona Gallagher,7,599.73,373.88,4198.11,2617.16,519.11,40.42,139.2,3315.89,315.0,7.59,2025,12,Dec,2025-12,2025Q4,Tuesday,1531.61,317.21,139.2,49.34,4148.77,18.0,746.78,67.25,74.71,30.13,1015.94,515.67,448.42,403.84,22.0,88.84,315.0,7.59,12.43,10.81,9.73,36.92,78.99,12.37,592.68,473.7,45.0,Moderate Margin (5-20%)
TXN-1787,2025-12-31,Electronics,Smart Display 10,Chicago,Midwest,Consumer,Wire Transfer,Evan Wright,7,341.5,204.2,2390.5,1429.4,213.02,93.33,103.48,1839.23,136.62,5.86,2025,12,Dec,2025-12,2025Q4,Wednesday,902.39,237.06,103.48,58.71,2331.79,18.0,419.72,44.39,46.85,10.9,646.89,255.5,211.11,175.16,22.0,38.54,136.62,5.86,10.96,9.05,7.51,38.7,76.94,8.91,333.11,262.75,19.52,Moderate Margin (5-20%)
TXN-1217,2025-12-31,Software,Security Firewall Pro,Miami,East,SMB,PayPal,Diana Prince,7,912.02,213.41,6384.14,1493.87,438.85,94.78,234.51,2262.01,2582.85,40.9,2025,12,Dec,2025-12,2025Q4,Wednesday,4821.41,550.76,234.51,68.86,6315.28,18.0,1136.75,118.76,86.77,14.36,1318.9,3502.51,3383.75,3311.34,22.0,728.49,2582.85,40.9,55.46,53.58,52.43,76.35,35.43,6.87,902.18,323.14,368.98,High Margin (>=20%)
TXN-2168,2025-12-31,Software,Enterprise ERP License,Seattle,West,Enterprise,Wire Transfer,Bob Jones,19,2574.36,503.01,48912.84,9557.19,3732.55,266.54,1467.39,15023.67,20837.89,43.52,2025,12,Dec,2025-12,2025Q4,Wednesday,38320.03,4664.98,1467.39,1035.62,47877.22,18.0,8617.9,1060.05,536.75,123.48,10131.46,28188.57,27128.52,26715.25,22.0,5877.36,20837.89,43.52,58.88,56.66,55.8,80.04,30.72,7.63,2519.85,790.72,1096.73,High Margin (>=20%)
TXN-1625,2025-12-31,Software,Data Analytics Suite,Los Angeles,West,SMB,Direct Invoice,Fiona Gallagher,2,1430.53,300.04,2861.06,600.08,225.14,18.19,146.22,989.63,1123.82,40.2,2025,12,Dec,2025-12,2025Q4,Wednesday,2195.52,288.72,146.22,65.46,2795.6,18.0,503.21,44.53,45.29,13.36,678.27,1517.25,1472.72,1440.79,22.0,316.97,1123.82,40.2,54.27,52.68,51.54,78.53,34.59,7.87,1397.8,494.82,561.91,High Margin (>=20%)
TXN-1734,2025-12-31,Hardware,Gigabit Switch 24-Port,Chicago,Midwest,Consumer,Direct Invoice,Charlie Davis,1,424.79,261.87,424.79,261.87,34.11,7.28,19.76,323.02,30.24,7.28,2025,12,Dec,2025-12,2025Q4,Wednesday,153.54,40.84,19.76,9.38,415.41,18.0,74.77,8.68,6.98,2.88,101.99,51.55,42.87,38.77,22.0,8.53,30.24,7.28,12.41,10.32,9.33,36.96,76.04,8.03,415.41,323.02,30.24,Moderate Margin (5-20%)
TXN-1573,2026-01-01,Office Supplies,Ergonomic Executive Desk,Miami,East,Government,PayPal,Fiona Gallagher,37,850.25,447.19,31459.25,16546.03,2742.47,451.04,943.78,20683.32,4715.15,15.42,2026,1,Jan,2026-01,2026Q1,Thursday,14037.34,2825.89,943.78,875.88,30583.37,18.0,5505.01,719.22,454.3,144.42,6963.18,7074.16,6354.94,6045.06,22.0,1329.91,4715.15,15.42,23.13,20.78,19.77,45.9,65.75,8.72,826.58,559.01,127.44,Moderate Margin (5-20%)
TXN-1686,2026-01-01,Hardware,Gigabit Switch 24-Port,Boston,East,Enterprise,PayPal,Alice Smith,11,457.18,267.19,5028.98,2939.09,603.14,91.17,215.51,3848.91,344.23,6.98,2026,1,Jan,2026-01,2026Q1,Thursday,1993.18,492.03,215.51,96.71,4932.27,18.0,887.81,109.64,80.22,39.85,1401.85,591.33,481.69,441.32,22.0,97.09,344.23,6.98,11.99,9.77,8.95,40.41,76.53,11.99,448.39,349.9,31.29,Moderate Margin (5-20%)
TXN-1541,2026-01-01,Software,Cloud Storage Annual,Houston,South,SMB,PayPal,Diana Prince,5,374.71,78.14,1873.55,390.7,190.38,53.29,65.01,699.38,669.66,36.72,2026,1,Jan,2026-01,2026Q1,Thursday,1433.11,220.52,65.01,49.74,1823.81,18.0,328.29,33.07,25.16,12.86,529.2,903.91,870.84,858.54,22.0,188.88,669.66,36.72,49.56,47.75,47.07,78.58,37.33,10.16,364.76,139.88,133.93,High Margin (>=20%)
TXN-1305,2026-01-03,Hardware,NAS Storage Enclosure,Houston,South,Government,Credit Card,Alice Smith,19,834.66,460.08,15858.54,8741.52,1440.71,108.5,475.76,10766.49,1978.31,12.7,2026,1,Jan,2026-01,2026Q1,Saturday,6837.85,1685.84,475.76,279.17,15579.37,18.0,2804.29,360.01,292.47,61.74,3710.81,3127.04,2767.03,2536.3,22.0,557.99,1978.31,12.7,20.07,17.76,16.28,43.89,67.89,9.08,819.97,566.66,104.12,Moderate Margin (5-20%)
TXN-1049,2026-01-03,Office Supplies,Ergonomic Executive Desk,New York,East,Enterprise,PayPal,Evan Wright,25,868.95,463.73,21723.75,11593.25,2873.01,279.32,1053.45,15799.03,2067.46,9.8,2026,1,Jan,2026-01,2026Q1,Saturday,9513.18,2114.49,1053.45,617.32,21106.43,18.0,3799.16,338.38,346.91,142.97,6320.27,3192.91,2854.53,2650.59,22.0,583.13,2067.46,9.8,15.13,13.52,12.56,45.07,72.73,13.23,844.26,631.96,82.7,Moderate Margin (5-20%)
TXN-1435,2026-01-03,Services,Cybersecurity Audit,Los Angeles,West,SMB,Direct Invoice,Charlie Davis,6,2096.86,828.11,12581.16,4968.66,839.68,51.37,505.88,6365.59,3589.48,29.37,2026,1,Jan,2026-01,2026Q1,Saturday,7253.39,933.59,505.88,359.11,12222.05,18.0,2199.97,238.77,145.46,63.26,2330.52,4922.87,4684.1,4601.9,22.0,1012.42,3589.48,29.37,40.28,38.32,37.65,59.35,50.6,6.67,2037.01,1060.93,598.25,High Margin (>=20%)
TXN-1023,2026-01-04,Software,Data Analytics Suite,Los Angeles,West,Enterprise,Wire Transfer,Fiona Gallagher,27,1413.62,300.55,38167.74,8114.85,4969.05,335.01,1533.11,14952.02,14126.83,37.72,2026,1,Jan,2026-01,2026Q1,Sunday,29341.19,3229.27,1533.11,711.7,37456.04,18.0,6742.09,861.15,464.96,162.68,10066.44,19274.75,18413.6,18111.32,22.0,3984.49,14126.83,37.72,51.46,49.16,48.35,78.34,39.17,13.02,1387.26,553.78,523.22,High Margin (>=20%)
TXN-1235,2026-01-05,Services,Annual IT Maintenance Plan,New York,East,SMB,PayPal,Diana Prince,1,1763.06,570.08,1763.06,570.08,148.07,11.46,111.68,841.29,545.31,31.33,2026,1,Jan,2026-01,2026Q1,Monday,1170.43,140.63,111.68,22.55,1740.51,18.0,313.29,39.02,25.73,5.28,411.84,758.59,719.57,699.12,22.0,153.81,545.31,31.33,43.58,41.34,40.17,67.25,47.72,8.4,1740.51,841.29,545.31,High Margin (>=20%)
TXN-1354,2026-01-06,Services,Annual IT Maintenance Plan,Austin,South,Enterprise,Credit Card,Fiona Gallagher,20,1717.15,577.32,34343.0,11546.4,3987.59,122.69,1657.9,17314.58,9824.57,29.42,2026,1,Jan,2026-01,2026Q1,Tuesday,21845.84,2683.79,1657.9,950.76,33392.24,18.0,6010.6,633.69,389.95,225.37,8451.97,13393.87,12760.18,12595.6,22.0,2771.03,9824.57,29.42,40.11,38.21,37.72,65.42,50.42,11.61,1669.61,865.73,491.23,High Margin (>=20%)
TXN-1328,2026-01-08,Office Supplies,High-Speed Paper Shredder,Boston,East,SMB,Direct Invoice,Alice Smith,7,172.91,92.52,1210.37,647.64,82.18,40.3,46.67,816.79,168.1,14.12,2026,1,Jan,2026-01,2026Q1,Thursday,543.19,121.75,46.67,19.54,1190.83,18.0,214.35,20.92,20.09,4.23,290.9,252.29,231.37,215.51,22.0,47.41,168.1,14.12,21.19,19.43,18.1,45.61,67.48,6.79,170.12,116.68,24.01,Moderate Margin (5-20%)
TXN-1131,2026-01-09,Office Supplies,High-Speed Paper Shredder,Phoenix,West,Consumer,Wire Transfer,Diana Prince,3,180.61,92.9,541.83,278.7,51.19,41.9,42.83,414.62,39.76,7.5,2026,1,Jan,2026-01,2026Q1,Friday,251.69,49.24,42.83,11.44,530.39,18.0,95.47,11.79,6.23,2.46,185.16,66.53,54.74,50.97,22.0,11.21,39.76,7.5,12.54,10.32,9.61,47.45,76.52,9.45,176.8,138.21,13.25,Moderate Margin (5-20%)
TXN-1802,2026-01-09,Hardware,Gigabit Switch 24-Port,San Francisco,West,Consumer,PayPal,Diana Prince,6,483.11,264.64,2898.66,1587.84,306.23,86.74,116.31,2097.12,345.1,12.09,2026,1,Jan,2026-01,2026Q1,Friday,1267.52,225.01,116.31,43.3,2855.36,18.0,513.96,58.06,44.02,11.29,734.29,533.23,475.17,442.44,22.0,97.34,345.1,12.09,18.67,16.64,15.5,44.39,72.35,10.56,475.89,349.52,57.52,Moderate Margin (5-20%)
TXN-1670,2026-01-09,Office Supplies,Standing Desk Converter,Los Angeles,West,SMB,Wire Transfer,Bob Jones,3,265.19,141.69,795.57,425.07,93.49,32.09,43.76,594.41,66.44,8.56,2026,1,Jan,2026-01,2026Q1,Friday,350.99,67.03,43.76,19.51,776.06,18.0,139.69,17.31,15.44,3.31,236.37,114.62,97.31,85.18,22.0,18.74,66.44,8.56,14.77,12.54,10.98,45.23,74.71,11.75,258.69,198.14,22.15,Moderate Margin (5-20%)
TXN-1339,2026-01-10,Software,Security Firewall Pro,Austin,South,Enterprise,PayPal,Charlie Davis,14,782.87,230.52,10960.18,3227.28,1504.39,125.32,459.03,5316.02,3226.32,29.84,2026,1,Jan,2026-01,2026Q1,Saturday,7583.53,1027.06,459.03,149.37,10810.81,18.0,1945.95,269.92,128.34,66.84,3115.8,4467.73,4197.81,4136.31,22.0,909.99,3226.32,29.84,41.33,38.83,38.26,70.15,48.5,13.73,772.2,379.72,230.45,High Margin (>=20%)
TXN-2044,2026-01-12,Services,Cybersecurity Audit,Boston,East,Enterprise,Direct Invoice,Fiona Gallagher,28,2371.19,803.95,66393.32,22510.6,4358.97,291.47,3011.06,30172.1,19688.25,30.57,2026,1,Jan,2026-01,2026Q1,Monday,41896.98,6725.28,3011.06,1985.74,64407.58,18.0,11593.36,1656.93,751.36,139.43,14386.78,27510.2,25853.27,25241.34,22.0,5553.09,19688.25,30.57,42.71,40.14,39.19,65.05,45.44,6.57,2300.27,1077.58,703.15,High Margin (>=20%)
TXN-1267,2026-01-14,Office Supplies,High-Speed Paper Shredder,Boston,East,Consumer,Credit Card,Charlie Davis,2,178.53,91.01,357.06,182.02,27.51,28.78,33.74,272.05,21.73,6.27,2026,1,Jan,2026-01,2026Q1,Wednesday,164.49,37.44,33.74,10.55,346.51,18.0,62.37,5.84,5.05,1.73,127.47,37.02,31.18,27.86,22.0,6.13,21.73,6.27,10.68,9.0,8.04,47.47,76.19,7.7,173.26,136.02,10.86,Moderate Margin (5-20%)
TXN-1846,2026-01-16,Electronics,Ultra-Wide Monitor 34,New York,East,Enterprise,Direct Invoice,Diana Prince,28,681.21,374.15,19073.88,10476.2,1407.82,140.74,638.75,12663.51,2797.58,15.03,2026,1,Jan,2026-01,2026Q1,Friday,8131.2,1730.6,638.75,466.48,18607.4,18.0,3349.33,318.86,377.32,69.53,3917.91,4213.29,3894.43,3586.64,22.0,789.06,2797.58,15.03,22.64,20.93,19.28,43.7,66.39,7.38,664.55,452.27,99.91,Moderate Margin (5-20%)
TXN-1550,2026-01-17,Electronics,Laptop Pro 15,Chicago,Midwest,SMB,Credit Card,Alice Smith,1,1283.22,766.77,1283.22,766.77,136.25,11.48,49.55,964.05,91.48,7.22,2026,1,Jan,2026-01,2026Q1,Saturday,500.1,139.38,49.55,16.35,1266.87,18.0,228.04,31.22,22.84,7.9,336.66,163.44,132.22,117.28,22.0,25.8,91.48,7.22,12.9,10.44,9.26,39.48,75.13,10.62,1266.87,964.05,91.48,Moderate Margin (5-20%)
TXN-1834,2026-01-17,Software,Enterprise ERP License,Seattle,West,Consumer,Direct Invoice,Alice Smith,3,2424.55,518.59,7273.65,1555.77,527.12,21.19,301.92,2406.0,3002.88,42.54,2026,1,Jan,2026-01,2026Q1,Saturday,5503.74,573.3,301.92,214.14,7059.51,18.0,1270.71,113.3,139.83,22.76,1423.53,4080.21,3966.91,3849.84,22.0,846.96,3002.88,42.54,57.8,56.19,54.53,77.96,33.08,7.25,2353.17,802.0,1000.96,High Margin (>=20%)
TXN-1848,2026-01-18,Services,Cloud Migration Consulting,Boston,East,Consumer,Direct Invoice,Fiona Gallagher,5,3761.06,1238.52,18805.3,6192.6,1435.95,34.31,564.16,8227.02,5688.53,31.0,2026,1,Jan,2026-01,2026Q1,Sunday,12158.43,2253.7,564.16,454.27,18351.03,18.0,3303.19,359.55,338.34,120.57,4288.12,7870.31,7510.76,7292.99,22.0,1604.46,5688.53,31.0,42.89,40.93,39.74,66.25,43.75,7.64,3670.21,1645.4,1137.71,High Margin (>=20%)
TXN-1722,2026-01-18,Electronics,Smart Display 10,Los Angeles,West,Government,Direct Invoice,Charlie Davis,16,367.38,205.94,5878.08,3295.04,412.67,224.53,257.75,4189.99,764.24,13.13,2026,1,Jan,2026-01,2026Q1,Sunday,2523.88,464.73,257.75,59.16,5818.92,18.0,1047.41,102.72,113.8,32.12,1359.68,1164.2,1061.48,979.8,22.0,215.56,764.24,13.13,20.01,18.24,16.84,43.37,71.28,7.02,363.68,261.87,47.76,Moderate Margin (5-20%)
TXN-1620,2026-01-20,Electronics,Wireless Noise-Canceling Headset,Seattle,West,SMB,PayPal,Evan Wright,5,249.67,123.41,1248.35,617.05,133.22,29.12,61.4,840.79,165.52,13.5,2026,1,Jan,2026-01,2026Q1,Tuesday,609.28,134.09,61.4,22.02,1226.33,18.0,220.74,28.51,15.63,4.9,357.83,251.45,222.94,212.21,22.0,46.69,165.52,13.5,20.5,18.18,17.3,49.68,67.35,10.67,245.27,168.16,33.1,Moderate Margin (5-20%)
TXN-1203,2026-01-20,Hardware,Rack Server Blade X,New York,East,SMB,PayPal,Alice Smith,7,3155.29,2130.68,22087.03,14914.76,2467.47,97.16,832.04,18311.43,836.93,3.83,2026,1,Jan,2026-01,2026Q1,Tuesday,6935.2,1724.59,832.04,237.07,21849.96,18.0,3932.99,496.66,401.71,157.42,5121.26,1813.94,1317.28,1072.99,22.0,236.06,836.93,3.83,8.3,6.03,4.91,31.74,82.91,11.17,3121.42,2615.92,119.56,Low Margin (0-5%)
TXN-1449,2026-01-21,Hardware,Rack Server Blade X,Austin,South,SMB,PayPal,Diana Prince,2,3427.43,2204.06,6854.86,4408.12,658.22,15.05,250.43,5331.82,392.06,5.87,2026,1,Jan,2026-01,2026Q1,Wednesday,2270.98,608.8,250.43,175.76,6679.1,18.0,1202.24,141.49,126.85,32.5,1532.5,738.48,596.99,502.64,22.0,110.58,392.06,5.87,11.06,8.94,7.53,34.0,77.78,9.6,3339.55,2665.91,196.03,Moderate Margin (5-20%)
TXN-1015,2026-01-21,Electronics,Laptop Pro 15,Austin,South,SMB,PayPal,Diana Prince,4,1234.09,713.74,4936.36,2854.96,498.41,29.06,200.09,3582.52,555.15,11.52,2026,1,Jan,2026-01,2026Q1,Wednesday,1963.55,390.42,200.09,117.85,4818.51,18.0,867.33,99.0,67.5,32.66,1117.98,845.57,746.57,711.73,22.0,156.58,555.15,11.52,17.55,15.49,14.77,40.75,72.57,10.1,1204.63,895.63,138.79,Moderate Margin (5-20%)
TXN-2095,2026-01-21,Electronics,Wireless Noise-Canceling Headset,Chicago,Midwest,Government,PayPal,Evan Wright,17,257.38,120.41,4375.46,2046.97,496.0,124.73,164.88,2832.58,784.14,18.1,2026,1,Jan,2026-01,2026Q1,Wednesday,2284.25,356.75,164.88,44.24,4331.22,18.0,779.62,94.47,63.04,20.93,1142.36,1141.89,1047.42,1005.31,22.0,221.17,784.14,18.1,26.36,24.18,23.21,52.74,64.74,11.34,254.78,166.62,46.13,Moderate Margin (5-20%)
TXN-1166,2026-01-24,Office Supplies,Ergonomic Executive Desk,Seattle,West,SMB,Credit Card,Diana Prince,4,888.13,437.27,3552.52,1749.08,252.32,46.52,106.58,2154.5,669.12,19.08,2026,1,Jan,2026-01,2026Q1,Saturday,1758.57,397.05,106.58,44.87,3507.65,18.0,631.38,63.78,46.18,11.71,802.47,956.1,892.32,857.85,22.0,188.73,669.12,19.08,27.26,25.44,24.46,50.14,60.65,7.1,876.91,538.62,167.28,Moderate Margin (5-20%)
TXN-1451,2026-01-25,Hardware,NAS Storage Enclosure,Houston,South,Government,Wire Transfer,Evan Wright,16,835.08,488.48,13361.28,7815.68,1190.12,230.11,400.84,9636.75,1277.51,9.66,2026,1,Jan,2026-01,2026Q1,Sunday,5402.32,1454.47,400.84,143.28,13218.0,18.0,2379.24,288.15,258.47,57.67,3275.54,2126.78,1838.63,1637.83,22.0,360.32,1277.51,9.66,16.09,13.91,12.39,40.87,72.12,8.91,826.12,602.3,79.84,Moderate Margin (5-20%)
TXN-1853,2026-01-26,Hardware,NAS Storage Enclosure,Chicago,Midwest,SMB,Direct Invoice,Alice Smith,2,771.47,458.51,1542.94,917.02,104.37,23.18,67.61,1112.18,179.58,11.8,2026,1,Jan,2026-01,2026Q1,Monday,605.37,124.2,67.61,20.55,1522.39,18.0,274.03,32.49,28.28,4.99,319.36,286.01,253.52,230.23,22.0,50.65,179.58,11.8,18.79,16.65,15.12,39.76,72.08,6.76,761.2,556.09,89.79,Moderate Margin (5-20%)
TXN-1281,2026-01-27,Office Supplies,Mesh Office Chair,Los Angeles,West,SMB,Credit Card,Alice Smith,7,333.0,165.94,2331.0,1161.58,266.48,63.83,108.69,1600.58,258.62,11.4,2026,1,Jan,2026-01,2026Q1,Tuesday,1107.98,266.9,108.69,61.44,2269.56,18.0,408.52,41.2,35.02,5.71,705.9,402.08,360.88,331.57,22.0,72.95,258.62,11.4,17.72,15.9,14.61,48.82,68.66,11.43,324.22,228.65,36.95,Moderate Margin (5-20%)
TXN-1966,2026-01-27,Hardware,Rack Server Blade X,Los Angeles,West,Consumer,PayPal,Diana Prince,7,3275.1,2195.09,22925.7,15365.63,2832.8,37.8,691.12,18927.35,413.54,1.86,2026,1,Jan,2026-01,2026Q1,Tuesday,6881.88,2012.5,691.12,678.19,22247.51,18.0,4004.55,489.78,434.99,147.29,5574.22,1307.66,817.88,530.18,22.0,116.64,413.54,1.86,5.88,3.68,2.38,30.93,82.56,12.36,3178.22,2703.91,59.08,Low Margin (0-5%)
TXN-1982,2026-01-28,Office Supplies,Ergonomic Executive Desk,Phoenix,West,Enterprise,Direct Invoice,Charlie Davis,11,885.54,439.31,9740.94,4832.41,775.62,161.24,292.23,6061.5,1724.76,17.96,2026,1,Jan,2026-01,2026Q1,Wednesday,4769.69,1057.34,292.23,138.84,9602.1,18.0,1728.38,188.23,126.96,43.16,2286.43,2483.26,2295.03,2211.23,22.0,486.47,1724.76,17.96,25.86,23.9,23.03,49.67,62.23,7.96,872.92,551.05,156.8,Moderate Margin (5-20%)
TXN-1650,2026-01-28,Hardware,NAS Storage Enclosure,New York,East,Government,Wire Transfer,Charlie Davis,23,777.44,473.63,17881.12,10893.49,2380.07,199.71,561.8,14035.07,874.07,5.0,2026,1,Jan,2026-01,2026Q1,Wednesday,6577.86,1697.31,561.8,409.77,17471.35,18.0,3144.84,315.47,352.14,49.24,4838.89,1738.97,1423.5,1120.6,22.0,246.53,874.07,5.0,9.95,8.15,6.41,37.65,78.49,13.31,759.62,610.22,38.0,Moderate Margin (5-20%)
TXN-2069,2026-01-29,Electronics,Wireless Noise-Canceling Headset,Los Angeles,West,SMB,Direct Invoice,Charlie Davis,2,269.59,116.57,539.18,233.14,50.37,15.84,48.67,348.02,92.05,17.33,2026,1,Jan,2026-01,2026Q1,Thursday,298.09,47.3,48.67,7.95,531.23,18.0,95.62,12.6,9.01,3.71,162.18,135.91,123.31,118.01,22.0,25.96,92.05,17.33,25.58,23.21,22.21,56.11,64.55,9.34,265.62,174.01,46.02,Moderate Margin (5-20%)
TXN-1246,2026-01-29,Office Supplies,Mesh Office Chair,Miami,East,SMB,Credit Card,Evan Wright,7,313.43,158.28,2194.01,1107.96,264.03,99.29,124.15,1595.43,193.92,8.96,2026,1,Jan,2026-01,2026Q1,Thursday,1056.34,255.42,124.15,29.71,2164.3,18.0,389.57,40.81,36.34,12.32,742.89,313.45,272.64,248.62,22.0,54.7,193.92,8.96,14.48,12.6,11.49,48.81,72.72,12.03,309.19,227.92,27.7,Moderate Margin (5-20%)
TXN-1971,2026-01-31,Hardware,Rack Server Blade X,Houston,South,SMB,Credit Card,Bob Jones,1,3121.54,2176.1,3121.54,2176.1,400.62,5.22,132.53,2714.47,-71.45,-2.34,2026,1,Jan,2026-01,2026Q1,Saturday,871.38,322.09,132.53,74.06,3047.48,18.0,548.55,53.65,46.82,18.1,860.46,10.92,-42.73,-71.45,22.0,0.0,-71.45,-2.34,0.36,-1.4,-2.34,28.59,86.96,12.83,3047.48,2714.47,-71.45,Loss Making (<0%)
TXN-1956,2026-01-31,Office Supplies,High-Speed Paper Shredder,Chicago,Midwest,SMB,Wire Transfer,Diana Prince,6,187.45,90.55,1124.7,543.3,94.5,54.01,73.97,765.78,164.97,14.89,2026,1,Jan,2026-01,2026Q1,Saturday,564.76,100.27,73.97,16.64,1108.06,18.0,199.45,17.74,17.6,4.83,322.75,242.01,224.27,211.5,22.0,46.53,164.97,14.89,21.84,20.24,19.09,50.97,68.09,8.4,184.68,127.63,27.5,Moderate Margin (5-20%)
TXN-2183,2026-02-01,Software,Data Analytics Suite,Austin,South,SMB,Direct Invoice,Alice Smith,6,1497.99,285.55,8987.94,1713.3,645.66,52.69,365.31,2776.96,3748.32,42.92,2026,2,Feb,2026-02,2026Q1,Sunday,7019.99,913.45,365.31,254.65,8733.29,18.0,1571.99,167.3,139.81,69.77,1977.11,5042.88,4875.58,4805.54,22.0,1057.22,3748.32,42.92,57.74,55.83,55.03,80.38,30.9,7.18,1455.55,462.83,624.72,High Margin (>=20%)
TXN-1373,2026-02-01,Office Supplies,Standing Desk Converter,Chicago,Midwest,SMB,PayPal,Fiona Gallagher,2,278.65,140.03,557.3,280.06,42.39,16.3,53.48,392.23,70.86,13.04,2026,2,Feb,2026-02,2026Q1,Sunday,263.45,41.64,53.48,13.79,543.51,18.0,97.83,12.86,7.11,1.18,153.81,109.64,96.78,90.85,22.0,19.99,70.86,13.04,20.17,17.81,16.72,48.47,70.38,7.61,271.76,196.12,35.43,Moderate Margin (5-20%)
TXN-1042,2026-02-02,Services,Cybersecurity Audit,Miami,East,Government,Wire Transfer,Alice Smith,26,2268.9,796.36,58991.4,20705.36,6501.13,281.92,2677.42,30165.83,15486.69,26.94,2026,2,Feb,2026-02,2026Q1,Monday,36779.88,5589.96,2677.42,1506.16,57485.24,18.0,10347.34,1204.43,1125.81,455.52,15050.43,21729.45,20525.02,19854.73,22.0,4368.04,15486.69,26.94,37.8,35.7,34.54,63.98,51.14,11.02,2210.97,1160.22,595.64,High Margin (>=20%)
TXN-1823,2026-02-02,Software,Data Analytics Suite,Phoenix,West,Government,Credit Card,Diana Prince,18,1515.03,289.04,27270.54,5202.72,1965.48,232.68,1237.92,8638.8,11548.07,43.6,2026,2,Feb,2026-02,2026Q1,Monday,21284.16,2363.67,1237.92,783.66,26486.88,18.0,4767.64,431.84,436.15,188.8,5799.75,15484.41,15052.57,14805.22,22.0,3257.15,11548.07,43.6,58.46,56.83,55.9,80.36,31.68,7.21,1471.49,479.93,641.56,High Margin (>=20%)
TXN-1150,2026-02-02,Electronics,Ultra-Wide Monitor 34,Chicago,Midwest,Government,Credit Card,Evan Wright,16,620.96,367.6,9935.36,5881.6,1117.31,215.68,427.22,7641.81,842.21,8.57,2026,2,Feb,2026-02,2026Q1,Monday,3946.44,833.9,427.22,107.32,9828.04,18.0,1769.05,155.59,187.24,70.25,2594.11,1352.33,1196.74,1079.75,22.0,237.54,842.21,8.57,13.76,12.18,10.99,40.15,76.92,11.25,614.25,477.61,52.64,Moderate Margin (5-20%)
TXN-2026,2026-02-04,Services,Annual IT Maintenance Plan,Seattle,West,SMB,PayPal,Fiona Gallagher,5,1817.75,612.89,9088.75,3064.45,1074.73,58.33,432.26,4629.77,2436.32,27.34,2026,2,Feb,2026-02,2026Q1,Wednesday,5848.2,851.71,432.26,176.1,8912.65,18.0,1604.28,192.64,152.92,37.88,2417.03,3431.17,3238.53,3123.49,22.0,687.17,2436.32,27.34,38.5,36.34,35.05,65.62,50.94,11.82,1782.53,925.95,487.26,High Margin (>=20%)
TXN-1488,2026-02-04,Office Supplies,High-Speed Paper Shredder,New York,East,Enterprise,PayPal,Diana Prince,19,191.26,89.54,3633.94,1701.26,351.56,109.62,168.64,2331.08,628.91,17.66,2026,2,Feb,2026-02,2026Q1,Wednesday,1860.94,305.43,168.64,71.74,3562.2,18.0,641.2,69.39,58.36,8.36,935.25,925.69,856.3,806.3,22.0,177.39,628.91,17.66,25.99,24.04,22.63,52.24,64.15,9.67,187.48,122.69,33.1,Moderate Margin (5-20%)
TXN-1978,2026-02-04,Software,Enterprise ERP License,Los Angeles,West,Government,Credit Card,Bob Jones,36,2543.88,480.53,91579.68,17299.08,10093.79,247.23,3160.6,30800.7,38726.7,43.28,2026,2,Feb,2026-02,2026Q1,Wednesday,72187.3,6646.06,3160.6,2093.3,89486.38,18.0,16107.55,1545.61,1107.83,263.44,20147.68,52039.62,50494.01,49649.62,22.0,10922.92,38726.7,43.28,58.15,56.43,55.48,80.67,33.63,11.02,2485.73,855.58,1075.74,High Margin (>=20%)
TXN-1375,2026-02-04,Services,Cloud Migration Consulting,San Francisco,West,Consumer,Wire Transfer,Evan Wright,4,3752.3,1142.65,15009.2,4570.6,2080.3,23.45,657.16,7331.51,4625.89,31.27,2026,2,Feb,2026-02,2026Q1,Wednesday,10223.45,1104.07,657.16,215.15,14794.05,18.0,2662.93,307.17,190.84,70.17,3864.98,6358.47,6051.3,5930.63,22.0,1304.74,4625.89,31.27,42.98,40.9,40.09,69.11,48.85,13.86,3698.51,1832.88,1156.47,High Margin (>=20%)
TXN-1984,2026-02-05,Electronics,Laptop Pro 15,New York,East,Enterprise,Wire Transfer,Alice Smith,6,1187.11,727.33,7122.66,4363.98,739.89,36.96,213.68,5354.51,698.89,9.97,2026,2,Feb,2026-02,2026Q1,Thursday,2644.16,525.35,213.68,114.52,7008.14,18.0,1261.47,125.33,125.78,18.84,1515.88,1128.28,1002.95,896.01,22.0,197.12,698.89,9.97,16.1,14.31,12.79,37.73,75.18,10.39,1168.02,892.42,116.48,Moderate Margin (5-20%)
TXN-1854,2026-02-07,Electronics,Laptop Pro 15,San Francisco,West,Consumer,Direct Invoice,Bob Jones,5,1197.71,765.9,5988.55,3829.5,775.61,71.7,185.94,4862.75,65.75,1.13,2026,2,Feb,2026-02,2026Q1,Saturday,1985.9,688.1,185.94,173.15,5815.4,18.0,1046.77,96.85,108.04,24.64,1721.35,264.55,167.7,84.3,22.0,18.55,65.75,1.13,4.55,2.88,1.45,34.15,81.2,12.95,1163.08,972.55,13.15,Low Margin (0-5%)
TXN-2149,2026-02-07,Software,Data Analytics Suite,Phoenix,West,SMB,Wire Transfer,Fiona Gallagher,3,1415.59,310.66,4246.77,931.98,484.18,20.11,137.74,1574.01,1553.88,37.41,2026,2,Feb,2026-02,2026Q1,Saturday,3221.9,477.89,137.74,92.89,4153.88,18.0,747.7,76.54,59.11,25.83,1119.92,2101.98,2025.44,1992.16,22.0,438.28,1553.88,37.41,50.6,48.76,47.96,77.56,37.06,11.4,1384.63,524.67,517.96,High Margin (>=20%)
TXN-1438,2026-02-07,Hardware,NAS Storage Enclosure,Chicago,Midwest,Enterprise,Wire Transfer,Bob Jones,25,794.63,502.55,19865.75,12563.75,2348.34,355.65,843.49,16111.23,580.05,2.96,2026,2,Feb,2026-02,2026Q1,Saturday,7042.79,2206.95,843.49,259.21,19606.54,18.0,3529.18,306.91,356.36,118.56,5754.43,1288.36,981.45,743.65,22.0,163.6,580.05,2.96,6.57,5.01,3.79,35.92,81.1,11.82,784.26,644.45,23.2,Low Margin (0-5%)
TXN-1477,2026-02-08,Electronics,Laptop Pro 15,Chicago,Midwest,Enterprise,Direct Invoice,Charlie Davis,26,1162.39,773.37,30222.14,20107.62,2523.95,246.04,1244.29,24121.9,2010.09,6.73,2026,2,Feb,2026-02,2026Q1,Sunday,9763.39,2227.06,1244.29,351.13,29871.01,18.0,5376.78,603.7,431.89,90.58,6241.34,3522.05,2918.35,2577.04,22.0,566.95,2010.09,6.73,11.79,9.77,8.63,32.69,79.82,8.35,1148.88,927.77,77.31,Moderate Margin (5-20%)
TXN-1706,2026-02-09,Hardware,Gigabit Switch 24-Port,New York,East,Enterprise,Wire Transfer,Bob Jones,16,442.0,248.23,7072.0,3971.68,877.59,176.7,212.16,5238.13,544.51,7.81,2026,2,Feb,2026-02,2026Q1,Monday,3000.96,845.09,212.16,99.36,6972.64,18.0,1255.08,136.8,76.39,21.86,2111.54,889.42,752.62,698.09,22.0,153.58,544.51,7.81,12.76,10.79,10.01,43.04,74.07,12.41,435.79,327.38,34.03,Moderate Margin (5-20%)
TXN-2047,2026-02-09,Hardware,Gigabit Switch 24-Port,Austin,South,Enterprise,PayPal,Alice Smith,28,468.5,261.14,13118.0,7311.92,1707.28,292.19,393.54,9704.93,1337.42,10.31,2026,2,Feb,2026-02,2026Q1,Monday,5658.2,1071.06,393.54,147.88,12970.12,18.0,2334.62,302.29,220.08,42.88,3464.07,2194.13,1891.84,1714.64,22.0,377.22,1337.42,10.31,16.92,14.59,13.22,43.62,73.98,13.01,463.22,346.6,47.76,Moderate Margin (5-20%)
TXN-1909,2026-02-10,Services,Cybersecurity Audit,San Francisco,West,SMB,Credit Card,Bob Jones,6,2151.84,782.97,12911.04,4697.82,1291.86,57.36,407.38,6454.42,3756.05,29.55,2026,2,Feb,2026-02,2026Q1,Tuesday,8012.61,1071.24,407.38,200.61,12710.43,18.0,2287.88,241.38,204.62,76.68,2827.84,5184.77,4943.39,4815.45,22.0,1059.4,3756.05,29.55,40.79,38.89,37.89,63.04,49.99,10.01,2118.41,1075.74,626.01,High Margin (>=20%)
TXN-1048,2026-02-10,Electronics,Laptop Pro 15,Los Angeles,West,SMB,Direct Invoice,Bob Jones,2,1203.9,770.42,2407.8,1540.84,244.66,27.04,106.83,1919.37,127.34,5.35,2026,2,Feb,2026-02,2026Q1,Tuesday,841.32,231.16,106.83,25.64,2382.16,18.0,428.79,40.8,34.43,6.86,609.69,231.63,190.83,163.26,22.0,35.92,127.34,5.35,9.72,8.01,6.85,35.32,79.71,10.16,1191.08,959.68,63.67,Moderate Margin (5-20%)
TXN-2077,2026-02-11,Services,Cybersecurity Audit,Houston,South,SMB,Direct Invoice,Alice Smith,7,2329.71,829.15,16307.97,5804.05,1882.95,78.74,489.24,8254.98,4475.47,28.14,2026,2,Feb,2026-02,2026Q1,Wednesday,10098.31,1454.94,489.24,405.61,15902.36,18.0,2862.42,401.33,170.78,117.45,3905.87,6192.44,5791.11,5737.78,22.0,1262.31,4475.47,28.14,38.94,36.42,36.08,63.5,50.62,11.55,2271.77,1179.28,639.35,High Margin (>=20%)
TXN-1181,2026-02-12,Hardware,NAS Storage Enclosure,San Francisco,West,SMB,PayPal,Charlie Davis,5,837.97,465.78,4189.85,2328.9,426.8,39.36,198.67,2993.73,532.03,12.87,2026,2,Feb,2026-02,2026Q1,Thursday,1805.35,364.74,198.67,55.6,4134.25,18.0,744.16,68.0,58.64,32.95,1029.57,775.78,707.78,682.09,22.0,150.06,532.03,12.87,18.76,17.12,16.5,43.67,71.45,10.19,826.85,598.75,106.41,Moderate Margin (5-20%)
TXN-1897,2026-02-12,Hardware,Gigabit Switch 24-Port,Austin,South,Enterprise,PayPal,Fiona Gallagher,15,436.79,264.61,6551.85,3969.15,646.82,221.74,308.01,5145.72,392.13,6.12,2026,2,Feb,2026-02,2026Q1,Thursday,2441.5,554.66,308.01,141.2,6410.65,18.0,1153.92,140.75,97.5,30.71,1731.23,710.27,569.52,502.73,22.0,110.6,392.13,6.12,11.08,8.88,7.84,38.09,78.54,9.87,427.38,343.05,26.14,Moderate Margin (5-20%)
TXN-1742,2026-02-12,Services,Annual IT Maintenance Plan,Houston,South,SMB,Direct Invoice,Evan Wright,1,1709.43,609.1,1709.43,609.1,200.02,11.88,63.52,884.52,469.37,27.92,2026,2,Feb,2026-02,2026Q1,Thursday,1071.81,145.42,63.52,28.52,1680.91,18.0,302.56,41.38,17.92,10.08,420.84,650.97,609.59,601.75,22.0,132.38,469.37,27.92,38.73,36.27,35.8,63.76,51.74,11.7,1680.91,884.52,469.37,High Margin (>=20%)
TXN-1546,2026-02-12,Office Supplies,Standing Desk Converter,Los Angeles,West,Consumer,PayPal,Fiona Gallagher,2,299.19,133.92,598.38,267.84,62.2,21.82,37.04,388.9,100.47,17.13,2026,2,Feb,2026-02,2026Q1,Thursday,318.8,52.6,37.04,11.74,586.64,18.0,105.6,9.59,9.87,3.13,173.66,145.14,135.55,128.81,22.0,28.34,100.47,17.13,24.74,23.11,21.96,54.34,64.99,10.39,293.32,194.45,50.24,Moderate Margin (5-20%)
TXN-1337,2026-02-14,Hardware,NAS Storage Enclosure,Phoenix,West,SMB,Credit Card,Charlie Davis,6,811.5,481.5,4869.0,2889.0,556.02,55.71,224.89,3725.62,284.72,5.93,2026,2,Feb,2026-02,2026Q1,Saturday,1913.67,549.09,224.89,66.33,4802.67,18.0,864.48,121.3,69.0,27.36,1385.71,527.96,406.66,365.02,22.0,80.3,284.72,5.93,10.99,8.47,7.6,39.85,76.52,11.42,800.44,620.94,47.45,Moderate Margin (5-20%)
TXN-1548,2026-02-14,Electronics,Smart Display 10,Boston,East,Enterprise,PayPal,Charlie Davis,22,375.3,196.39,8256.6,4320.58,1068.8,303.88,256.09,5949.35,837.89,10.3,2026,2,Feb,2026-02,2026Q1,Saturday,3810.55,855.21,256.09,125.47,8131.13,18.0,1463.6,165.87,115.76,29.28,2483.98,1326.57,1160.7,1074.22,22.0,236.33,837.89,10.3,16.31,14.27,13.21,46.86,72.06,12.94,369.6,270.42,38.09,Moderate Margin (5-20%)
TXN-1004,2026-02-15,Software,Enterprise ERP License,Boston,East,SMB,PayPal,Diana Prince,7,2544.0,516.66,17808.0,3616.62,1315.46,62.37,534.24,5528.69,7575.4,43.25,2026,2,Feb,2026-02,2026Q1,Sunday,13898.04,1779.61,534.24,293.34,17514.66,18.0,3152.64,322.54,227.7,55.93,3691.68,10206.36,9883.82,9712.05,22.0,2136.65,7575.4,43.25,58.27,56.43,55.45,79.35,31.05,7.39,2502.09,789.81,1082.2,High Margin (>=20%)
TXN-2200,2026-02-16,Hardware,Rack Server Blade X,Chicago,Midwest,Government,PayPal,Diana Prince,22,3438.02,2117.09,75636.44,46575.98,10036.38,287.87,3415.75,60315.98,4026.05,5.45,2026,2,Feb,2026-02,2026Q1,Monday,27340.64,5786.51,3415.75,1719.82,73916.62,18.0,13304.99,1635.01,1236.59,219.07,19526.51,7814.13,6179.12,5161.6,22.0,1135.55,4026.05,5.45,10.57,8.36,6.98,36.99,79.74,13.27,3359.85,2741.64,183.0,Moderate Margin (5-20%)
TXN-1960,2026-02-16,Services,Cybersecurity Audit,Phoenix,West,SMB,PayPal,Diana Prince,4,2049.23,816.5,8196.92,3266.0,514.09,53.7,281.12,4114.91,2099.74,26.27,2026,2,Feb,2026-02,2026Q1,Monday,4726.19,876.26,281.12,204.73,7992.19,18.0,1438.59,177.01,163.69,31.66,1725.17,3001.02,2824.01,2691.98,22.0,592.24,2099.74,26.27,37.55,35.33,33.68,59.14,50.2,6.27,1998.05,1028.73,524.93,High Margin (>=20%)
TXN-1265,2026-02-16,Software,Enterprise ERP License,Miami,East,Enterprise,Direct Invoice,Bob Jones,10,2687.41,505.18,26874.1,5051.8,1777.95,57.56,1268.54,8155.85,11045.74,42.37,2026,2,Feb,2026-02,2026Q1,Monday,21016.39,3060.12,1268.54,805.91,26068.19,18.0,4692.27,566.44,297.19,172.61,6164.17,14852.22,14285.78,14161.2,22.0,3115.46,11045.74,42.37,56.97,54.8,54.32,80.62,30.35,6.62,2606.82,815.58,1104.57,High Margin (>=20%)
TXN-1046,2026-02-17,Services,Cloud Migration Consulting,San Francisco,West,Government,PayPal,Alice Smith,22,3255.57,1144.42,71622.54,25177.24,5064.3,113.01,2148.68,32503.23,22084.87,31.55,2026,2,Feb,2026-02,2026Q1,Tuesday,44832.04,7386.15,2148.68,1613.26,70009.28,18.0,12601.67,1290.88,826.88,311.79,14712.14,30119.9,28829.02,28313.93,22.0,6229.06,22084.87,31.55,43.02,41.18,40.44,64.04,45.38,7.07,3182.24,1477.42,1003.86,High Margin (>=20%)
TXN-1064,2026-02-17,Electronics,Laptop Pro 15,Miami,East,Enterprise,Credit Card,Charlie Davis,18,1204.43,739.41,21679.74,13309.38,2822.18,160.64,947.84,17240.04,1197.39,5.63,2026,2,Feb,2026-02,2026Q1,Tuesday,7956.18,1904.3,947.84,414.18,21265.56,18.0,3827.8,448.64,224.37,86.91,5834.96,2121.22,1672.58,1535.12,22.0,337.73,1197.39,5.63,9.97,7.87,7.22,37.41,79.52,13.02,1181.42,957.78,66.52,Moderate Margin (5-20%)
TXN-2030,2026-02-19,Services,Cybersecurity Audit,Seattle,West,Enterprise,Wire Transfer,Fiona Gallagher,11,2094.05,822.96,23034.55,9052.56,2233.07,164.9,1027.63,12478.16,5391.42,23.79,2026,2,Feb,2026-02,2026Q1,Thursday,13613.47,2567.1,1027.63,368.52,22666.03,18.0,4079.89,480.72,347.95,119.98,5992.7,7620.77,7140.05,6912.08,22.0,1520.66,5391.42,23.79,33.62,31.5,30.5,60.06,54.17,9.69,2060.55,1134.38,490.13,High Margin (>=20%)
TXN-1958,2026-02-21,Services,Cybersecurity Audit,Phoenix,West,SMB,PayPal,Alice Smith,4,2216.38,800.48,8865.52,3201.92,689.63,41.79,265.97,4199.31,2807.44,32.21,2026,2,Feb,2026-02,2026Q1,Saturday,5513.25,641.41,265.97,150.35,8715.17,18.0,1568.73,166.92,148.86,40.61,1638.8,3874.45,3707.53,3599.28,22.0,791.84,2807.44,32.21,44.46,42.54,41.3,63.26,47.37,7.78,2178.79,1049.83,701.86,High Margin (>=20%)
TXN-1500,2026-02-23,Hardware,NAS Storage Enclosure,Miami,East,Consumer,Wire Transfer,Alice Smith,5,740.49,456.33,3702.45,2281.65,360.48,59.28,111.07,2812.48,221.15,6.1,2026,2,Feb,2026-02,2026Q1,Monday,1343.08,441.74,111.07,77.72,3624.73,18.0,652.45,56.93,38.06,8.01,972.57,370.51,313.58,283.53,22.0,62.38,221.15,6.1,10.22,8.65,7.82,37.05,75.96,9.74,724.95,562.5,44.23,Moderate Margin (5-20%)
TXN-2036,2026-02-23,Services,Annual IT Maintenance Plan,Miami,East,SMB,PayPal,Diana Prince,7,1691.03,573.9,11837.21,4017.3,1633.41,82.68,399.95,6133.34,2976.14,25.7,2026,2,Feb,2026-02,2026Q1,Monday,7561.1,1240.71,399.95,258.81,11578.4,18.0,2084.11,223.63,231.11,65.96,3356.75,4204.35,3980.72,3815.57,22.0,839.43,2976.14,25.7,36.31,34.38,32.95,65.3,51.81,13.8,1654.06,876.19,425.16,High Margin (>=20%)
TXN-1629,2026-02-23,Hardware,NAS Storage Enclosure,San Francisco,West,Government,Credit Card,Charlie Davis,37,755.32,498.96,27946.84,18461.52,3850.08,502.95,838.41,23652.96,556.89,2.05,2026,2,Feb,2026-02,2026Q1,Monday,8759.42,2007.54,838.41,725.9,27220.94,18.0,4899.77,606.86,409.75,170.13,7198.98,1560.44,953.58,713.96,22.0,157.07,556.89,2.05,5.73,3.5,2.62,32.18,84.64,13.78,735.7,639.27,15.05,Low Margin (0-5%)
TXN-1863,2026-02-24,Office Supplies,High-Speed Paper Shredder,Boston,East,SMB,Direct Invoice,Evan Wright,2,182.11,87.48,364.22,174.96,46.98,24.85,30.88,277.67,23.57,6.65,2026,2,Feb,2026-02,2026Q1,Tuesday,179.74,35.05,30.88,9.52,354.7,18.0,63.85,6.99,7.27,2.5,137.76,41.98,34.99,30.22,22.0,6.65,23.57,6.65,11.84,9.86,8.52,50.67,76.24,12.9,177.35,138.84,11.78,Moderate Margin (5-20%)
TXN-2108,2026-02-25,Software,Security Firewall Pro,Miami,East,Enterprise,Direct Invoice,Evan Wright,7,793.35,209.12,5553.45,1463.84,346.45,74.43,246.5,2131.22,1997.1,36.78,2026,2,Feb,2026-02,2026Q1,Wednesday,3965.54,599.28,246.5,124.07,5429.38,18.0,977.29,109.13,66.4,37.03,1266.66,2698.88,2589.75,2560.38,22.0,563.28,1997.1,36.78,49.71,47.7,47.16,73.04,38.38,6.24,775.63,304.46,285.3,High Margin (>=20%)
TXN-2151,2026-02-25,Electronics,Ultra-Wide Monitor 34,Los Angeles,West,SMB,Direct Invoice,Bob Jones,7,686.4,383.92,4804.8,2687.44,344.29,85.85,144.14,3261.72,597.57,12.73,2026,2,Feb,2026-02,2026Q1,Wednesday,2008.19,506.51,144.14,109.17,4695.63,18.0,845.21,110.69,64.44,13.84,1080.79,927.4,816.71,766.11,22.0,168.54,597.57,12.73,19.75,17.39,16.32,42.77,67.88,7.17,670.8,465.96,85.37,Moderate Margin (5-20%)
TXN-1061,2026-02-25,Hardware,Rack Server Blade X,Chicago,Midwest,Enterprise,PayPal,Alice Smith,18,3091.78,2117.06,55652.04,38107.08,4026.37,176.61,1952.2,44262.26,2845.97,5.19,2026,2,Feb,2026-02,2026Q1,Wednesday,16689.04,4977.18,1952.2,855.92,54796.12,18.0,9863.3,1387.88,840.26,320.14,11132.36,5556.68,4168.8,3648.68,22.0,802.71,2845.97,5.19,10.14,7.61,6.66,30.46,79.53,7.23,3044.23,2459.01,158.11,Moderate Margin (5-20%)
TXN-2105,2026-02-25,Electronics,Ultra-Wide Monitor 34,Seattle,West,Consumer,Wire Transfer,Fiona Gallagher,2,680.36,389.23,1360.72,778.46,133.49,11.0,68.21,991.16,93.06,7.04,2026,2,Feb,2026-02,2026Q1,Wednesday,543.3,162.94,68.21,38.96,1321.76,18.0,237.92,32.62,19.26,3.53,375.64,167.66,135.04,119.31,22.0,26.25,93.06,7.04,12.68,10.22,9.03,41.1,72.84,9.81,660.88,495.58,46.53,Moderate Margin (5-20%)
TXN-1561,2026-02-26,Office Supplies,Mesh Office Chair,Phoenix,West,Enterprise,Wire Transfer,Charlie Davis,26,319.19,153.02,8298.94,3978.52,864.21,348.69,415.94,5607.36,1123.48,13.8,2026,2,Feb,2026-02,2026Q1,Thursday,4162.01,873.08,415.94,158.41,8140.53,18.0,1465.3,140.69,125.68,46.64,2501.92,1660.09,1519.4,1440.36,22.0,316.88,1123.48,13.8,20.39,18.66,17.69,51.13,67.57,10.41,313.1,215.67,43.21,Moderate Margin (5-20%)
TXN-1396,2026-02-26,Software,Data Analytics Suite,Boston,East,Consumer,Direct Invoice,Bob Jones,5,1552.84,293.62,7764.2,1468.1,1012.3,27.46,235.06,2742.92,2907.2,38.27,2026,2,Feb,2026-02,2026Q1,Thursday,6128.64,904.82,235.06,167.46,7596.74,18.0,1367.41,162.55,111.97,52.7,2179.64,3949.0,3786.45,3727.18,22.0,819.98,2907.2,38.27,51.98,49.84,49.06,80.67,35.33,13.04,1519.35,548.58,581.44,High Margin (>=20%)
TXN-1290,2026-02-27,Software,Security Firewall Pro,Seattle,West,SMB,Wire Transfer,Fiona Gallagher,2,823.74,218.13,1647.48,436.26,192.79,17.72,72.54,719.31,532.66,32.96,2026,2,Feb,2026-02,2026Q1,Friday,1179.96,163.99,72.54,31.26,1616.22,18.0,290.92,31.37,23.12,4.47,447.04,732.92,701.55,682.9,22.0,150.24,532.66,32.96,45.35,43.41,42.25,73.01,43.66,11.7,808.11,359.66,266.33,High Margin (>=20%)
TXN-1807,2026-02-27,Electronics,Wireless Noise-Canceling Headset,Los Angeles,West,SMB,PayPal,Diana Prince,5,260.83,117.93,1304.15,589.65,103.52,33.45,65.49,792.11,224.86,17.58,2026,2,Feb,2026-02,2026Q1,Friday,689.73,152.22,65.49,24.77,1279.38,18.0,230.29,30.76,25.42,9.41,354.68,335.05,304.29,288.28,22.0,63.42,224.86,17.58,26.19,23.78,22.53,53.91,60.74,7.94,255.88,158.42,44.97,Moderate Margin (5-20%)
TXN-1942,2026-02-28,Services,Cloud Migration Consulting,Phoenix,West,SMB,PayPal,Evan Wright,5,3332.95,1191.57,16664.75,5957.85,1658.53,27.76,789.83,8433.97,4482.24,27.47,2026,2,Feb,2026-02,2026Q1,Saturday,10360.01,1628.29,789.83,346.89,16317.86,18.0,2937.21,346.43,252.98,90.27,4104.41,6255.6,5909.17,5746.46,22.0,1264.22,4482.24,27.47,38.34,36.21,35.22,63.49,50.61,9.95,3263.57,1686.79,896.45,High Margin (>=20%)
TXN-1518,2026-03-04,Services,Cybersecurity Audit,Seattle,West,Consumer,Credit Card,Alice Smith,5,2243.14,784.71,11215.7,3923.55,1003.78,63.49,496.59,5487.41,3031.38,27.69,2026,3,Mar,2026-03,2026Q1,Wednesday,7024.09,1239.65,496.59,268.06,10947.64,18.0,1970.58,263.39,157.76,86.96,2803.51,4220.58,3957.19,3886.39,22.0,855.01,3031.38,27.69,38.55,36.15,35.5,64.16,48.93,8.95,2189.53,1097.48,606.28,High Margin (>=20%)
TXN-1283,2026-03-04,Electronics,Wireless Noise-Canceling Headset,Phoenix,West,Consumer,PayPal,Evan Wright,1,230.72,123.51,230.72,123.51,15.12,9.74,31.32,179.69,15.09,6.68,2026,3,Mar,2026-03,2026Q1,Wednesday,102.39,20.48,31.32,4.82,225.9,18.0,40.66,3.49,4.52,1.62,76.66,25.73,22.24,19.34,22.0,4.25,15.09,6.68,11.39,9.85,8.56,45.33,77.88,6.55,225.9,179.69,15.09,Moderate Margin (5-20%)
TXN-1361,2026-03-07,Electronics,Wireless Noise-Canceling Headset,Austin,South,SMB,Credit Card,Diana Prince,3,239.61,115.14,718.83,345.42,61.24,17.9,49.63,474.19,116.26,16.45,2026,3,Mar,2026-03,2026Q1,Saturday,361.14,64.27,49.63,12.27,706.56,18.0,127.18,11.84,11.31,4.1,193.04,168.1,156.26,149.05,22.0,32.79,116.26,16.45,23.79,22.12,21.1,51.11,65.97,8.52,235.52,158.06,38.75,Moderate Margin (5-20%)
TXN-1633,2026-03-09,Services,Cybersecurity Audit,Boston,East,SMB,Direct Invoice,Bob Jones,5,2068.41,769.86,10342.05,3849.3,742.52,26.49,310.26,4928.57,3034.55,29.99,2026,3,Mar,2026-03,2026Q1,Monday,6268.86,988.53,310.26,223.89,10118.16,18.0,1821.27,232.79,140.51,62.69,2067.8,4201.06,3968.27,3890.45,22.0,855.9,3034.55,29.99,41.52,39.22,38.45,61.96,47.66,7.18,2023.63,985.71,606.91,High Margin (>=20%)
TXN-1571,2026-03-09,Office Supplies,Ergonomic Executive Desk,Phoenix,West,Enterprise,Direct Invoice,Evan Wright,25,862.74,454.85,21568.5,11371.25,1990.11,294.12,647.05,14302.53,3292.74,15.57,2026,3,Mar,2026-03,2026Q1,Monday,9783.37,2064.09,647.05,413.88,21154.62,18.0,3807.83,405.6,253.84,92.9,4995.37,4788.0,4382.4,4221.46,22.0,928.72,3292.74,15.57,22.63,20.72,19.96,46.25,66.31,9.23,846.18,572.1,131.71,Moderate Margin (5-20%)
TXN-1957,2026-03-09,Office Supplies,Mesh Office Chair,San Francisco,West,Enterprise,Wire Transfer,Evan Wright,23,325.87,165.59,7495.01,3808.57,737.67,315.19,255.58,5117.01,1027.07,13.88,2026,3,Mar,2026-03,2026Q1,Monday,3590.21,719.12,255.58,96.23,7398.78,18.0,1331.78,164.6,124.64,43.35,2027.56,1562.65,1398.05,1316.76,22.0,289.69,1027.07,13.88,21.12,18.9,17.8,48.52,68.27,9.84,321.69,222.48,44.66,Moderate Margin (5-20%)
TXN-1829,2026-03-09,Office Supplies,Ergonomic Executive Desk,Boston,East,SMB,Credit Card,Evan Wright,3,815.04,456.4,2445.12,1369.2,200.71,21.52,86.08,1677.51,323.01,13.41,2026,3,Mar,2026-03,2026Q1,Monday,1038.92,261.32,86.08,37.0,2408.12,18.0,433.46,39.25,28.83,12.91,569.63,469.29,430.04,414.12,22.0,91.11,323.01,13.41,19.49,17.86,17.2,43.14,68.61,8.21,802.71,559.17,107.67,Moderate Margin (5-20%)
TXN-1143,2026-03-10,Electronics,Laptop Pro 15,Austin,South,Enterprise,Credit Card,Fiona Gallagher,8,1162.2,732.23,9297.6,5857.84,825.73,47.01,451.16,7181.74,517.84,5.73,2026,3,Mar,2026-03,2026Q1,Tuesday,3185.33,881.99,451.16,254.43,9043.17,18.0,1627.77,218.11,163.36,65.93,2205.89,979.44,761.33,663.9,22.0,146.06,517.84,5.73,10.83,8.42,7.34,35.22,77.24,8.88,1130.4,897.72,64.73,Moderate Margin (5-20%)
TXN-1584,2026-03-12,Electronics,Laptop Pro 15,San Francisco,West,Enterprise,PayPal,Diana Prince,12,1169.13,749.86,14029.56,8998.32,1334.12,86.19,420.89,10839.52,918.44,6.7,2026,3,Mar,2026-03,2026Q1,Thursday,4712.15,1212.68,420.89,319.09,13710.47,18.0,2467.88,325.08,184.52,28.82,3053.88,1658.27,1333.19,1177.49,22.0,259.05,918.44,6.7,12.09,9.72,8.59,34.37,77.26,9.51,1142.54,903.29,76.54,Moderate Margin (5-20%)
TXN-1987,2026-03-13,Electronics,Smart Display 10,Chicago,Midwest,SMB,Credit Card,Diana Prince,2,347.93,193.15,695.86,386.3,74.61,24.86,60.2,545.97,30.3,4.48,2026,3,Mar,2026-03,2026Q1,Friday,290.48,72.66,60.2,19.08,676.78,18.0,121.82,12.13,9.7,2.52,232.33,58.15,46.02,38.84,22.0,8.54,30.3,4.48,8.59,6.8,5.74,42.92,78.46,10.72,338.39,272.98,15.15,Low Margin (0-5%)
TXN-1444,2026-03-13,Office Supplies,Mesh Office Chair,Austin,South,SMB,Wire Transfer,Evan Wright,6,313.18,153.59,1879.08,921.54,227.98,87.98,117.38,1354.88,197.46,10.75,2026,3,Mar,2026-03,2026Q1,Friday,915.31,166.36,117.38,42.23,1836.85,18.0,330.63,46.05,30.43,14.02,599.7,315.61,269.56,253.15,22.0,55.69,197.46,10.75,17.18,14.68,13.78,49.83,72.1,12.13,306.14,225.81,32.91,Moderate Margin (5-20%)
TXN-1905,2026-03-13,Software,Security Firewall Pro,Austin,South,Consumer,Credit Card,Charlie Davis,6,801.41,215.81,4808.46,1294.86,507.43,44.76,190.53,2037.58,1630.17,34.8,2026,3,Mar,2026-03,2026Q1,Friday,3389.23,437.91,190.53,124.37,4684.09,18.0,843.14,82.71,71.95,36.02,1180.63,2208.6,2125.89,2089.96,22.0,459.79,1630.17,34.8,47.15,45.39,44.62,72.36,42.37,10.55,780.68,339.6,271.7,High Margin (>=20%)
TXN-2199,2026-03-13,Office Supplies,Mesh Office Chair,Seattle,West,Enterprise,Wire Transfer,Bob Jones,18,307.83,155.56,5540.94,2800.08,646.79,105.26,250.52,3802.65,684.09,12.64,2026,3,Mar,2026-03,2026Q1,Friday,2613.88,595.55,250.52,126.98,5413.96,18.0,974.51,103.74,62.2,27.22,1598.12,1015.76,912.02,877.04,22.0,192.95,684.09,12.64,18.76,16.85,16.2,48.28,68.63,11.67,300.78,211.26,38.01,Moderate Margin (5-20%)
TXN-1132,2026-03-14,Office Supplies,Standing Desk Converter,Chicago,Midwest,Government,Wire Transfer,Charlie Davis,11,265.05,141.64,2915.55,1558.04,296.94,128.71,154.97,2138.66,277.59,9.76,2026,3,Mar,2026-03,2026Q1,Saturday,1286.42,236.47,154.97,71.09,2844.46,18.0,512.0,67.89,57.38,11.82,817.09,469.33,401.44,355.88,22.0,78.29,277.59,9.76,16.5,14.11,12.51,45.23,73.35,10.18,258.59,194.42,25.24,Moderate Margin (5-20%)
TXN-1374,2026-03-14,Software,Cloud Storage Annual,Houston,South,Enterprise,Credit Card,Alice Smith,27,388.84,79.15,10498.68,2137.05,1136.66,351.45,366.14,3991.3,3717.29,36.4,2026,3,Mar,2026-03,2026Q1,Saturday,8075.48,1093.44,366.14,286.15,10212.53,18.0,1838.26,205.74,179.47,23.17,2947.69,5127.79,4922.05,4765.75,22.0,1048.46,3717.29,36.4,50.21,48.2,46.67,79.07,38.02,10.83,378.24,147.83,137.68,High Margin (>=20%)
TXN-1070,2026-03-15,Software,Enterprise ERP License,Seattle,West,Enterprise,PayPal,Evan Wright,18,2673.75,521.28,48127.5,9383.04,4623.47,110.38,2317.83,16434.72,18593.48,39.26,2026,3,Mar,2026-03,2026Q1,Sunday,37982.45,5743.75,2317.83,762.01,47365.49,18.0,8525.79,983.26,697.39,331.42,12795.43,25187.02,24203.76,23837.79,22.0,5244.31,18593.48,39.26,53.18,51.1,50.33,80.19,34.15,9.61,2631.42,913.04,1032.97,High Margin (>=20%)
TXN-1292,2026-03-16,Electronics,Wireless Noise-Canceling Headset,Miami,East,Government,Wire Transfer,Evan Wright,10,251.15,123.91,2511.5,1239.1,243.74,77.85,124.04,1684.73,403.38,16.35,2026,3,Mar,2026-03,2026Q1,Monday,1228.54,180.49,124.04,43.86,2467.64,18.0,444.18,52.62,38.46,5.82,626.12,602.42,549.8,517.16,22.0,113.78,403.38,16.35,24.41,22.28,20.96,49.79,67.08,9.7,246.76,168.47,40.34,Moderate Margin (5-20%)
TXN-1882,2026-03-17,Electronics,Smart Display 10,Austin,South,Government,Credit Card,Diana Prince,36,377.46,203.66,13588.56,7331.76,1514.88,185.48,610.94,9643.06,1577.88,11.74,2026,3,Mar,2026-03,2026Q1,Tuesday,6103.19,1407.7,610.94,153.61,13434.95,18.0,2418.29,228.76,199.99,67.48,3719.0,2384.19,2155.43,2022.92,22.0,445.04,1577.88,11.74,17.75,16.04,15.06,45.43,70.96,11.15,373.19,267.86,43.83,Moderate Margin (5-20%)
TXN-1434,2026-03-18,Software,Security Firewall Pro,Chicago,Midwest,SMB,PayPal,Bob Jones,4,870.19,210.51,3480.76,842.04,458.74,24.78,129.14,1454.7,1215.66,35.85,2026,3,Mar,2026-03,2026Q1,Wednesday,2548.54,261.25,129.14,90.18,3390.58,18.0,610.3,62.27,69.36,15.54,873.91,1674.63,1612.36,1558.54,22.0,342.88,1215.66,35.85,49.39,47.55,45.97,75.17,41.79,13.18,847.64,363.68,303.92,High Margin (>=20%)
TXN-1950,2026-03-20,Hardware,Gigabit Switch 24-Port,Chicago,Midwest,SMB,Direct Invoice,Evan Wright,5,425.06,251.68,2125.3,1258.4,201.24,65.34,74.09,1599.07,152.32,7.36,2026,3,Mar,2026-03,2026Q1,Friday,810.44,212.26,74.09,56.46,2068.84,18.0,372.39,37.01,38.23,13.01,552.93,257.51,220.5,195.28,22.0,42.96,152.32,7.36,12.45,10.66,9.44,39.17,75.24,9.47,413.77,319.81,30.46,Moderate Margin (5-20%)
TXN-2055,2026-03-23,Software,Security Firewall Pro,Los Angeles,West,Consumer,Wire Transfer,Fiona Gallagher,3,901.36,215.59,2704.08,646.77,340.38,19.63,99.82,1106.6,863.66,32.85,2026,3,Mar,2026-03,2026Q1,Monday,1982.73,324.21,99.82,74.58,2629.5,18.0,473.31,66.03,37.41,12.01,784.04,1198.69,1132.66,1107.26,22.0,243.6,863.66,32.85,45.59,43.08,42.11,75.4,40.92,12.59,876.5,368.87,287.89,High Margin (>=20%)
TXN-1750,2026-03-23,Office Supplies,Standing Desk Converter,Houston,South,Enterprise,Credit Card,Fiona Gallagher,5,286.96,138.86,1434.8,694.3,168.06,68.06,53.75,984.17,180.34,12.81,2026,3,Mar,2026-03,2026Q1,Monday,713.7,145.22,53.75,26.8,1408.0,18.0,253.44,28.04,23.41,4.04,435.09,278.61,250.57,231.2,22.0,50.86,180.34,12.81,19.79,17.8,16.42,50.69,68.59,11.71,281.6,196.83,36.07,Moderate Margin (5-20%)
TXN-2072,2026-03-24,Services,Cybersecurity Audit,Houston,South,SMB,Credit Card,Bob Jones,5,2343.25,831.52,11716.25,4157.6,1608.5,69.26,351.49,6186.85,3056.05,26.55,2026,3,Mar,2026-03,2026Q1,Tuesday,7351.39,956.99,351.49,207.26,11508.99,18.0,2071.62,267.03,220.18,40.07,2986.24,4365.15,4098.12,3918.01,22.0,861.96,3056.05,26.55,37.93,35.61,34.04,63.88,52.81,13.73,2301.8,1237.37,611.21,High Margin (>=20%)
TXN-1384,2026-03-24,Electronics,Smart Display 10,Miami,East,Government,Wire Transfer,Fiona Gallagher,22,335.27,191.94,7375.94,4222.68,548.2,285.45,308.58,5364.91,640.11,8.85,2026,3,Mar,2026-03,2026Q1,Tuesday,3006.22,839.92,308.58,147.04,7228.9,18.0,1301.2,169.14,90.43,56.15,1982.15,1024.07,854.93,820.65,22.0,180.54,640.11,8.85,14.17,11.83,11.35,41.59,72.74,7.43,328.59,243.86,29.1,Moderate Margin (5-20%)
TXN-1253,2026-03-25,Hardware,Gigabit Switch 24-Port,Miami,East,SMB,PayPal,Alice Smith,5,468.65,262.85,2343.25,1314.25,308.57,65.9,77.97,1766.69,136.0,5.97,2026,3,Mar,2026-03,2026Q1,Wednesday,964.85,263.75,77.97,64.15,2279.1,18.0,410.24,43.81,37.79,7.3,716.19,248.66,204.85,174.36,22.0,38.36,136.0,5.97,10.91,8.99,7.65,42.33,75.39,13.17,455.82,353.34,27.2,Moderate Margin (5-20%)
TXN-1657,2026-03-25,Office Supplies,Ergonomic Executive Desk,Houston,South,Consumer,Direct Invoice,Bob Jones,5,835.54,436.13,4177.7,2180.65,271.12,54.55,211.27,2717.59,662.8,16.27,2026,3,Mar,2026-03,2026Q1,Wednesday,1892.19,351.72,211.27,104.86,4072.84,18.0,733.11,87.88,83.46,17.55,888.66,1003.53,915.65,849.74,22.0,186.94,662.8,16.27,24.64,22.48,20.86,46.46,65.05,6.49,814.57,543.52,132.56,Moderate Margin (5-20%)
TXN-1433,2026-03-26,Hardware,Gigabit Switch 24-Port,Seattle,West,Government,PayPal,Evan Wright,32,441.91,250.6,14141.12,8019.2,1683.55,434.23,674.32,10811.3,997.91,7.23,2026,3,Mar,2026-03,2026Q1,Thursday,5792.46,1426.99,674.32,329.46,13811.66,18.0,2486.1,228.87,152.9,87.77,4219.09,1573.37,1344.5,1279.37,22.0,281.46,997.91,7.23,11.39,9.73,9.26,41.94,76.45,11.91,431.61,337.85,31.18,Moderate Margin (5-20%)
TXN-1720,2026-03-26,Electronics,Ultra-Wide Monitor 34,Phoenix,West,SMB,Direct Invoice,Evan Wright,6,617.08,389.82,3702.48,2338.92,228.66,79.01,111.07,2757.66,300.19,8.26,2026,3,Mar,2026-03,2026Q1,Thursday,1295.98,394.47,111.07,67.58,3634.9,18.0,654.28,63.48,56.14,21.71,813.21,482.77,419.29,384.86,22.0,84.67,300.19,8.26,13.28,11.54,10.59,35.65,74.48,6.18,605.82,459.61,50.03,Moderate Margin (5-20%)
TXN-1323,2026-03-26,Electronics,Wireless Noise-Canceling Headset,Los Angeles,West,Government,Wire Transfer,Diana Prince,15,232.47,115.11,3487.05,1726.65,254.64,164.28,115.67,2261.24,525.46,15.33,2026,3,Mar,2026-03,2026Q1,Thursday,1701.01,359.2,115.67,59.39,3427.66,18.0,616.98,79.52,62.18,8.15,893.79,807.22,727.7,673.67,22.0,148.21,525.46,15.33,23.55,21.23,19.65,49.63,64.85,7.3,228.51,150.75,35.03,Moderate Margin (5-20%)
TXN-1645,2026-03-27,Electronics,Smart Display 10,New York,East,SMB,PayPal,Fiona Gallagher,6,350.25,201.7,2101.5,1210.2,212.36,59.74,71.32,1553.62,199.64,9.78,2026,3,Mar,2026-03,2026Q1,Friday,830.65,159.69,71.32,60.65,2040.85,18.0,367.35,47.03,29.68,5.12,503.11,327.54,280.51,255.95,22.0,56.31,199.64,9.78,16.05,13.74,12.54,40.7,73.93,10.11,340.14,258.94,33.27,Moderate Margin (5-20%)
TXN-2004,2026-03-27,Electronics,Ultra-Wide Monitor 34,Seattle,West,Enterprise,Direct Invoice,Evan Wright,6,634.41,369.53,3806.46,2217.18,335.83,68.72,160.25,2781.98,375.94,9.98,2026,3,Mar,2026-03,2026Q1,Friday,1548.02,405.81,160.25,41.26,3765.2,18.0,677.74,69.53,52.16,26.25,970.61,577.41,507.88,481.97,22.0,106.03,375.94,9.98,15.34,13.49,12.8,41.11,73.09,8.82,627.53,463.66,62.66,Moderate Margin (5-20%)
TXN-2081,2026-03-29,Office Supplies,Mesh Office Chair,New York,East,Consumer,Credit Card,Evan Wright,1,330.29,166.97,330.29,166.97,37.41,7.65,30.5,242.53,29.7,9.13,2026,3,Mar,2026-03,2026Q1,Sunday,158.34,36.11,30.5,4.98,325.31,18.0,58.56,5.46,4.2,1.07,111.67,46.67,41.21,38.08,22.0,8.38,29.7,9.13,14.35,12.67,11.71,48.67,73.43,11.33,325.31,242.53,29.7,Moderate Margin (5-20%)
TXN-2054,2026-03-29,Hardware,Gigabit Switch 24-Port,Chicago,Midwest,Consumer,PayPal,Evan Wright,2,427.39,249.89,854.78,499.78,100.71,15.35,68.62,684.46,21.8,2.62,2026,3,Mar,2026-03,2026Q1,Sunday,332.28,93.97,68.62,22.72,832.06,18.0,149.77,16.01,15.81,6.14,278.65,53.63,37.62,27.95,22.0,6.15,21.8,2.62,6.45,4.52,3.36,39.93,80.07,11.78,416.03,342.23,10.9,Low Margin (0-5%)
TXN-1929,2026-03-30,Software,Security Firewall Pro,Seattle,West,SMB,Wire Transfer,Bob Jones,2,788.52,228.41,1577.04,456.82,150.69,21.78,47.31,676.6,507.45,33.09,2026,3,Mar,2026-03,2026Q1,Monday,1076.63,160.34,47.31,43.59,1533.45,18.0,276.02,25.87,24.79,4.73,380.12,696.51,670.64,650.58,22.0,143.13,507.45,33.09,45.42,43.73,42.43,70.21,42.9,9.56,766.72,338.3,253.72,High Margin (>=20%)
TXN-1193,2026-03-30,Electronics,Smart Display 10,Houston,South,Enterprise,PayPal,Fiona Gallagher,13,324.7,208.06,4221.1,2704.78,541.07,151.81,183.95,3581.61,-39.43,-0.95,2026,3,Mar,2026-03,2026Q1,Monday,1459.78,485.51,183.95,56.54,4164.56,18.0,749.62,86.64,67.32,17.09,1362.34,97.44,10.8,-39.43,22.0,0.0,-39.43,-0.95,2.34,0.26,-0.95,35.05,84.85,12.82,320.35,275.51,-3.03,Loss Making (<0%)
TXN-1196,2026-03-30,Services,Cloud Migration Consulting,Los Angeles,West,Government,Wire Transfer,Diana Prince,34,3613.47,1168.49,122857.98,39728.66,12407.32,205.44,3799.59,56141.01,38048.7,31.82,2026,3,Mar,2026-03,2026Q1,Monday,79864.04,10745.22,3799.59,3265.28,119592.7,18.0,21526.69,2795.44,2037.87,907.23,27157.57,52706.47,49911.03,48780.39,22.0,10731.69,38048.7,31.82,44.07,41.73,40.79,66.78,45.7,10.1,3517.43,1651.21,1119.08,High Margin (>=20%)
TXN-1800,2026-03-31,Hardware,NAS Storage Enclosure,Houston,South,Enterprise,Wire Transfer,Charlie Davis,21,751.78,465.59,15787.38,9777.39,1240.08,272.57,572.82,11862.86,1144.14,7.36,2026,3,Mar,2026-03,2026Q1,Tuesday,5763.02,1833.31,572.82,246.97,15540.41,18.0,2797.27,298.81,177.91,99.33,3918.78,1844.24,1545.43,1466.85,22.0,322.71,1144.14,7.36,11.87,9.94,9.44,37.08,75.14,7.85,740.02,564.9,54.48,Moderate Margin (5-20%)
TXN-1275,2026-04-01,Hardware,NAS Storage Enclosure,New York,East,Consumer,Wire Transfer,Fiona Gallagher,2,768.62,500.35,1537.24,1000.7,105.99,20.33,95.22,1222.24,79.51,5.26,2026,4,Apr,2026-04,2026Q2,Wednesday,511.11,146.91,95.22,25.43,1511.81,18.0,272.13,36.74,16.02,12.04,368.45,142.66,105.92,101.94,22.0,22.43,79.51,5.26,9.44,7.01,6.74,33.81,79.51,6.89,755.9,611.12,39.76,Moderate Margin (5-20%)
TXN-1708,2026-04-01,Electronics,Ultra-Wide Monitor 34,Boston,East,Government,Credit Card,Charlie Davis,16,666.11,371.77,10657.76,5948.32,639.67,100.31,520.58,7208.88,1399.05,13.36,2026,4,Apr,2026-04,2026Q2,Wednesday,4524.43,1177.62,520.58,185.01,10472.75,18.0,1885.1,160.83,173.73,41.96,2438.18,2086.25,1925.42,1793.65,22.0,394.6,1399.05,13.36,19.92,18.39,17.13,43.2,67.64,6.0,654.55,450.56,87.44,Moderate Margin (5-20%)
TXN-1084,2026-04-01,Office Supplies,Ergonomic Executive Desk,Miami,East,Enterprise,PayPal,Bob Jones,25,895.84,447.17,22396.0,11179.25,2984.07,305.38,861.48,15330.18,3604.62,16.26,2026,4,Apr,2026-04,2026Q2,Wednesday,10988.41,1638.89,861.48,228.34,22167.66,18.0,3990.18,369.26,277.02,69.0,5789.82,5198.59,4829.33,4621.31,22.0,1016.69,3604.62,16.26,23.45,21.79,20.85,49.57,68.45,13.32,886.71,613.21,144.18,Moderate Margin (5-20%)
TXN-1215,2026-04-01,Services,Cybersecurity Audit,Austin,South,Enterprise,PayPal,Diana Prince,9,2303.56,782.06,20732.04,7038.54,2698.63,129.96,621.96,10489.09,5503.31,27.1,2026,4,Apr,2026-04,2026Q2,Wednesday,13265.94,2189.49,621.96,427.56,20304.48,18.0,3654.81,376.55,259.74,65.91,5640.04,7625.9,7249.35,7055.52,22.0,1552.21,5503.31,27.1,37.56,35.7,34.75,65.34,50.59,13.02,2256.05,1165.45,611.48,High Margin (>=20%)
TXN-1596,2026-04-04,Software,Cloud Storage Annual,Boston,East,Enterprise,Credit Card,Fiona Gallagher,23,421.6,78.48,9696.8,1805.04,975.51,207.29,444.46,3432.3,3852.52,40.2,2026,4,Apr,2026-04,2026Q2,Saturday,7778.35,908.57,444.46,113.41,9583.39,18.0,1725.01,229.36,115.07,41.04,2535.83,5242.52,5013.16,4939.13,22.0,1086.61,3852.52,40.2,54.7,52.31,51.54,81.16,35.4,10.06,416.67,149.23,167.5,High Margin (>=20%)
TXN-1228,2026-04-07,Office Supplies,Ergonomic Executive Desk,Los Angeles,West,SMB,PayPal,Evan Wright,5,901.07,435.73,4505.35,2178.65,370.68,31.48,206.05,2786.86,802.52,18.35,2026,4,Apr,2026-04,2026Q2,Tuesday,2195.88,403.93,206.05,130.82,4374.53,18.0,787.42,98.53,66.78,10.44,1012.14,1183.74,1085.21,1028.87,22.0,226.35,802.52,18.35,27.06,24.81,23.52,50.2,61.86,8.23,874.91,557.37,160.5,Moderate Margin (5-20%)
TXN-1933,2026-04-09,Services,Cybersecurity Audit,Phoenix,West,Enterprise,PayPal,Alice Smith,20,2064.9,804.4,41298.0,16088.0,3426.78,288.04,1738.52,21541.34,10138.7,25.08,2026,4,Apr,2026-04,2026Q2,Thursday,24334.68,4923.55,1738.52,875.32,40422.68,18.0,7276.08,689.63,514.93,245.1,10376.89,13957.79,13268.16,12998.33,22.0,2859.63,10138.7,25.08,34.53,32.82,32.16,60.2,52.16,8.3,2021.13,1077.07,506.94,High Margin (>=20%)
TXN-2056,2026-04-09,Office Supplies,Ergonomic Executive Desk,Miami,East,SMB,Direct Invoice,Fiona Gallagher,2,867.9,441.8,1735.8,883.6,136.39,27.58,88.85,1136.42,290.49,17.1,2026,4,Apr,2026-04,2026Q2,Thursday,814.99,151.94,88.85,37.21,1698.59,18.0,305.75,28.94,20.28,11.41,404.76,410.23,381.29,372.42,22.0,81.93,290.49,17.1,24.15,22.45,21.93,47.98,65.47,7.86,849.3,568.21,145.24,Moderate Margin (5-20%)
TXN-1252,2026-04-09,Electronics,Laptop Pro 15,San Francisco,West,Enterprise,Wire Transfer,Evan Wright,29,1290.83,729.46,37434.07,21154.34,3157.04,233.14,1123.02,25667.54,5246.85,14.34,2026,4,Apr,2026-04,2026Q2,Thursday,15442.82,3341.17,1123.02,836.91,36597.16,18.0,6587.49,699.53,417.9,255.71,7854.37,7588.45,6888.92,6726.73,22.0,1479.88,5246.85,14.34,20.74,18.82,18.38,42.2,68.57,8.43,1261.97,885.09,180.93,Moderate Margin (5-20%)
TXN-2049,2026-04-10,Software,Data Analytics Suite,Phoenix,West,Consumer,Direct Invoice,Alice Smith,6,1502.37,309.32,9014.22,1855.92,856.05,37.43,353.6,3103.0,3406.85,38.64,2026,4,Apr,2026-04,2026Q2,Friday,6960.17,1023.16,353.6,198.13,8816.09,18.0,1586.9,188.68,168.84,35.34,2270.24,4689.93,4501.25,4367.75,22.0,960.9,3406.85,38.64,53.2,51.06,49.54,78.95,34.42,9.5,1469.35,517.17,567.81,High Margin (>=20%)
TXN-2165,2026-04-11,Services,Cloud Migration Consulting,Boston,East,SMB,PayPal,Fiona Gallagher,1,3745.3,1226.88,3745.3,1226.88,389.81,12.7,139.33,1768.72,1162.98,31.74,2026,4,Apr,2026-04,2026Q2,Saturday,2437.73,292.28,139.33,80.69,3664.61,18.0,659.63,73.35,57.62,18.36,834.12,1603.61,1530.26,1491.0,22.0,328.02,1162.98,31.74,43.76,41.76,40.69,66.52,47.23,10.41,3664.61,1768.72,1162.98,High Margin (>=20%)
TXN-1242,2026-04-11,Office Supplies,Mesh Office Chair,San Francisco,West,Enterprise,Credit Card,Alice Smith,22,324.79,153.17,7145.38,3369.74,784.47,325.86,214.36,4694.43,1073.48,15.2,2026,4,Apr,2026-04,2026Q2,Saturday,3690.77,840.99,214.36,84.87,7060.51,18.0,1270.89,114.71,73.79,39.66,2165.68,1525.09,1410.38,1376.25,22.0,302.77,1073.48,15.2,21.6,19.98,19.49,52.27,65.7,10.98,320.93,213.38,48.79,Moderate Margin (5-20%)
TXN-2135,2026-04-11,Services,Cybersecurity Audit,New York,East,Enterprise,Wire Transfer,Fiona Gallagher,14,2255.87,772.04,31582.18,10808.56,4227.18,149.1,947.47,16132.31,8509.83,27.28,2026,4,Apr,2026-04,2026Q2,Saturday,20385.48,3289.69,947.47,388.14,31194.04,18.0,5614.93,547.16,451.79,136.95,8613.44,11772.04,11224.88,10910.04,22.0,2400.21,8509.83,27.28,37.74,35.98,34.97,65.35,51.08,13.38,2228.15,1152.31,607.84,High Margin (>=20%)
TXN-1234,2026-04-12,Hardware,NAS Storage Enclosure,New York,East,SMB,Wire Transfer,Diana Prince,3,789.4,459.67,2368.2,1379.01,214.57,26.03,77.87,1697.48,259.24,11.21,2026,4,Apr,2026-04,2026Q2,Sunday,933.92,224.09,77.87,55.27,2312.93,18.0,416.33,39.48,32.79,13.27,542.56,391.36,351.88,332.36,22.0,73.12,259.24,11.21,16.92,15.21,14.37,40.38,71.68,9.06,770.98,565.83,86.41,Moderate Margin (5-20%)
TXN-1813,2026-04-13,Services,Cloud Migration Consulting,Miami,East,Enterprise,Credit Card,Fiona Gallagher,23,3336.49,1180.53,76739.27,27152.19,9575.06,275.01,3198.82,40201.08,20662.68,27.71,2026,4,Apr,2026-04,2026Q2,Monday,47428.5,5850.08,3198.82,2158.58,74580.69,18.0,13424.52,1288.65,1281.88,531.62,18898.97,28529.53,27240.88,26490.62,22.0,5827.94,20662.68,27.71,38.25,36.53,35.52,63.59,52.39,12.48,3242.64,1747.87,898.38,High Margin (>=20%)
TXN-1707,2026-04-13,Software,Enterprise ERP License,Boston,East,SMB,Direct Invoice,Fiona Gallagher,3,2307.22,499.14,6921.66,1497.42,598.59,37.21,226.89,2360.11,2762.98,41.12,2026,4,Apr,2026-04,2026Q2,Monday,5222.39,596.08,226.89,201.85,6719.81,18.0,1209.57,153.9,102.22,34.78,1458.77,3763.62,3609.72,3542.28,22.0,779.3,2762.98,41.12,56.01,53.72,52.71,77.72,34.1,8.65,2239.94,786.7,920.99,High Margin (>=20%)
TXN-1903,2026-04-16,Software,Security Firewall Pro,Austin,South,Enterprise,PayPal,Fiona Gallagher,28,789.83,226.1,22115.24,6330.8,2004.67,232.51,736.07,9304.05,7917.29,36.28,2026,4,Apr,2026-04,2026Q2,Thursday,15493.42,1748.69,736.07,291.02,21824.22,18.0,3928.36,455.37,284.89,119.15,4721.94,10771.48,10316.11,10150.37,22.0,2233.08,7917.29,36.28,49.36,47.27,46.51,70.99,42.07,9.06,779.44,332.29,282.76,High Margin (>=20%)
TXN-2043,2026-04-16,Hardware,Rack Server Blade X,Houston,South,Enterprise,Credit Card,Diana Prince,12,3149.58,2085.11,37794.96,25021.32,5193.94,146.87,1200.14,31562.27,712.66,1.93,2026,4,Apr,2026-04,2026Q2,Thursday,11955.15,3248.01,1200.14,818.49,36976.47,18.0,6655.76,646.91,702.42,96.81,9788.96,2166.19,1519.28,913.67,22.0,201.01,712.66,1.93,5.86,4.11,2.47,32.33,83.51,13.74,3081.37,2630.19,59.39,Low Margin (0-5%)
TXN-1580,2026-04-18,Software,Enterprise ERP License,New York,East,SMB,Credit Card,Charlie Davis,2,2455.22,514.8,4910.44,1029.6,414.74,11.46,243.91,1699.71,1952.59,40.86,2026,4,Apr,2026-04,2026Q2,Saturday,3749.15,407.14,243.91,131.69,4778.75,18.0,860.18,121.3,64.12,16.84,1077.25,2671.9,2550.6,2503.32,22.0,550.73,1952.59,40.86,55.91,53.37,52.38,78.45,34.61,8.45,2389.38,849.86,976.3,High Margin (>=20%)
TXN-1491,2026-04-18,Electronics,Ultra-Wide Monitor 34,Austin,South,Enterprise,Wire Transfer,Fiona Gallagher,25,631.98,374.29,15799.5,9357.25,1701.73,193.55,473.98,11726.51,1473.17,9.45,2026,4,Apr,2026-04,2026Q2,Saturday,6229.01,1465.92,473.98,213.24,15586.26,18.0,2805.53,289.48,273.99,58.32,3835.18,2393.83,2104.35,1888.68,22.0,415.51,1473.17,9.45,15.36,13.5,12.12,39.96,74.22,10.77,623.45,469.06,58.93,Moderate Margin (5-20%)
TXN-1470,2026-04-18,Hardware,Gigabit Switch 24-Port,Austin,South,Enterprise,Credit Card,Charlie Davis,13,431.57,272.14,5610.41,3537.82,766.67,97.19,196.38,4598.06,12.08,0.22,2026,4,Apr,2026-04,2026Q2,Saturday,1924.76,662.93,196.38,147.83,5462.58,18.0,983.26,103.96,103.62,21.48,1723.17,201.59,97.63,15.49,22.0,3.41,12.08,0.22,3.69,1.79,0.28,35.24,81.96,13.67,420.2,353.7,0.93,Low Margin (0-5%)
TXN-2031,2026-04-18,Services,Annual IT Maintenance Plan,Boston,East,Enterprise,Direct Invoice,Bob Jones,21,1911.38,610.24,40138.98,12815.04,5561.79,118.24,1845.19,20340.26,11662.64,29.8,2026,4,Apr,2026-04,2026Q2,Saturday,26325.93,2884.0,1845.19,998.01,39140.97,18.0,7045.37,835.27,449.54,320.2,10409.22,15916.71,15081.44,14952.1,22.0,3289.46,11662.64,29.8,40.67,38.53,38.2,67.26,50.67,13.86,1863.86,968.58,555.36,High Margin (>=20%)
TXN-2161,2026-04-20,Electronics,Laptop Pro 15,Los Angeles,West,Government,Direct Invoice,Charlie Davis,22,1207.67,727.32,26568.74,16001.04,2509.61,220.37,1216.05,19947.07,2055.95,7.82,2026,4,Apr,2026-04,2026Q2,Monday,10295.79,2956.86,1216.05,271.91,26296.83,18.0,4733.43,479.95,394.08,116.96,6902.89,3392.9,2912.95,2635.83,22.0,579.88,2055.95,7.82,12.9,11.08,10.02,39.15,75.08,9.45,1195.31,906.68,93.45,Moderate Margin (5-20%)
TXN-1144,2026-04-22,Office Supplies,High-Speed Paper Shredder,Phoenix,West,Government,Wire Transfer,Fiona Gallagher,12,188.24,90.67,2258.88,1088.04,237.92,106.93,94.41,1527.3,329.08,14.93,2026,4,Apr,2026-04,2026Q2,Wednesday,1115.4,192.1,94.41,55.44,2203.44,18.0,396.62,47.74,23.84,9.44,631.36,484.04,436.3,421.9,22.0,92.82,329.08,14.93,21.97,19.8,19.15,50.62,67.61,10.53,183.62,127.28,27.42,Moderate Margin (5-20%)
TXN-1443,2026-04-22,Software,Enterprise ERP License,Chicago,Midwest,SMB,PayPal,Evan Wright,7,2318.06,496.89,16226.42,3478.23,2069.18,53.37,525.09,6125.87,6068.77,38.18,2026,4,Apr,2026-04,2026Q2,Wednesday,12416.86,1439.5,525.09,331.33,15895.09,18.0,2861.12,392.42,238.15,81.32,4087.14,8329.72,7937.3,7780.47,22.0,1711.7,6068.77,38.18,52.4,49.94,48.95,78.12,37.75,12.75,2270.73,875.12,866.97,High Margin (>=20%)
TXN-2132,2026-04-22,Electronics,Smart Display 10,Los Angeles,West,SMB,Direct Invoice,Evan Wright,3,363.41,193.62,1090.23,580.86,149.06,34.16,68.62,832.7,85.51,7.93,2026,4,Apr,2026-04,2026Q2,Wednesday,497.17,103.35,68.62,12.2,1078.03,18.0,194.05,25.06,11.64,4.35,355.19,141.98,116.92,109.63,22.0,24.12,85.51,7.93,13.17,10.85,10.17,46.12,76.38,13.67,359.34,277.57,28.5,Moderate Margin (5-20%)
TXN-1600,2026-04-22,Hardware,Rack Server Blade X,New York,East,Enterprise,Wire Transfer,Charlie Davis,13,3405.19,2190.3,44267.47,28473.9,4014.41,128.93,2023.58,34640.82,3539.09,8.08,2026,4,Apr,2026-04,2026Q2,Wednesday,15340.18,3189.18,2023.58,453.39,43814.08,18.0,7886.53,1049.76,715.85,318.83,9356.1,5984.08,4934.32,4537.3,22.0,998.21,3539.09,8.08,13.66,11.26,10.36,35.01,78.25,9.07,3370.31,2664.68,272.24,Moderate Margin (5-20%)
TXN-2040,2026-04-23,Office Supplies,Ergonomic Executive Desk,Houston,South,Consumer,Direct Invoice,Alice Smith,3,819.05,452.21,2457.15,1356.63,289.33,44.8,73.71,1764.47,277.36,11.46,2026,4,Apr,2026-04,2026Q2,Thursday,1064.18,210.74,73.71,36.34,2420.81,18.0,435.75,59.69,44.52,14.2,618.58,445.6,385.91,355.59,22.0,78.23,277.36,11.46,18.41,15.94,14.69,43.96,71.81,11.78,806.94,588.16,92.45,Moderate Margin (5-20%)
TXN-1190,2026-04-24,Software,Data Analytics Suite,New York,East,Consumer,PayPal,Charlie Davis,3,1473.54,296.39,4420.62,889.17,345.42,26.45,132.62,1393.66,1890.38,43.59,2026,4,Apr,2026-04,2026Q2,Friday,3447.12,362.9,132.62,84.33,4336.29,18.0,780.53,97.87,87.55,29.26,867.39,2579.73,2481.86,2423.57,22.0,533.19,1890.38,43.59,59.49,57.23,55.89,79.49,31.53,7.81,1445.43,464.55,630.13,High Margin (>=20%)
TXN-1604,2026-04-24,Hardware,Gigabit Switch 24-Port,Miami,East,Enterprise,Credit Card,Evan Wright,17,436.84,266.92,7426.28,4537.64,741.41,137.71,346.18,5762.94,557.33,7.63,2026,4,Apr,2026-04,2026Q2,Friday,2770.33,552.78,346.18,118.31,7307.97,18.0,1315.43,157.8,145.81,25.89,1778.08,992.25,834.45,714.53,22.0,157.2,557.33,7.63,13.58,11.42,9.78,37.91,77.6,9.98,429.88,339.0,32.78,Moderate Margin (5-20%)
TXN-1191,2026-04-25,Office Supplies,High-Speed Paper Shredder,New York,East,Enterprise,Direct Invoice,Fiona Gallagher,10,173.67,93.23,1736.7,932.3,144.8,141.08,98.72,1316.9,169.09,9.88,2026,4,Apr,2026-04,2026Q2,Saturday,778.83,129.65,98.72,25.57,1711.13,18.0,308.0,40.34,21.1,13.64,514.25,264.58,224.24,216.78,22.0,47.69,169.09,9.88,15.46,13.1,12.67,45.52,75.83,8.34,171.11,131.69,16.91,Moderate Margin (5-20%)
TXN-2137,2026-04-26,Office Supplies,Standing Desk Converter,Los Angeles,West,SMB,Credit Card,Alice Smith,1,265.71,140.62,265.71,140.62,36.15,11.25,35.08,223.1,0.43,0.16,2026,4,Apr,2026-04,2026Q2,Sunday,120.01,29.91,35.08,5.08,260.63,18.0,46.91,4.67,4.02,1.62,112.39,7.62,2.95,0.55,22.0,0.12,0.43,0.16,2.92,1.13,0.21,46.05,83.96,13.61,260.63,223.1,0.43,Low Margin (0-5%)
TXN-1060,2026-04-26,Electronics,Smart Display 10,Los Angeles,West,SMB,Wire Transfer,Alice Smith,2,353.18,201.43,706.36,402.86,58.2,25.39,33.6,520.05,68.89,9.97,2026,4,Apr,2026-04,2026Q2,Sunday,288.21,60.94,33.6,15.29,691.07,18.0,124.39,13.43,13.5,5.17,178.13,110.08,96.65,88.32,22.0,19.43,68.89,9.97,15.93,13.99,12.78,41.7,73.62,8.24,345.54,260.02,34.44,Moderate Margin (5-20%)
TXN-1419,2026-04-26,Software,Cloud Storage Annual,Chicago,Midwest,Consumer,Direct Invoice,Charlie Davis,2,378.72,78.48,757.44,156.96,75.95,25.93,54.32,313.16,258.23,34.83,2026,4,Apr,2026-04,2026Q2,Sunday,584.46,78.49,54.32,16.02,741.42,18.0,133.46,11.43,9.83,2.55,234.69,349.77,338.34,331.06,22.0,72.83,258.23,34.83,47.18,45.63,44.65,78.83,41.34,10.03,370.71,156.58,129.12,High Margin (>=20%)
TXN-1052,2026-04-27,Office Supplies,Mesh Office Chair,Los Angeles,West,Enterprise,Direct Invoice,Alice Smith,7,339.17,160.24,2374.19,1121.68,327.28,77.14,90.09,1616.19,289.86,12.45,2026,4,Apr,2026-04,2026Q2,Monday,1205.9,258.21,90.09,46.61,2327.58,18.0,418.96,58.56,33.19,10.18,752.72,453.18,394.62,371.61,22.0,81.75,289.86,12.45,19.47,16.95,15.97,51.81,68.07,13.78,332.51,230.88,41.41,Moderate Margin (5-20%)
TXN-1465,2026-04-28,Services,Cloud Migration Consulting,Miami,East,Government,PayPal,Fiona Gallagher,19,3758.02,1204.5,71402.38,22885.5,4365.24,143.95,2352.24,29746.93,22569.81,32.58,2026,4,Apr,2026-04,2026Q2,Tuesday,46386.01,8433.24,2352.24,2130.87,69271.51,18.0,12468.87,1382.79,1332.06,559.16,15294.67,31091.34,29708.55,28935.65,22.0,6365.84,22569.81,32.58,44.88,42.89,41.77,66.96,41.66,6.11,3645.87,1565.63,1187.88,High Margin (>=20%)
TXN-1757,2026-04-28,Hardware,NAS Storage Enclosure,Houston,South,Government,Credit Card,Evan Wright,20,739.59,485.1,14791.8,9702.0,1286.2,217.1,443.75,11649.05,631.32,4.37,2026,4,Apr,2026-04,2026Q2,Tuesday,4751.79,1494.03,443.75,338.01,14453.79,18.0,2601.68,360.37,180.53,39.57,3441.08,1310.71,950.34,809.38,22.0,178.06,631.32,4.37,9.07,6.58,5.6,32.88,78.75,8.7,722.69,582.45,31.57,Low Margin (0-5%)
TXN-1233,2026-04-28,Hardware,Gigabit Switch 24-Port,Seattle,West,Enterprise,PayPal,Fiona Gallagher,21,479.24,253.93,10064.04,5332.53,1187.44,289.31,301.92,7111.2,1153.07,11.69,2026,4,Apr,2026-04,2026Q2,Tuesday,4532.47,994.78,301.92,199.04,9865.0,18.0,1775.7,151.4,183.53,54.21,2773.45,1759.02,1607.62,1478.3,22.0,325.23,1153.07,11.69,17.83,16.3,14.99,45.94,70.66,11.8,469.76,338.63,54.91,Moderate Margin (5-20%)
TXN-1050,2026-04-29,Office Supplies,Standing Desk Converter,Boston,East,Enterprise,Wire Transfer,Alice Smith,28,298.39,137.17,8354.92,3840.76,851.27,335.34,372.45,5399.82,1409.93,17.26,2026,4,Apr,2026-04,2026Q2,Wednesday,4327.57,662.07,372.45,186.59,8168.33,18.0,1470.3,153.94,167.06,22.16,2221.13,2106.44,1952.5,1807.6,22.0,397.67,1409.93,17.26,25.79,23.9,22.13,52.98,64.63,10.19,291.73,192.85,50.35,Moderate Margin (5-20%)
TXN-1928,2026-04-29,Electronics,Ultra-Wide Monitor 34,Miami,East,SMB,PayPal,Evan Wright,3,695.42,392.42,2086.26,1177.26,266.11,32.07,94.49,1569.93,163.32,7.93,2026,4,Apr,2026-04,2026Q2,Wednesday,881.21,202.54,94.49,27.79,2058.47,18.0,370.52,42.1,39.91,5.39,595.21,286.0,243.9,209.38,22.0,46.06,163.32,7.93,13.89,11.85,10.17,42.81,75.25,12.76,686.16,523.31,54.44,Moderate Margin (5-20%)
TXN-2023,2026-04-30,Hardware,Rack Server Blade X,Los Angeles,West,Enterprise,Wire Transfer,Bob Jones,11,3068.96,2019.0,33758.56,22209.0,3465.89,149.38,1384.75,27209.02,1001.19,3.0,2026,4,Apr,2026-04,2026Q2,Thursday,11146.8,3923.41,1384.75,402.76,33355.8,18.0,6004.04,763.72,387.11,211.04,8923.43,2223.37,1459.65,1283.58,22.0,282.39,1001.19,3.0,6.67,4.38,3.85,33.42,80.6,10.27,3032.35,2473.55,91.02,Low Margin (0-5%)
TXN-2090,2026-04-30,Office Supplies,Ergonomic Executive Desk,Chicago,Midwest,Enterprise,Wire Transfer,Diana Prince,27,782.16,455.22,21118.32,12290.94,1586.44,186.81,817.94,14882.13,2726.29,13.09,2026,4,Apr,2026-04,2026Q2,Thursday,8533.37,1722.91,817.94,294.01,20824.31,18.0,3748.38,406.18,417.25,99.4,4314.1,4219.27,3813.09,3495.24,22.0,768.95,2726.29,13.09,20.26,18.31,16.78,40.98,70.47,7.51,771.27,551.19,100.97,Moderate Margin (5-20%)
TXN-1700,2026-05-01,Services,Annual IT Maintenance Plan,Los Angeles,West,Consumer,PayPal,Diana Prince,2,1764.92,617.63,3529.84,1235.26,458.71,27.02,161.87,1882.86,873.76,25.41,2026,5,May,2026-05,2026Q2,Friday,2203.95,332.01,161.87,90.63,3439.21,18.0,619.06,68.25,56.32,20.44,979.61,1224.34,1156.09,1120.21,22.0,246.45,873.76,25.41,35.6,33.61,32.57,64.08,53.34,13.0,1719.6,941.43,436.88,High Margin (>=20%)
TXN-1032,2026-05-01,Hardware,Gigabit Switch 24-Port,Miami,East,SMB,Credit Card,Evan Wright,3,473.09,263.27,1419.27,789.81,178.31,34.54,51.18,1053.84,150.56,10.77,2026,5,May,2026-05,2026Q2,Friday,608.74,111.45,51.18,20.72,1398.55,18.0,251.74,33.02,16.35,9.14,375.48,233.26,200.24,193.03,22.0,42.47,150.56,10.77,16.68,14.32,13.8,43.53,74.25,12.56,466.18,351.28,50.19,Moderate Margin (5-20%)
TXN-1575,2026-05-01,Office Supplies,Ergonomic Executive Desk,San Francisco,West,SMB,Wire Transfer,Charlie Davis,4,855.01,469.65,3420.04,1878.6,289.57,54.78,155.52,2378.47,354.84,10.65,2026,5,May,2026-05,2026Q2,Friday,1453.41,386.87,155.52,88.03,3332.01,18.0,599.76,64.45,64.08,16.78,886.74,566.67,502.22,454.92,22.0,100.08,354.84,10.65,17.01,15.07,13.65,43.62,69.55,8.47,833.0,594.62,88.71,Moderate Margin (5-20%)
TXN-1953,2026-05-02,Hardware,Gigabit Switch 24-Port,Chicago,Midwest,Enterprise,Wire Transfer,Evan Wright,18,437.31,272.12,7871.58,4898.16,1046.46,260.85,355.87,6561.34,187.08,2.44,2026,5,May,2026-05,2026Q2,Saturday,2782.61,620.03,355.87,190.81,7680.77,18.0,1382.54,189.53,90.82,20.8,2283.21,499.4,309.87,239.85,22.0,52.77,187.08,2.44,6.5,4.03,3.12,36.23,83.35,13.29,426.71,364.52,10.39,Low Margin (0-5%)
TXN-1178,2026-05-02,Services,Cloud Migration Consulting,Austin,South,Consumer,Wire Transfer,Bob Jones,2,3702.71,1195.22,7405.42,2390.44,888.23,15.81,321.98,3616.46,2128.82,29.34,2026,5,May,2026-05,2026Q2,Saturday,4864.68,661.58,321.98,150.3,7255.12,18.0,1305.92,155.77,116.01,23.96,1887.6,2977.08,2821.31,2729.26,22.0,600.44,2128.82,29.34,41.03,38.89,37.62,67.05,48.84,11.99,3627.56,1808.23,1064.41,High Margin (>=20%)
TXN-2051,2026-05-03,Office Supplies,Standing Desk Converter,Miami,East,SMB,PayPal,Diana Prince,4,266.08,140.67,1064.32,562.68,65.9,50.57,61.61,740.76,125.6,11.94,2026,5,May,2026-05,2026Q2,Sunday,489.0,121.05,61.61,12.64,1051.68,18.0,189.3,20.8,11.21,3.17,299.13,189.87,169.07,161.03,22.0,35.43,125.6,11.94,18.05,16.08,15.31,46.5,69.6,6.19,262.92,185.19,31.4,Moderate Margin (5-20%)
TXN-1197,2026-05-03,Hardware,Gigabit Switch 24-Port,Los Angeles,West,SMB,PayPal,Alice Smith,1,433.37,257.58,433.37,257.58,56.91,5.03,31.65,351.17,11.64,2.74,2026,5,May,2026-05,2026Q2,Sunday,167.72,46.07,31.65,8.07,425.3,18.0,76.55,7.68,6.64,1.18,139.66,28.06,20.38,14.92,22.0,3.28,11.64,2.74,6.6,4.79,3.51,39.44,81.03,13.13,425.3,351.17,11.64,Low Margin (0-5%)
TXN-1553,2026-05-04,Hardware,NAS Storage Enclosure,Austin,South,SMB,Direct Invoice,Alice Smith,2,806.18,456.35,1612.36,912.7,163.58,10.75,88.04,1175.07,160.77,10.07,2026,5,May,2026-05,2026Q2,Monday,683.15,157.36,88.04,16.51,1595.85,18.0,287.25,35.7,27.61,6.01,419.73,263.42,227.72,206.12,22.0,45.35,160.77,10.07,16.51,14.27,12.92,42.81,72.88,10.15,797.92,587.54,80.39,Moderate Margin (5-20%)
TXN-1884,2026-05-05,Software,Enterprise ERP License,Austin,South,Government,Credit Card,Diana Prince,22,2549.97,513.99,56099.34,11307.78,6884.18,224.24,2487.04,20903.24,21342.31,39.15,2026,5,May,2026-05,2026Q2,Tuesday,43210.43,4218.97,2487.04,1581.13,54518.21,18.0,9813.28,1336.6,880.92,183.46,13814.43,29396.0,28059.4,27361.94,22.0,6019.63,21342.31,39.15,53.92,51.47,50.19,79.26,37.26,12.27,2478.1,950.15,970.1,High Margin (>=20%)
TXN-1120,2026-05-06,Electronics,Ultra-Wide Monitor 34,Boston,East,Consumer,Credit Card,Alice Smith,4,611.61,397.85,2446.44,1591.4,235.6,29.44,73.39,1929.83,137.76,5.69,2026,5,May,2026-05,2026Q2,Wednesday,827.62,237.22,73.39,27.42,2419.02,18.0,435.42,54.38,30.85,9.87,575.65,251.97,197.59,176.61,22.0,38.85,137.76,5.69,10.42,8.17,7.3,34.21,78.88,9.63,604.76,482.46,34.44,Moderate Margin (5-20%)
TXN-1040,2026-05-07,Office Supplies,Standing Desk Converter,Miami,East,Enterprise,Wire Transfer,Diana Prince,24,262.92,134.65,6310.08,3231.6,706.33,299.05,260.36,4497.34,770.69,12.38,2026,5,May,2026-05,2026Q2,Thursday,2991.97,580.58,260.36,86.51,6223.57,18.0,1120.24,104.38,76.2,22.99,1846.32,1145.65,1041.27,988.06,22.0,217.37,770.69,12.38,18.41,16.73,15.88,48.07,71.27,11.19,259.32,187.39,32.11,Moderate Margin (5-20%)
TXN-1288,2026-05-08,Office Supplies,Mesh Office Chair,New York,East,SMB,PayPal,Diana Prince,2,333.97,160.77,667.94,321.54,43.63,25.33,51.04,441.54,96.28,14.77,2026,5,May,2026-05,2026Q2,Friday,330.43,64.88,51.04,15.97,651.97,18.0,117.35,12.78,10.92,1.58,184.88,145.55,132.77,123.43,22.0,27.15,96.28,14.77,22.32,20.36,18.93,50.68,66.1,6.53,325.98,220.77,48.14,Moderate Margin (5-20%)
TXN-1226,2026-05-10,Software,Cloud Storage Annual,Austin,South,SMB,PayPal,Bob Jones,1,389.78,83.52,389.78,83.52,25.97,14.31,27.94,151.74,142.55,37.68,2026,5,May,2026-05,2026Q2,Sunday,294.84,32.04,27.94,11.42,378.36,18.0,68.1,9.6,4.23,2.01,100.26,194.58,184.98,182.76,22.0,40.21,142.55,37.68,51.43,48.89,48.3,77.93,38.93,6.66,378.36,151.74,142.55,High Margin (>=20%)
TXN-1453,2026-05-12,Software,Security Firewall Pro,Los Angeles,West,Enterprise,PayPal,Diana Prince,6,891.05,218.56,5346.3,1311.36,692.68,40.84,262.04,2306.92,1805.92,34.3,2026,5,May,2026-05,2026Q2,Tuesday,3953.34,487.64,262.04,81.6,5264.7,18.0,947.65,90.44,97.48,33.06,1483.2,2470.14,2379.7,2315.28,22.0,509.36,1805.92,34.3,46.92,45.2,43.98,75.09,43.15,12.96,877.45,384.49,300.99,High Margin (>=20%)
TXN-1673,2026-05-12,Services,Cybersecurity Audit,Austin,South,Government,Credit Card,Evan Wright,22,2043.25,792.59,44951.5,17436.98,3335.08,134.12,1643.0,22549.18,13217.02,30.01,2026,5,May,2026-05,2026Q2,Tuesday,26610.23,3326.94,1643.0,904.29,44047.21,18.0,7928.5,814.93,517.59,106.33,8439.14,18171.09,17356.16,16944.9,22.0,3727.88,13217.02,30.01,41.25,39.4,38.47,60.41,50.16,7.42,2002.15,1024.96,600.77,High Margin (>=20%)
TXN-1946,2026-05-13,Hardware,NAS Storage Enclosure,Miami,East,SMB,Wire Transfer,Alice Smith,4,731.1,480.31,2924.4,1921.24,195.54,58.78,87.74,2263.3,216.57,7.61,2026,5,May,2026-05,2026Q2,Wednesday,925.86,206.32,87.74,77.3,2847.1,18.0,512.48,64.82,52.99,17.99,548.38,377.48,312.66,277.66,22.0,61.09,216.57,7.61,13.26,10.98,9.75,32.52,77.39,6.69,711.78,565.83,54.14,Moderate Margin (5-20%)
TXN-1218,2026-05-13,Office Supplies,Standing Desk Converter,Austin,South,Enterprise,Credit Card,Evan Wright,19,285.67,145.97,5427.73,2773.43,333.96,185.6,238.42,3531.41,836.57,15.61,2026,5,May,2026-05,2026Q2,Wednesday,2586.77,582.53,238.42,67.53,5360.2,18.0,964.84,96.09,98.98,21.34,1340.51,1246.26,1150.17,1072.53,22.0,235.96,836.57,15.61,23.25,21.46,20.01,48.26,65.06,6.15,282.12,185.86,44.03,Moderate Margin (5-20%)
TXN-1369,2026-05-14,Hardware,Gigabit Switch 24-Port,Miami,East,SMB,Credit Card,Charlie Davis,6,439.54,257.42,2637.24,1544.52,182.53,83.0,100.67,1910.72,289.12,11.22,2026,5,May,2026-05,2026Q2,Thursday,1033.44,210.42,100.67,59.28,2577.96,18.0,464.03,52.76,41.89,8.5,576.62,456.82,404.06,370.67,22.0,81.55,289.12,11.22,17.72,15.67,14.38,40.09,72.45,6.92,429.66,318.45,48.19,Moderate Margin (5-20%)
TXN-1080,2026-05-16,Hardware,Gigabit Switch 24-Port,Austin,South,Consumer,Credit Card,Bob Jones,6,449.1,270.26,2694.6,1621.56,334.1,55.51,80.84,2092.01,205.85,7.8,2026,5,May,2026-05,2026Q2,Saturday,1019.21,204.23,80.84,53.83,2640.77,18.0,475.34,61.82,37.51,18.71,674.68,344.53,282.71,263.91,22.0,58.06,205.85,7.8,13.05,10.71,9.99,38.6,77.64,12.4,440.13,348.67,34.31,Moderate Margin (5-20%)
TXN-1268,2026-05-17,Software,Cloud Storage Annual,San Francisco,West,Enterprise,Credit Card,Alice Smith,17,405.31,78.02,6890.27,1326.34,661.61,247.79,242.94,2478.68,2594.47,38.35,2026,5,May,2026-05,2026Q2,Sunday,5438.95,724.33,242.94,124.98,6765.29,18.0,1217.75,148.25,115.47,27.68,1876.67,3562.28,3414.03,3326.24,22.0,731.77,2594.47,38.35,52.66,50.46,49.17,80.39,35.97,9.6,397.96,145.8,152.62,High Margin (>=20%)
TXN-2034,2026-05-18,Software,Security Firewall Pro,San Francisco,West,Enterprise,PayPal,Alice Smith,5,840.03,222.97,4200.15,1114.85,539.74,49.53,126.0,1830.12,1401.38,34.29,2026,5,May,2026-05,2026Q2,Monday,2971.71,319.33,126.0,113.59,4086.56,18.0,735.58,81.58,78.18,19.29,1034.6,1937.11,1855.53,1796.64,22.0,395.26,1401.38,34.29,47.4,45.41,43.96,72.72,43.57,12.85,817.31,366.02,280.28,High Margin (>=20%)
TXN-1106,2026-05-18,Office Supplies,High-Speed Paper Shredder,Austin,South,Consumer,Credit Card,Charlie Davis,3,177.39,93.55,532.17,280.65,41.72,21.39,34.75,378.51,60.97,11.78,2026,5,May,2026-05,2026Q2,Monday,236.93,43.89,34.75,14.59,517.58,18.0,93.16,8.56,10.03,1.58,141.75,95.18,86.62,78.17,22.0,17.2,60.97,11.78,18.39,16.74,15.1,45.78,71.13,7.84,172.53,126.17,20.32,Moderate Margin (5-20%)
TXN-1476,2026-05-18,Office Supplies,Standing Desk Converter,Los Angeles,West,SMB,Direct Invoice,Evan Wright,4,291.05,133.18,1164.2,532.72,129.88,27.31,54.12,744.03,175.27,15.3,2026,5,May,2026-05,2026Q2,Monday,612.74,139.29,54.12,18.74,1145.46,18.0,206.18,23.01,18.34,3.92,350.6,262.14,239.13,224.71,22.0,49.44,175.27,15.3,22.89,20.88,19.62,53.49,63.91,11.16,286.36,186.01,43.82,Moderate Margin (5-20%)
TXN-1329,2026-05-19,Services,Annual IT Maintenance Plan,San Francisco,West,Consumer,Wire Transfer,Alice Smith,4,1833.68,621.81,7334.72,2487.24,570.97,54.92,334.79,3447.92,2188.84,30.64,2026,5,May,2026-05,2026Q2,Tuesday,4656.33,667.31,334.79,191.15,7143.57,18.0,1285.84,128.11,123.81,29.78,1627.99,3028.34,2900.23,2806.2,22.0,617.36,2188.84,30.64,42.39,40.6,39.28,65.18,47.01,7.78,1785.89,861.98,547.21,High Margin (>=20%)
TXN-1367,2026-05-19,Hardware,NAS Storage Enclosure,Miami,East,Government,Wire Transfer,Evan Wright,33,832.93,502.81,27486.69,16592.73,3481.36,265.0,1316.69,21655.78,870.85,3.24,2026,5,May,2026-05,2026Q2,Tuesday,10252.12,3245.07,1316.69,641.84,26844.85,18.0,4832.07,557.89,359.1,89.46,8308.12,1944.0,1386.11,1116.47,22.0,245.62,870.85,3.24,7.24,5.16,4.16,38.19,78.79,12.67,813.48,656.24,26.39,Low Margin (0-5%)
TXN-1724,2026-05-20,Software,Enterprise ERP License,Austin,South,Enterprise,Direct Invoice,Alice Smith,16,2605.7,524.66,41691.2,8394.56,5030.64,206.98,1585.11,15217.29,15647.63,38.19,2026,5,May,2026-05,2026Q2,Wednesday,32583.31,4463.29,1585.11,713.33,40977.87,18.0,7376.02,816.71,617.56,198.04,11286.02,21297.29,20480.58,20061.06,22.0,4413.43,15647.63,38.19,51.97,49.98,48.96,79.51,36.5,12.07,2561.12,951.08,977.98,High Margin (>=20%)
TXN-1321,2026-05-20,Hardware,NAS Storage Enclosure,New York,East,SMB,Direct Invoice,Fiona Gallagher,4,823.44,501.46,3293.76,2005.84,430.79,49.56,106.22,2592.41,166.28,5.11,2026,5,May,2026-05,2026Q2,Wednesday,1251.01,321.01,106.22,36.91,3256.85,18.0,586.23,79.0,64.12,12.87,907.58,343.43,264.43,213.18,22.0,46.9,166.28,5.11,10.54,8.12,6.55,38.41,78.71,13.08,814.21,648.1,41.57,Moderate Margin (5-20%)
TXN-2170,2026-05-20,Services,Cloud Migration Consulting,Seattle,West,Consumer,Direct Invoice,Diana Prince,4,3720.27,1160.64,14881.08,4642.56,1393.68,53.31,446.43,6535.98,4895.07,33.72,2026,5,May,2026-05,2026Q2,Wednesday,9872.69,1255.25,446.43,365.83,14515.25,18.0,2612.74,351.52,200.24,103.47,3148.67,6724.02,6372.5,6275.73,22.0,1380.66,4895.07,33.72,46.32,43.9,43.24,68.02,43.92,9.37,3628.81,1634.0,1223.77,High Margin (>=20%)
TXN-1069,2026-05-21,Software,Cloud Storage Annual,Seattle,West,SMB,Wire Transfer,Bob Jones,1,384.38,81.81,384.38,81.81,41.3,6.02,44.54,173.67,128.33,34.14,2026,5,May,2026-05,2026Q2,Thursday,294.11,28.34,44.54,8.46,375.92,18.0,67.67,7.59,3.94,2.14,120.2,173.91,166.32,164.52,22.0,36.19,128.33,34.14,46.26,44.24,43.76,78.24,45.18,10.74,375.92,173.67,128.33,High Margin (>=20%)
TXN-1859,2026-05-22,Office Supplies,Ergonomic Executive Desk,Boston,East,Enterprise,Credit Card,Fiona Gallagher,25,882.08,465.23,22052.0,11630.75,2998.34,342.34,755.53,15726.96,2412.59,11.2,2026,5,May,2026-05,2026Q2,Friday,9913.62,2166.43,755.53,507.63,21544.37,18.0,3877.99,417.19,312.22,171.49,6262.64,3650.98,3233.79,3093.06,22.0,680.47,2412.59,11.2,16.95,15.01,14.36,46.01,71.32,13.6,861.77,629.08,96.5,Moderate Margin (5-20%)
TXN-1504,2026-05-23,Software,Cloud Storage Annual,Chicago,Midwest,Consumer,Credit Card,Alice Smith,6,372.91,79.31,2237.46,475.86,255.77,44.21,76.49,852.33,811.01,36.99,2026,5,May,2026-05,2026Q2,Saturday,1716.58,247.66,76.49,45.02,2192.44,18.0,394.64,42.88,26.28,16.47,624.13,1092.45,1049.57,1039.76,22.0,228.75,811.01,36.99,49.83,47.87,47.42,78.3,38.09,11.43,365.41,142.06,135.17,High Margin (>=20%)
TXN-1932,2026-05-23,Software,Cloud Storage Annual,Phoenix,West,Consumer,Direct Invoice,Diana Prince,4,415.65,77.07,1662.6,308.28,117.45,20.89,49.9,496.52,712.05,43.27,2026,5,May,2026-05,2026Q2,Saturday,1337.27,185.79,49.9,17.05,1645.55,18.0,296.2,37.28,19.93,6.86,374.03,963.24,925.96,912.89,22.0,200.84,712.05,43.27,58.54,56.27,55.48,81.27,29.86,7.06,411.39,124.13,178.01,High Margin (>=20%)
TXN-1543,2026-05-25,Software,Cloud Storage Annual,Chicago,Midwest,Enterprise,Direct Invoice,Charlie Davis,12,423.48,83.15,5081.76,997.8,678.84,71.38,204.83,1952.85,1912.65,38.62,2026,5,May,2026-05,2026Q2,Monday,3954.95,413.82,204.83,129.01,4952.75,18.0,891.5,91.3,55.62,12.95,1368.87,2586.08,2494.78,2452.11,22.0,539.46,1912.65,38.62,52.22,50.37,49.51,79.85,38.43,13.36,412.73,162.74,159.39,High Margin (>=20%)
TXN-2188,2026-05-26,Electronics,Ultra-Wide Monitor 34,Chicago,Midwest,SMB,Direct Invoice,Evan Wright,2,618.99,363.68,1237.98,727.36,150.82,14.99,70.37,963.54,89.01,7.35,2026,5,May,2026-05,2026Q2,Tuesday,483.36,90.86,70.37,27.26,1210.72,18.0,217.93,28.01,23.59,9.4,327.04,156.32,128.31,114.12,22.0,25.11,89.01,7.35,12.91,10.6,9.43,39.92,77.83,12.18,605.36,481.77,44.5,Moderate Margin (5-20%)
TXN-1327,2026-05-27,Hardware,NAS Storage Enclosure,San Francisco,West,Enterprise,Credit Card,Bob Jones,9,761.92,458.17,6857.28,4123.53,530.98,46.37,259.32,4960.2,731.83,10.84,2026,5,May,2026-05,2026Q2,Wednesday,2626.11,670.08,259.32,107.64,6749.64,18.0,1214.94,107.36,109.96,36.2,1506.75,1119.36,1012.0,938.24,22.0,206.41,731.83,10.84,16.58,14.99,13.9,38.91,72.33,7.74,749.96,551.13,81.31,Moderate Margin (5-20%)
TXN-1019,2026-05-27,Software,Cloud Storage Annual,Austin,South,SMB,Credit Card,Alice Smith,4,413.58,77.9,1654.32,311.6,142.32,49.86,91.56,595.34,644.54,39.88,2026,5,May,2026-05,2026Q2,Wednesday,1304.52,151.53,91.56,38.2,1616.12,18.0,290.9,25.33,29.71,12.12,435.27,869.25,843.92,826.33,22.0,181.79,644.54,39.88,53.79,52.22,51.13,80.72,35.99,8.6,404.03,148.84,161.14,High Margin (>=20%)
TXN-2109,2026-05-27,Software,Cloud Storage Annual,Los Angeles,West,Enterprise,PayPal,Fiona Gallagher,8,391.8,76.23,3134.4,609.84,222.43,53.86,94.03,980.16,1300.31,42.0,2026,5,May,2026-05,2026Q2,Wednesday,2486.08,328.49,94.03,38.48,3095.92,18.0,557.27,73.58,57.05,10.42,698.81,1787.27,1713.69,1667.06,22.0,366.75,1300.31,42.0,57.73,55.35,53.85,80.3,31.27,7.1,386.99,122.52,162.54,High Margin (>=20%)
TXN-1336,2026-05-29,Hardware,NAS Storage Enclosure,Chicago,Midwest,SMB,Direct Invoice,Evan Wright,2,787.12,467.11,1574.24,934.22,157.73,24.63,87.01,1203.59,143.57,9.23,2026,5,May,2026-05,2026Q2,Friday,620.44,113.4,87.01,19.58,1554.66,18.0,279.84,35.97,24.34,6.71,382.77,237.67,201.7,184.07,22.0,40.5,143.57,9.23,15.29,12.97,11.84,39.91,76.46,10.02,777.33,601.79,71.78,Moderate Margin (5-20%)
TXN-1998,2026-06-02,Hardware,Rack Server Blade X,San Francisco,West,Enterprise,PayPal,Alice Smith,25,3012.3,2139.14,75307.5,53478.5,5797.9,339.4,2259.22,61875.02,2721.41,3.72,2026,6,Jun,2026-06,2026Q2,Tuesday,19773.76,5786.7,2259.22,2055.24,73252.26,18.0,13185.41,1765.86,927.96,592.27,14183.22,5590.54,3824.68,3488.99,22.0,767.58,2721.41,3.72,7.63,5.22,4.76,26.99,82.16,7.7,2930.09,2475.0,108.86,Low Margin (0-5%)
TXN-1027,2026-06-02,Office Supplies,Standing Desk Converter,Los Angeles,West,SMB,Credit Card,Bob Jones,4,289.61,133.57,1158.44,534.28,106.47,37.34,61.32,739.41,220.26,19.36,2026,6,Jun,2026-06,2026Q2,Tuesday,603.36,92.66,61.32,20.8,1137.64,18.0,204.78,18.72,11.59,7.12,297.79,305.57,286.85,282.38,22.0,62.12,220.26,19.36,26.86,25.21,24.82,53.04,63.83,9.19,284.41,184.85,55.06,Moderate Margin (5-20%)
TXN-1029,2026-06-03,Electronics,Ultra-Wide Monitor 34,Phoenix,West,SMB,Credit Card,Fiona Gallagher,5,641.64,370.41,3208.2,1852.05,283.85,62.89,96.25,2295.04,308.12,9.9,2026,6,Jun,2026-06,2026Q2,Wednesday,1260.93,319.6,96.25,95.22,3112.98,18.0,560.34,58.2,57.51,12.39,762.59,498.34,440.14,395.02,22.0,86.9,308.12,9.9,16.01,14.14,12.69,40.51,71.54,8.85,622.6,459.01,61.62,Moderate Margin (5-20%)
TXN-1858,2026-06-03,Hardware,Gigabit Switch 24-Port,New York,East,Consumer,Credit Card,Fiona Gallagher,3,470.68,257.63,1412.04,772.89,177.73,35.42,87.04,1073.08,117.74,8.49,2026,6,Jun,2026-06,2026Q2,Wednesday,613.4,132.17,87.04,25.75,1386.29,18.0,249.53,24.09,16.1,10.1,432.36,181.04,156.95,150.95,22.0,33.21,117.74,8.49,13.06,11.32,10.89,44.25,76.0,12.59,462.1,357.69,39.25,Moderate Margin (5-20%)
TXN-1691,2026-06-04,Hardware,NAS Storage Enclosure,Miami,East,Enterprise,PayPal,Alice Smith,22,825.36,493.08,18157.92,10847.76,1334.73,290.8,776.58,13249.87,1985.15,11.07,2026,6,Jun,2026-06,2026Q2,Thursday,7092.56,1564.92,776.58,217.6,17940.32,18.0,3229.26,354.13,279.68,53.35,3967.03,3125.53,2771.4,2545.07,22.0,559.92,1985.15,11.07,17.42,15.45,14.19,39.53,72.97,7.35,815.47,602.27,90.23,Moderate Margin (5-20%)
TXN-1874,2026-06-05,Software,Data Analytics Suite,San Francisco,West,Enterprise,Direct Invoice,Charlie Davis,26,1444.86,300.14,37566.36,7803.64,5185.87,290.23,1767.05,15046.79,13228.04,36.21,2026,6,Jun,2026-06,2026Q2,Friday,28727.52,3397.38,1767.05,1035.2,36531.16,18.0,6575.61,764.72,509.19,145.94,10640.53,18086.99,17322.27,16959.02,22.0,3730.98,13228.04,36.21,49.51,47.42,46.42,78.64,40.05,13.8,1405.04,578.72,508.77,High Margin (>=20%)
TXN-1345,2026-06-05,Hardware,Rack Server Blade X,New York,East,Enterprise,Credit Card,Diana Prince,25,2988.85,2013.88,74721.25,50347.0,5638.46,137.64,2819.99,58943.09,3741.07,5.16,2026,6,Jun,2026-06,2026Q2,Friday,22188.02,6719.33,2819.99,2186.23,72535.02,18.0,13056.3,1585.89,822.12,331.65,15315.42,6872.6,5286.71,4796.24,22.0,1055.17,3741.07,5.16,9.47,7.29,6.61,30.59,78.88,7.55,2901.4,2357.72,149.64,Moderate Margin (5-20%)
TXN-1692,2026-06-06,Electronics,Wireless Noise-Canceling Headset,Miami,East,SMB,Credit Card,Evan Wright,6,265.55,114.58,1593.3,687.48,167.39,68.87,52.7,976.44,309.44,19.78,2026,6,Jun,2026-06,2026Q2,Saturday,877.09,145.42,52.7,28.73,1564.57,18.0,281.62,39.16,17.2,10.37,434.38,442.71,403.55,396.72,22.0,87.28,309.44,19.78,28.3,25.79,25.36,56.06,61.28,10.51,260.76,162.74,51.57,Moderate Margin (5-20%)
TXN-1428,2026-06-06,Office Supplies,High-Speed Paper Shredder,San Francisco,West,Enterprise,PayPal,Diana Prince,9,190.73,86.28,1716.57,776.52,169.92,107.23,69.89,1123.56,254.59,15.15,2026,6,Jun,2026-06,2026Q2,Saturday,904.49,196.35,69.89,35.56,1681.01,18.0,302.58,27.39,19.85,12.54,543.39,361.1,333.71,326.4,22.0,71.81,254.59,15.15,21.48,19.85,19.42,53.81,65.45,9.9,186.78,124.84,28.29,Moderate Margin (5-20%)
TXN-1641,2026-06-07,Hardware,NAS Storage Enclosure,Seattle,West,Enterprise,Wire Transfer,Fiona Gallagher,27,826.85,489.82,22324.95,13225.14,2150.07,280.96,997.11,16653.28,2382.43,10.86,2026,6,Jun,2026-06,2026Q2,Sunday,8710.39,1585.15,997.11,389.42,21935.53,18.0,3948.4,374.92,374.09,106.31,5013.29,3697.1,3322.18,3054.4,22.0,671.97,2382.43,10.86,16.85,15.15,13.92,39.71,74.59,9.63,812.43,616.79,88.24,Moderate Margin (5-20%)
TXN-1426,2026-06-07,Hardware,Gigabit Switch 24-Port,Los Angeles,West,Enterprise,Credit Card,Alice Smith,25,455.07,262.12,11376.75,6553.0,1333.08,185.05,383.68,8454.81,853.47,7.68,2026,6,Jun,2026-06,2026Q2,Sunday,4552.98,1108.97,383.68,270.77,11105.98,18.0,1999.08,267.13,207.55,26.67,3010.78,1542.2,1275.07,1094.19,22.0,240.72,853.47,7.68,13.89,11.48,9.85,41.0,74.32,11.72,444.24,338.19,34.14,Moderate Margin (5-20%)
TXN-1418,2026-06-09,Services,Cloud Migration Consulting,Los Angeles,West,Enterprise,Direct Invoice,Alice Smith,8,3743.49,1249.1,29947.92,9992.8,3760.56,111.06,898.44,14762.86,8637.25,29.53,2026,6,Jun,2026-06,2026Q2,Tuesday,19259.23,2588.5,898.44,695.89,29252.03,18.0,5265.37,452.84,567.72,193.29,7358.56,11900.67,11447.83,11073.4,22.0,2436.15,8637.25,29.53,40.68,39.14,37.86,65.84,49.3,12.56,3656.5,1845.36,1079.66,High Margin (>=20%)
TXN-1360,2026-06-09,Office Supplies,Ergonomic Executive Desk,Houston,South,SMB,Credit Card,Diana Prince,3,802.16,431.64,2406.48,1294.92,301.34,41.83,133.2,1771.29,214.95,9.19,2026,6,Jun,2026-06,2026Q2,Tuesday,1044.18,237.7,133.2,67.38,2339.1,18.0,421.04,37.59,25.01,8.07,714.07,330.11,292.52,275.58,22.0,60.63,214.95,9.19,14.11,12.51,11.78,44.64,73.61,12.52,779.7,590.43,71.65,Moderate Margin (5-20%)
TXN-1037,2026-06-09,Services,Annual IT Maintenance Plan,Phoenix,West,Consumer,PayPal,Evan Wright,5,1798.39,573.45,8991.95,2867.25,934.82,47.08,419.76,4268.91,2657.76,30.39,2026,6,Jun,2026-06,2026Q2,Tuesday,5879.34,766.39,419.76,245.36,8746.59,18.0,1574.39,169.54,172.71,38.34,2168.05,3711.29,3541.75,3407.38,22.0,749.62,2657.76,30.39,42.43,40.49,38.96,67.22,47.47,10.4,1749.32,853.78,531.55,High Margin (>=20%)
TXN-1260,2026-06-09,Office Supplies,Mesh Office Chair,San Francisco,West,Enterprise,Direct Invoice,Diana Prince,27,310.61,165.06,8386.47,4456.62,839.66,154.14,271.64,5722.06,1202.57,14.68,2026,6,Jun,2026-06,2026Q2,Tuesday,3735.47,627.8,271.64,194.38,8192.09,18.0,1474.58,180.93,153.78,34.23,1893.24,1842.23,1661.3,1541.75,22.0,339.18,1202.57,14.68,22.49,20.28,18.82,45.6,68.23,10.01,303.41,211.93,44.54,Moderate Margin (5-20%)
TXN-1125,2026-06-10,Software,Enterprise ERP License,New York,East,SMB,Credit Card,Fiona Gallagher,5,2685.34,487.77,13426.7,2438.85,1516.29,73.93,417.67,4446.74,5481.77,42.07,2026,6,Jun,2026-06,2026Q2,Wednesday,10591.53,1092.89,417.67,396.32,13030.38,18.0,2345.47,309.41,184.28,30.85,3100.78,7490.75,7181.34,7027.91,22.0,1546.14,5481.77,42.07,57.49,55.11,53.93,81.28,33.12,11.29,2606.08,889.35,1096.35,High Margin (>=20%)
TXN-1876,2026-06-11,Office Supplies,Standing Desk Converter,Miami,East,Government,Direct Invoice,Evan Wright,29,288.94,139.52,8379.26,4046.08,845.99,184.71,260.1,5336.88,1451.04,17.81,2026,6,Jun,2026-06,2026Q2,Thursday,4103.49,651.97,260.1,229.69,8149.57,18.0,1466.92,194.52,124.33,18.44,1942.77,2160.72,1966.2,1860.31,22.0,409.27,1451.04,17.81,26.51,24.13,22.83,50.35,63.69,10.1,281.02,184.03,50.04,Moderate Margin (5-20%)
TXN-1294,2026-06-11,Services,Cybersecurity Audit,Houston,South,SMB,Wire Transfer,Bob Jones,6,2175.0,776.09,13050.0,4656.54,1319.83,74.17,444.47,6495.01,3782.6,29.32,2026,6,Jun,2026-06,2026Q2,Thursday,8243.86,1148.52,444.47,149.6,12900.4,18.0,2322.07,256.31,186.41,35.34,2986.99,5256.87,5000.56,4849.49,22.0,1066.89,3782.6,29.32,40.75,38.76,37.59,63.9,49.77,10.11,2150.07,1082.5,630.43,High Margin (>=20%)
TXN-1605,2026-06-11,Hardware,NAS Storage Enclosure,New York,East,Consumer,Wire Transfer,Fiona Gallagher,5,806.32,502.72,4031.6,2513.6,496.88,37.15,193.41,3241.04,236.97,5.98,2026,6,Jun,2026-06,2026Q2,Thursday,1449.49,306.53,193.41,68.51,3963.09,18.0,713.36,83.52,44.67,16.48,1033.97,415.52,332.0,303.81,22.0,66.84,236.97,5.98,10.48,8.38,7.67,36.57,80.39,12.32,792.62,648.21,47.39,Moderate Margin (5-20%)
TXN-1437,2026-06-11,Office Supplies,Standing Desk Converter,Phoenix,West,SMB,Direct Invoice,Fiona Gallagher,4,261.75,140.45,1047.0,561.8,131.64,24.06,71.63,789.13,94.83,9.22,2026,6,Jun,2026-06,2026Q2,Thursday,466.37,77.1,71.63,18.83,1028.17,18.0,185.07,26.1,20.7,6.44,304.43,161.94,135.84,121.58,22.0,26.75,94.83,9.22,15.75,13.21,11.82,45.36,75.37,12.57,257.04,197.28,23.71,Moderate Margin (5-20%)
TXN-1779,2026-06-14,Software,Cloud Storage Annual,Chicago,Midwest,Enterprise,Credit Card,Alice Smith,6,416.37,83.72,2498.22,502.32,172.79,48.86,121.02,844.99,976.61,40.2,2026,6,Jun,2026-06,2026Q2,Sunday,1927.31,264.82,121.02,68.59,2429.63,18.0,437.33,57.81,28.61,18.66,607.49,1319.82,1262.01,1252.06,22.0,275.45,976.61,40.2,54.32,51.94,51.53,79.33,33.82,6.92,404.94,140.83,162.77,High Margin (>=20%)
TXN-2118,2026-06-15,Services,Cybersecurity Audit,Boston,East,SMB,Wire Transfer,Alice Smith,3,2168.59,830.15,6505.77,2490.45,664.9,25.03,195.19,3375.57,1606.39,25.14,2026,6,Jun,2026-06,2026Q2,Monday,3898.92,740.83,195.19,116.4,6389.37,18.0,1150.09,122.67,129.84,39.02,1625.95,2272.97,2150.3,2059.48,22.0,453.09,1606.39,25.14,35.57,33.65,32.23,61.02,51.89,10.22,2129.79,1125.19,535.46,High Margin (>=20%)
TXN-1784,2026-06-15,Services,Cybersecurity Audit,Chicago,Midwest,SMB,Direct Invoice,Diana Prince,5,2082.21,838.22,10411.05,4191.1,714.55,71.6,495.15,5472.4,2764.83,27.09,2026,6,Jun,2026-06,2026Q2,Monday,6015.28,908.73,495.15,204.67,10206.38,18.0,1837.15,182.19,163.04,64.64,2190.03,3825.25,3643.06,3544.66,22.0,779.83,2764.83,27.09,37.48,35.69,34.73,58.94,52.56,6.86,2041.28,1094.48,552.97,High Margin (>=20%)
TXN-1901,2026-06-16,Office Supplies,Standing Desk Converter,San Francisco,West,Enterprise,Wire Transfer,Diana Prince,24,270.45,138.63,6490.8,3327.12,773.45,352.44,240.5,4693.51,691.8,10.97,2026,6,Jun,2026-06,2026Q2,Tuesday,2979.98,521.82,240.5,183.7,6307.1,18.0,1135.28,125.5,103.81,24.46,1888.21,1091.77,966.27,886.92,22.0,195.12,691.8,10.97,17.31,15.32,14.06,47.25,72.31,11.92,262.8,195.56,28.82,Moderate Margin (5-20%)
TXN-1761,2026-06-16,Hardware,Rack Server Blade X,Miami,East,SMB,Direct Invoice,Bob Jones,4,3161.44,2027.12,12645.76,8108.48,1574.55,40.41,613.76,10337.2,657.08,5.26,2026,6,Jun,2026-06,2026Q2,Tuesday,4380.89,981.11,613.76,156.39,12489.37,18.0,2248.09,245.82,133.99,51.16,3209.83,1171.06,925.24,842.41,22.0,185.33,657.08,5.26,9.38,7.41,6.75,35.08,81.74,12.45,3122.34,2584.3,164.27,Moderate Margin (5-20%)
TXN-1627,2026-06-17,Hardware,Rack Server Blade X,Houston,South,Consumer,Direct Invoice,Fiona Gallagher,2,3319.97,2128.55,6639.94,4257.1,863.19,11.65,317.97,5449.91,233.4,3.55,2026,6,Jun,2026-06,2026Q2,Wednesday,2310.87,618.36,317.97,71.97,6567.97,18.0,1182.23,162.31,90.62,52.46,1811.17,499.7,337.39,299.23,22.0,65.83,233.4,3.55,7.61,5.14,4.56,35.18,82.08,13.0,3283.98,2724.96,116.7,Low Margin (0-5%)
TXN-1505,2026-06-19,Services,Cybersecurity Audit,San Francisco,West,Enterprise,Credit Card,Fiona Gallagher,7,2059.25,781.74,14414.75,5472.18,1805.83,61.48,432.44,7771.93,3476.73,24.58,2026,6,Jun,2026-06,2026Q2,Friday,8671.71,1502.54,432.44,270.86,14143.89,18.0,2545.9,291.54,186.81,66.27,3802.29,4869.42,4577.88,4457.34,22.0,980.61,3476.73,24.58,34.43,32.37,31.51,61.31,53.92,12.53,2020.56,1110.28,496.68,High Margin (>=20%)
TXN-1259,2026-06-20,Electronics,Laptop Pro 15,New York,East,SMB,Credit Card,Alice Smith,5,1241.94,777.2,6209.7,3886.0,461.63,65.0,237.81,4650.44,544.82,8.9,2026,6,Jun,2026-06,2026Q2,Saturday,2234.82,611.67,237.81,88.88,6120.82,18.0,1101.75,106.31,87.13,33.22,1376.11,858.71,752.4,698.49,22.0,153.67,544.82,8.9,14.03,12.29,11.41,36.51,74.89,7.43,1224.16,930.09,108.96,Moderate Margin (5-20%)
TXN-1914,2026-06-22,Software,Security Firewall Pro,Seattle,West,SMB,Wire Transfer,Bob Jones,3,783.22,214.18,2349.66,642.54,166.87,33.36,78.64,921.41,853.75,37.38,2026,6,Jun,2026-06,2026Q2,Monday,1641.61,212.58,78.64,65.51,2284.15,18.0,411.15,35.44,38.2,18.03,491.45,1150.16,1114.72,1094.55,22.0,240.8,853.75,37.38,50.35,48.8,47.92,71.87,39.21,7.1,761.38,307.14,284.58,High Margin (>=20%)
TXN-1558,2026-06-22,Services,Annual IT Maintenance Plan,San Francisco,West,SMB,PayPal,Diana Prince,4,1902.69,593.76,7610.76,2375.04,577.9,36.99,264.35,3254.28,2653.27,35.56,2026,6,Jun,2026-06,2026Q2,Monday,5085.35,543.71,264.35,150.37,7460.39,18.0,1342.87,179.74,140.89,59.86,1422.95,3662.4,3482.66,3401.63,22.0,748.36,2653.27,35.56,49.09,46.68,45.6,68.16,42.76,7.59,1865.1,813.57,663.32,High Margin (>=20%)
TXN-1223,2026-06-22,Office Supplies,Mesh Office Chair,Phoenix,West,SMB,Credit Card,Alice Smith,1,305.63,152.54,305.63,152.54,23.59,9.16,25.12,210.41,46.81,15.48,2026,6,Jun,2026-06,2026Q2,Monday,149.78,22.83,25.12,3.31,302.32,18.0,54.42,5.91,5.52,2.36,80.7,69.08,63.17,60.01,22.0,13.2,46.81,15.48,22.85,20.9,19.85,49.54,68.84,7.72,302.32,210.41,46.81,Moderate Margin (5-20%)
TXN-1319,2026-06-22,Office Supplies,Mesh Office Chair,New York,East,SMB,Wire Transfer,Fiona Gallagher,3,332.84,154.01,998.52,462.03,121.64,22.11,60.49,666.27,160.76,16.34,2026,6,Jun,2026-06,2026Q2,Monday,521.64,77.71,60.49,14.85,983.67,18.0,177.06,23.44,16.69,6.54,281.95,239.69,216.25,206.1,22.0,45.34,160.76,16.34,24.37,21.98,20.95,53.03,66.73,12.18,327.89,222.09,53.59,Moderate Margin (5-20%)
TXN-1250,2026-06-22,Electronics,Ultra-Wide Monitor 34,Miami,East,SMB,Wire Transfer,Diana Prince,6,605.4,363.62,3632.4,2181.72,491.33,60.42,141.75,2875.22,133.14,3.75,2026,6,Jun,2026-06,2026Q2,Monday,1364.72,409.19,141.75,85.96,3546.44,18.0,638.36,71.11,38.81,18.58,1102.69,262.03,190.92,170.69,22.0,37.55,133.14,3.75,7.39,5.38,4.81,38.48,79.15,13.53,591.07,479.2,22.19,Low Margin (0-5%)
TXN-1212,2026-06-27,Software,Enterprise ERP License,Austin,South,Enterprise,PayPal,Charlie Davis,7,2420.93,487.97,16946.51,3415.79,1280.65,39.04,515.91,5251.39,7268.84,43.42,2026,6,Jun,2026-06,2026Q2,Saturday,13323.32,1772.52,515.91,207.4,16739.11,18.0,3013.04,254.84,247.07,105.74,3608.12,9715.2,9460.36,9319.03,22.0,2050.19,7268.84,43.42,58.04,56.52,55.67,79.59,30.99,7.56,2391.3,750.2,1038.41,High Margin (>=20%)
TXN-1357,2026-06-28,Software,Security Firewall Pro,Seattle,West,SMB,Direct Invoice,Fiona Gallagher,4,916.84,224.99,3667.36,899.96,450.28,59.78,150.91,1560.93,1272.84,35.5,2026,6,Jun,2026-06,2026Q2,Sunday,2685.91,261.58,150.91,81.49,3585.87,18.0,645.46,72.25,70.65,11.38,922.55,1763.36,1691.11,1631.84,22.0,359.0,1272.84,35.5,49.18,47.16,45.51,74.9,42.56,12.28,896.47,390.23,318.21,High Margin (>=20%)
TXN-1689,2026-06-29,Services,Cybersecurity Audit,Seattle,West,Enterprise,PayPal,Evan Wright,16,2039.72,784.76,32635.52,12556.16,2721.29,209.77,979.07,16466.29,8497.6,26.69,2026,6,Jun,2026-06,2026Q2,Monday,19278.84,3540.13,979.07,800.52,31835.0,18.0,5730.3,679.77,439.1,184.65,7450.26,11828.58,11148.81,10894.36,22.0,2396.76,8497.6,26.69,37.16,35.02,34.22,60.56,50.46,8.34,1989.69,1029.14,531.1,High Margin (>=20%)
