Transaction_ID,Date,Product_Category,Product_Name,City,Region,Customer_Segment,Payment_Method,Sales_Rep,Units_Sold,Unit_Price,Unit_Cost,Revenue,COGS,Marketing_Expense,Shipping_Expense,Operating_Expense,Total_Expense,Net_Profit,Profit_Margin_Pct
TXN-1001,2024-04-12,Hardware,Rack Server Blade X,Los Angeles,West,SMB,PayPal,Bob Jones,3,2995.19,2091.44,8985.57,6274.32,779.02,19.29,882.07,7954.7,1030.87,11.47
TXN-1002,2024-12-09,Hardware,Gigabit Switch 24-Port,Austin,South,Enterprise,Direct Invoice,Evan Wright,5,435.91,260.64,2179.55,1303.2,206.09,39.56,230.7,1779.55,400.0,18.35
TXN-1003,2025-04-20,Hardware,NAS Storage Enclosure,Miami,East,SMB,Direct Invoice,Alice Smith,3,824.92,488.65,2474.76,1465.95,237.68,15.4,340.76,2059.79,414.97,16.77
TXN-1004,2026-02-15,Software,Enterprise ERP License,Boston,East,SMB,PayPal,Diana Prince,7,2544.0,516.66,17808.0,3616.62,1315.46,62.37,1182.89,6177.34,11630.66,65.31
TXN-1005,2025-01-24,Software,Security Firewall Pro,Austin,South,Enterprise,Wire Transfer,Bob Jones,16,909.77,228.69,14556.32,3659.04,1569.64,227.5,849.74,6305.92,8250.4,56.68
TXN-1006,2025-12-02,Services,Annual IT Maintenance Plan,Boston,East,SMB,Direct Invoice,Bob Jones,1,1736.91,602.56,1736.91,602.56,123.8,13.02,175.12,914.5,822.41,47.35
TXN-1007,2024-12-09,Electronics,Ultra-Wide Monitor 34,Los Angeles,West,Enterprise,PayPal,Charlie Davis,21,671.98,391.03,14111.58,8211.63,1530.78,299.52,1423.62,11465.55,2646.03,18.75
TXN-1008,2024-07-19,Hardware,Gigabit Switch 24-Port,New York,East,Enterprise,PayPal,Fiona Gallagher,28,461.95,262.37,12934.6,7346.36,1060.35,297.15,1071.74,9775.6,3159.0,24.42
TXN-1009,2025-10-04,Electronics,Laptop Pro 15,Seattle,West,Enterprise,Wire Transfer,Charlie Davis,13,1240.45,720.82,16125.85,9370.66,1534.32,91.22,1865.96,12862.16,3263.69,20.24
TXN-1010,2024-04-05,Hardware,Gigabit Switch 24-Port,Houston,South,Enterprise,Credit Card,Charlie Davis,8,481.89,262.57,3855.12,2100.56,445.59,110.44,398.98,3055.57,799.55,20.74
TXN-1011,2025-10-07,Hardware,Gigabit Switch 24-Port,Seattle,West,Enterprise,Credit Card,Fiona Gallagher,5,433.59,263.84,2167.95,1319.2,130.17,42.63,184.53,1676.53,491.42,22.67
TXN-1012,2025-02-14,Electronics,Smart Display 10,Houston,South,SMB,Wire Transfer,Diana Prince,7,331.42,194.38,2319.94,1360.66,242.78,63.27,161.77,1828.48,491.46,21.18
TXN-1013,2024-09-24,Software,Data Analytics Suite,New York,East,Enterprise,Direct Invoice,Alice Smith,21,1614.39,297.33,33902.19,6243.93,2123.77,177.46,3261.36,11806.52,22095.67,65.17
TXN-1014,2024-02-22,Hardware,Gigabit Switch 24-Port,Austin,South,Enterprise,Direct Invoice,Charlie Davis,28,431.11,265.93,12071.08,7446.04,1079.43,317.05,1191.02,10033.54,2037.54,16.88
TXN-1015,2026-01-21,Electronics,Laptop Pro 15,Austin,South,SMB,PayPal,Diana Prince,4,1234.09,713.74,4936.36,2854.96,498.41,29.06,500.22,3882.65,1053.71,21.35
TXN-1016,2025-10-01,Software,Security Firewall Pro,New York,East,SMB,Credit Card,Alice Smith,2,907.76,228.3,1815.52,456.6,146.4,23.2,247.95,874.15,941.37,51.85
TXN-1017,2025-07-25,Electronics,Smart Display 10,New York,East,Enterprise,Direct Invoice,Evan Wright,9,371.43,193.77,3342.87,1743.93,275.15,108.03,436.64,2563.75,779.12,23.31
TXN-1018,2024-02-23,Electronics,Ultra-Wide Monitor 34,Chicago,Midwest,Enterprise,Direct Invoice,Diana Prince,10,667.57,383.07,6675.7,3830.7,599.36,144.01,825.81,5399.88,1275.82,19.11
TXN-1019,2026-05-27,Software,Cloud Storage Annual,Austin,South,SMB,Credit Card,Alice Smith,4,413.58,77.9,1654.32,311.6,142.32,49.86,228.9,732.68,921.64,55.71
TXN-1020,2025-02-04,Electronics,Ultra-Wide Monitor 34,Miami,East,SMB,Wire Transfer,Fiona Gallagher,6,699.19,375.94,4195.14,2255.64,551.09,67.87,493.32,3367.92,827.22,19.72
TXN-1021,2024-10-10,Electronics,Laptop Pro 15,Miami,East,SMB,Direct Invoice,Alice Smith,1,1294.95,747.75,1294.95,747.75,106.66,13.83,209.71,1077.95,217.0,16.76
TXN-1022,2024-12-14,Electronics,Smart Display 10,Houston,South,SMB,Direct Invoice,Alice Smith,4,338.49,197.7,1353.96,790.8,173.43,32.68,137.17,1134.08,219.88,16.24
TXN-1023,2026-01-04,Software,Data Analytics Suite,Los Angeles,West,Enterprise,Wire Transfer,Fiona Gallagher,27,1413.62,300.55,38167.74,8114.85,4969.05,335.01,3832.78,17251.69,20916.05,54.8
TXN-1024,2024-06-24,Services,Cloud Migration Consulting,Phoenix,West,SMB,Wire Transfer,Alice Smith,5,3265.69,1140.62,16328.45,5703.1,1799.91,34.71,941.31,8479.03,7849.42,48.07
TXN-1025,2025-10-15,Hardware,NAS Storage Enclosure,Phoenix,West,Enterprise,Wire Transfer,Bob Jones,27,801.47,471.75,21639.69,12737.25,1566.79,400.1,2424.41,17128.55,4511.14,20.85
TXN-1026,2024-10-31,Hardware,Gigabit Switch 24-Port,Austin,South,Enterprise,PayPal,Diana Prince,9,451.6,267.02,4064.4,2403.18,314.04,101.06,250.6,3068.88,995.52,24.49
TXN-1027,2026-06-02,Office Supplies,Standing Desk Converter,Los Angeles,West,SMB,Credit Card,Bob Jones,4,289.61,133.57,1158.44,534.28,106.47,37.34,153.31,831.4,327.04,28.23
TXN-1028,2025-04-18,Services,Cloud Migration Consulting,Phoenix,West,SMB,Direct Invoice,Evan Wright,1,3317.04,1158.77,3317.04,1158.77,265.43,10.49,391.39,1826.08,1490.96,44.95
TXN-1029,2026-06-03,Electronics,Ultra-Wide Monitor 34,Phoenix,West,SMB,Credit Card,Fiona Gallagher,5,641.64,370.41,3208.2,1852.05,283.85,62.89,190.61,2389.4,818.8,25.52
TXN-1030,2024-03-09,Electronics,Smart Display 10,Chicago,Midwest,Enterprise,Direct Invoice,Bob Jones,20,367.19,196.93,7343.8,3938.6,713.63,229.95,468.84,5351.02,1992.78,27.14
TXN-1031,2024-04-09,Software,Security Firewall Pro,Seattle,West,SMB,Wire Transfer,Alice Smith,5,875.02,222.55,4375.1,1112.75,592.88,72.21,542.52,2320.36,2054.74,46.96
TXN-1032,2026-05-01,Hardware,Gigabit Switch 24-Port,Miami,East,SMB,Credit Card,Evan Wright,3,473.09,263.27,1419.27,789.81,178.31,34.54,127.94,1130.6,288.67,20.34
TXN-1033,2024-01-12,Software,Enterprise ERP License,Miami,East,SMB,PayPal,Alice Smith,2,2427.59,517.24,4855.18,1034.48,300.35,26.29,365.64,1726.76,3128.42,64.43
TXN-1034,2025-05-15,Software,Enterprise ERP License,Los Angeles,West,SMB,Credit Card,Evan Wright,1,2519.19,496.17,2519.19,496.17,265.73,10.76,282.64,1055.3,1463.89,58.11
TXN-1035,2024-04-05,Services,Annual IT Maintenance Plan,Phoenix,West,Consumer,Credit Card,Charlie Davis,1,1764.79,602.06,1764.79,602.06,175.99,8.9,151.01,937.96,826.83,46.85
TXN-1036,2025-09-03,Hardware,Rack Server Blade X,San Francisco,West,Consumer,Credit Card,Diana Prince,6,3290.51,2096.33,19743.06,12577.98,1963.29,35.0,1170.04,15746.31,3996.75,20.24
TXN-1037,2026-06-09,Services,Annual IT Maintenance Plan,Phoenix,West,Consumer,PayPal,Evan Wright,5,1798.39,573.45,8991.95,2867.25,934.82,47.08,1049.41,4898.56,4093.39,45.52
TXN-1038,2025-10-19,Hardware,Rack Server Blade X,Seattle,West,Consumer,Credit Card,Evan Wright,6,2987.06,2142.2,17922.36,12853.2,1179.67,79.31,1807.03,15919.21,2003.15,11.18
TXN-1039,2024-06-13,Office Supplies,High-Speed Paper Shredder,New York,East,Consumer,Credit Card,Alice Smith,5,187.3,88.89,936.5,444.45,62.45,63.86,128.88,699.64,236.86,25.29
TXN-1040,2026-05-07,Office Supplies,Standing Desk Converter,Miami,East,Enterprise,Wire Transfer,Diana Prince,24,262.92,134.65,6310.08,3231.6,706.33,299.05,650.91,4887.89,1422.19,22.54
TXN-1041,2024-07-09,Hardware,Rack Server Blade X,San Francisco,West,Consumer,Wire Transfer,Evan Wright,6,3354.68,2200.36,20128.08,13202.16,2102.99,49.36,1143.03,16497.54,3630.54,18.04
TXN-1042,2026-02-02,Services,Cybersecurity Audit,Miami,East,Government,Wire Transfer,Alice Smith,26,2268.9,796.36,58991.4,20705.36,6501.13,281.92,6693.54,34181.95,24809.45,42.06
TXN-1043,2024-01-12,Software,Security Firewall Pro,Los Angeles,West,SMB,Direct Invoice,Diana Prince,5,819.72,213.14,4098.6,1065.7,397.96,42.67,397.05,1903.38,2195.22,53.56
TXN-1044,2024-02-10,Hardware,NAS Storage Enclosure,Austin,South,Enterprise,Credit Card,Alice Smith,25,819.16,488.87,20479.0,12221.75,1495.16,352.73,2280.07,16349.71,4129.29,20.16
TXN-1045,2024-09-12,Services,Cybersecurity Audit,San Francisco,West,SMB,Direct Invoice,Fiona Gallagher,2,2218.16,773.19,4436.32,1546.38,412.14,25.55,450.11,2434.18,2002.14,45.13
TXN-1046,2026-02-17,Services,Cloud Migration Consulting,San Francisco,West,Government,PayPal,Alice Smith,22,3255.57,1144.42,71622.54,25177.24,5064.3,113.01,4020.45,34375.0,37247.54,52.01
TXN-1047,2025-12-09,Services,Cloud Migration Consulting,Miami,East,SMB,Credit Card,Evan Wright,5,3643.97,1185.34,18219.85,5926.7,1444.59,35.25,1268.16,8674.7,9545.15,52.39
TXN-1048,2026-02-10,Electronics,Laptop Pro 15,Los Angeles,West,SMB,Direct Invoice,Bob Jones,2,1203.9,770.42,2407.8,1540.84,244.66,27.04,267.07,2079.61,328.19,13.63
TXN-1049,2026-01-03,Office Supplies,Ergonomic Executive Desk,New York,East,Enterprise,PayPal,Evan Wright,25,868.95,463.73,21723.75,11593.25,2873.01,279.32,2633.63,17379.21,4344.54,20.0
TXN-1050,2026-04-29,Office Supplies,Standing Desk Converter,Boston,East,Enterprise,Wire Transfer,Alice Smith,28,298.39,137.17,8354.92,3840.76,851.27,335.34,931.12,5958.49,2396.43,28.68
TXN-1051,2025-02-04,Software,Enterprise ERP License,Chicago,Midwest,SMB,Wire Transfer,Fiona Gallagher,5,2438.97,485.46,12194.85,2427.3,1297.19,42.08,1115.98,4882.55,7312.3,59.96
TXN-1052,2026-04-27,Office Supplies,Mesh Office Chair,Los Angeles,West,Enterprise,Direct Invoice,Alice Smith,7,339.17,160.24,2374.19,1121.68,327.28,77.14,225.22,1751.32,622.87,26.24
TXN-1053,2025-04-10,Hardware,Gigabit Switch 24-Port,Austin,South,Enterprise,Credit Card,Evan Wright,13,439.63,270.25,5715.19,3513.25,401.78,107.91,439.95,4462.89,1252.3,21.91
TXN-1054,2024-02-16,Electronics,Smart Display 10,Los Angeles,West,Consumer,PayPal,Evan Wright,1,337.51,206.12,337.51,206.12,40.45,6.85,64.05,317.47,20.04,5.94
TXN-1055,2025-12-26,Software,Security Firewall Pro,Phoenix,West,SMB,Wire Transfer,Evan Wright,2,786.99,214.55,1573.98,429.1,184.26,27.9,187.0,828.26,745.72,47.38
TXN-1056,2024-09-30,Software,Cloud Storage Annual,Miami,East,SMB,Direct Invoice,Alice Smith,7,392.15,76.16,2745.05,533.12,235.43,49.8,227.37,1045.72,1699.33,61.91
TXN-1057,2024-05-24,Services,Annual IT Maintenance Plan,Chicago,Midwest,SMB,Credit Card,Evan Wright,2,1681.03,602.23,3362.06,1204.46,359.56,24.91,297.35,1886.28,1475.78,43.9
TXN-1058,2025-02-28,Services,Cloud Migration Consulting,Chicago,Midwest,SMB,Wire Transfer,Charlie Davis,3,3772.45,1212.69,11317.35,3638.07,893.82,18.05,721.72,5271.66,6045.69,53.42
TXN-1059,2025-05-30,Office Supplies,Mesh Office Chair,Los Angeles,West,Consumer,PayPal,Charlie Davis,3,295.33,163.15,885.99,489.45,123.84,41.9,155.07,810.26,75.73,8.55
TXN-1060,2026-04-26,Electronics,Smart Display 10,Los Angeles,West,SMB,Wire Transfer,Alice Smith,2,353.18,201.43,706.36,402.86,58.2,25.39,83.99,570.44,135.92,19.24
TXN-1061,2026-02-25,Hardware,Rack Server Blade X,Chicago,Midwest,Enterprise,PayPal,Alice Smith,18,3091.78,2117.06,55652.04,38107.08,4026.37,176.61,4880.49,47190.55,8461.49,15.2
TXN-1062,2025-11-20,Software,Enterprise ERP License,Phoenix,West,SMB,Wire Transfer,Evan Wright,2,2335.15,481.94,4670.3,963.88,281.23,12.33,444.57,1702.01,2968.29,63.56
TXN-1063,2025-02-22,Electronics,Laptop Pro 15,Boston,East,Enterprise,Direct Invoice,Charlie Davis,13,1143.36,740.94,14863.68,9632.22,1993.46,158.81,860.12,12644.61,2219.07,14.93
TXN-1064,2026-02-17,Electronics,Laptop Pro 15,Miami,East,Enterprise,Credit Card,Charlie Davis,18,1204.43,739.41,21679.74,13309.38,2822.18,160.64,2369.59,18661.79,3017.95,13.92
TXN-1065,2025-06-09,Office Supplies,Ergonomic Executive Desk,Austin,South,SMB,PayPal,Alice Smith,1,830.33,445.12,830.33,445.12,85.15,5.67,107.4,643.34,186.99,22.52
TXN-1066,2024-07-16,Office Supplies,Standing Desk Converter,Miami,East,Enterprise,Direct Invoice,Diana Prince,19,296.96,139.94,5642.24,2658.86,673.21,203.9,741.3,4277.27,1364.97,24.19
TXN-1067,2025-02-14,Electronics,Smart Display 10,Chicago,Midwest,SMB,Wire Transfer,Evan Wright,3,364.26,192.06,1092.78,576.18,112.47,26.36,145.83,860.84,231.94,21.22
TXN-1068,2024-01-15,Services,Annual IT Maintenance Plan,Chicago,Midwest,SMB,Wire Transfer,Charlie Davis,7,1828.35,603.93,12798.45,4227.51,1501.19,76.93,1458.19,7263.82,5534.63,43.24
TXN-1069,2026-05-21,Software,Cloud Storage Annual,Seattle,West,SMB,Wire Transfer,Bob Jones,1,384.38,81.81,384.38,81.81,41.3,6.02,111.34,240.47,143.91,37.44
TXN-1070,2026-03-15,Software,Enterprise ERP License,Seattle,West,Enterprise,PayPal,Evan Wright,18,2673.75,521.28,48127.5,9383.04,4623.47,110.38,5794.57,19911.46,28216.04,58.63
TXN-1071,2024-06-30,Electronics,Laptop Pro 15,Austin,South,SMB,Direct Invoice,Evan Wright,7,1114.51,737.64,7801.57,5163.48,969.18,35.32,616.1,6784.08,1017.49,13.04
TXN-1072,2025-06-20,Software,Data Analytics Suite,Austin,South,Enterprise,Wire Transfer,Charlie Davis,6,1600.43,302.61,9602.58,1815.66,601.39,84.76,701.64,3203.45,6399.13,66.64
TXN-1073,2024-06-28,Services,Annual IT Maintenance Plan,New York,East,Consumer,PayPal,Fiona Gallagher,2,1659.77,609.81,3319.54,1219.62,246.45,29.22,245.4,1740.69,1578.85,47.56
TXN-1074,2025-04-20,Services,Annual IT Maintenance Plan,Phoenix,West,SMB,Credit Card,Fiona Gallagher,7,1778.92,617.99,12452.44,4325.93,1095.2,67.78,1210.06,6698.97,5753.47,46.2
TXN-1075,2024-05-23,Office Supplies,Mesh Office Chair,New York,East,Consumer,PayPal,Bob Jones,2,321.76,159.7,643.52,319.4,64.2,25.31,76.88,485.79,157.73,24.51
TXN-1076,2024-02-24,Office Supplies,High-Speed Paper Shredder,Seattle,West,Enterprise,Wire Transfer,Bob Jones,5,166.33,86.91,831.65,434.55,97.53,57.95,76.48,666.51,165.14,19.86
TXN-1077,2025-03-18,Services,Cloud Migration Consulting,San Francisco,West,Consumer,PayPal,Charlie Davis,1,3531.76,1226.5,3531.76,1226.5,439.44,14.89,394.12,2074.95,1456.81,41.25
TXN-1078,2025-03-27,Hardware,Rack Server Blade X,Austin,South,Enterprise,PayPal,Bob Jones,11,3268.22,2149.54,35950.42,23644.94,4596.27,68.51,4061.69,32371.41,3579.01,9.96
TXN-1079,2024-03-22,Software,Enterprise ERP License,Houston,South,Enterprise,Wire Transfer,Bob Jones,7,2536.12,488.4,17752.84,3418.8,1951.6,63.66,1619.84,7053.9,10698.94,60.27
TXN-1080,2026-05-16,Hardware,Gigabit Switch 24-Port,Austin,South,Consumer,Credit Card,Bob Jones,6,449.1,270.26,2694.6,1621.56,334.1,55.51,175.09,2186.26,508.34,18.87
TXN-1081,2025-07-05,Software,Enterprise ERP License,San Francisco,West,Enterprise,Wire Transfer,Fiona Gallagher,15,2468.68,481.61,37030.2,7224.15,4889.68,178.68,3691.76,15984.27,21045.93,56.83
TXN-1082,2024-05-07,Services,Cloud Migration Consulting,Chicago,Midwest,SMB,Wire Transfer,Alice Smith,5,3584.8,1239.57,17924.0,6197.85,1371.43,25.55,1141.95,8736.78,9187.22,51.26
TXN-1083,2025-10-07,Office Supplies,High-Speed Paper Shredder,Boston,East,SMB,Credit Card,Evan Wright,7,182.11,93.04,1274.77,651.28,117.73,88.96,142.63,1000.6,274.17,21.51
TXN-1084,2026-04-01,Office Supplies,Ergonomic Executive Desk,Miami,East,Enterprise,PayPal,Bob Jones,25,895.84,447.17,22396.0,11179.25,2984.07,305.38,2153.7,16622.4,5773.6,25.78
TXN-1085,2024-02-24,Services,Annual IT Maintenance Plan,Seattle,West,Enterprise,Direct Invoice,Charlie Davis,7,1898.36,620.78,13288.52,4345.46,1812.81,45.83,1292.7,7496.8,5791.72,43.58
TXN-1086,2024-03-13,Electronics,Ultra-Wide Monitor 34,New York,East,SMB,Credit Card,Charlie Davis,2,645.81,363.89,1291.62,727.78,85.53,10.05,172.39,995.75,295.87,22.91
TXN-1087,2025-06-07,Office Supplies,Ergonomic Executive Desk,New York,East,Enterprise,Wire Transfer,Alice Smith,27,852.9,431.4,23028.3,11647.8,3146.9,339.77,2246.93,17381.4,5646.9,24.52
TXN-1088,2025-04-29,Electronics,Smart Display 10,San Francisco,West,SMB,PayPal,Bob Jones,1,374.87,190.79,374.87,190.79,43.65,14.25,77.56,326.25,48.62,12.97
TXN-1089,2024-09-06,Services,Cybersecurity Audit,San Francisco,West,Enterprise,Direct Invoice,Bob Jones,27,2303.96,819.61,62206.92,22129.47,4005.54,257.89,5443.95,31836.85,30370.07,48.82
TXN-1090,2025-06-09,Office Supplies,High-Speed Paper Shredder,Boston,East,Consumer,PayPal,Bob Jones,7,177.25,90.65,1240.75,634.55,154.25,72.69,183.78,1045.27,195.48,15.75
TXN-1091,2024-06-09,Services,Cloud Migration Consulting,Boston,East,Enterprise,Wire Transfer,Bob Jones,27,3323.86,1186.08,89744.22,32024.16,12080.22,153.91,4569.96,48828.25,40915.97,45.59
TXN-1092,2025-04-21,Services,Annual IT Maintenance Plan,Los Angeles,West,Enterprise,Credit Card,Bob Jones,29,1752.87,601.35,50833.23,17439.15,6027.89,145.97,4242.33,27855.34,22977.89,45.2
TXN-1093,2024-11-19,Software,Cloud Storage Annual,Houston,South,Enterprise,Credit Card,Evan Wright,18,370.89,76.88,6676.02,1383.84,609.72,112.4,848.63,2954.59,3721.43,55.74
TXN-1094,2025-01-14,Office Supplies,Mesh Office Chair,Boston,East,Enterprise,Direct Invoice,Diana Prince,12,342.67,162.39,4112.04,1948.68,446.65,121.52,302.59,2819.44,1292.6,31.43
TXN-1095,2024-08-05,Electronics,Laptop Pro 15,Seattle,West,Consumer,Wire Transfer,Evan Wright,5,1224.92,728.72,6124.6,3643.6,621.41,54.86,566.94,4886.81,1237.79,20.21
TXN-1096,2025-02-22,Software,Cloud Storage Annual,New York,East,Enterprise,Direct Invoice,Charlie Davis,10,407.87,81.98,4078.7,819.8,256.1,139.49,496.95,1712.34,2366.36,58.02
TXN-1097,2024-11-18,Office Supplies,High-Speed Paper Shredder,San Francisco,West,Enterprise,Wire Transfer,Diana Prince,14,188.91,91.4,2644.74,1279.6,275.23,82.18,250.22,1887.23,757.51,28.64
TXN-1098,2024-11-23,Office Supplies,Ergonomic Executive Desk,Seattle,West,SMB,Credit Card,Diana Prince,5,903.65,472.12,4518.25,2360.6,293.33,69.15,463.53,3186.61,1331.64,29.47
TXN-1099,2024-11-18,Software,Security Firewall Pro,New York,East,Consumer,PayPal,Diana Prince,1,803.4,212.53,803.4,212.53,69.67,7.39,118.83,408.42,394.98,49.16
TXN-1100,2025-10-28,Hardware,NAS Storage Enclosure,Houston,South,Consumer,Wire Transfer,Alice Smith,3,827.31,456.25,2481.93,1368.75,311.72,21.86,302.04,2004.37,477.56,19.24
TXN-1101,2024-09-14,Services,Annual IT Maintenance Plan,Phoenix,West,Enterprise,Credit Card,Fiona Gallagher,21,1817.24,576.95,38162.04,12115.95,3439.76,106.91,4122.78,19785.4,18376.64,48.15
TXN-1102,2025-04-11,Software,Enterprise ERP License,Boston,East,Enterprise,Direct Invoice,Fiona Gallagher,9,2341.0,521.86,21069.0,4696.74,2423.59,51.11,1559.81,8731.25,12337.75,58.56
TXN-1103,2025-02-04,Software,Cloud Storage Annual,New York,East,Enterprise,Direct Invoice,Charlie Davis,22,423.78,83.79,9323.16,1843.38,1282.03,274.92,616.55,4016.88,5306.28,56.92
TXN-1104,2024-01-07,Services,Cybersecurity Audit,New York,East,Enterprise,PayPal,Charlie Davis,15,2264.52,795.67,33967.8,11935.05,2781.63,224.57,2758.82,17700.07,16267.73,47.89
TXN-1105,2024-02-08,Services,Annual IT Maintenance Plan,Chicago,Midwest,Consumer,PayPal,Fiona Gallagher,4,1844.5,586.4,7378.0,2345.6,1003.92,26.04,668.8,4044.36,3333.64,45.18
TXN-1106,2026-05-18,Office Supplies,High-Speed Paper Shredder,Austin,South,Consumer,Credit Card,Charlie Davis,3,177.39,93.55,532.17,280.65,41.72,21.39,86.87,430.63,101.54,19.08
TXN-1107,2025-06-07,Software,Data Analytics Suite,Los Angeles,West,Enterprise,Credit Card,Alice Smith,25,1416.88,298.61,35422.0,7465.25,3628.22,129.47,3784.44,15007.38,20414.62,57.63
TXN-1108,2025-06-19,Hardware,Gigabit Switch 24-Port,Miami,East,Enterprise,PayPal,Alice Smith,18,457.08,262.79,8227.44,4730.22,656.58,190.51,570.91,6148.22,2079.22,25.27
TXN-1109,2025-12-26,Services,Annual IT Maintenance Plan,Boston,East,Consumer,PayPal,Evan Wright,1,1659.35,574.35,1659.35,574.35,151.66,9.8,190.16,925.97,733.38,44.2
TXN-1110,2024-10-27,Electronics,Laptop Pro 15,Austin,South,Government,PayPal,Fiona Gallagher,28,1124.15,730.65,31476.2,20458.2,4373.08,179.9,2730.12,27741.3,3734.9,11.87
TXN-1111,2025-10-21,Electronics,Smart Display 10,Los Angeles,West,Enterprise,Direct Invoice,Alice Smith,6,351.92,207.65,2111.52,1245.9,140.63,79.47,197.79,1663.79,447.73,21.2
TXN-1112,2024-06-14,Software,Cloud Storage Annual,Seattle,West,Consumer,Wire Transfer,Bob Jones,7,410.9,83.61,2876.3,585.27,201.16,97.74,320.56,1204.73,1671.57,58.12
TXN-1113,2024-08-10,Electronics,Smart Display 10,Los Angeles,West,Government,Direct Invoice,Fiona Gallagher,29,341.01,206.3,9889.29,5982.7,656.74,404.5,942.57,7986.51,1902.78,19.24
TXN-1114,2025-02-13,Office Supplies,Standing Desk Converter,San Francisco,West,Enterprise,Wire Transfer,Charlie Davis,22,260.3,136.46,5726.6,3002.12,416.69,301.79,452.76,4173.36,1553.24,27.12
TXN-1115,2024-12-21,Services,Annual IT Maintenance Plan,Phoenix,West,SMB,Direct Invoice,Charlie Davis,4,1815.94,613.15,7263.76,2452.6,568.58,59.85,917.85,3998.88,3264.88,44.95
TXN-1116,2025-12-14,Office Supplies,Standing Desk Converter,Austin,South,Enterprise,Credit Card,Diana Prince,21,296.5,143.18,6226.5,3006.78,743.55,194.35,504.36,4449.04,1777.46,28.55
TXN-1117,2025-06-15,Hardware,Gigabit Switch 24-Port,New York,East,SMB,Credit Card,Diana Prince,2,466.22,259.65,932.44,519.3,121.1,28.01,110.76,779.17,153.27,16.44
TXN-1118,2025-01-05,Software,Cloud Storage Annual,Miami,East,SMB,Direct Invoice,Evan Wright,7,383.09,82.21,2681.63,575.47,247.85,77.13,295.19,1195.64,1485.99,55.41
TXN-1119,2024-01-02,Services,Annual IT Maintenance Plan,Austin,South,SMB,Wire Transfer,Fiona Gallagher,4,1772.65,605.58,7090.6,2422.32,754.11,46.5,460.94,3683.87,3406.73,48.05
TXN-1120,2026-05-06,Electronics,Ultra-Wide Monitor 34,Boston,East,Consumer,Credit Card,Alice Smith,4,611.61,397.85,2446.44,1591.4,235.6,29.44,165.09,2021.53,424.91,17.37
TXN-1121,2025-08-27,Software,Security Firewall Pro,San Francisco,West,SMB,Direct Invoice,Charlie Davis,4,878.12,212.67,3512.48,850.68,257.85,21.47,416.51,1546.51,1965.97,55.97
TXN-1122,2024-06-13,Electronics,Laptop Pro 15,Los Angeles,West,Consumer,Direct Invoice,Fiona Gallagher,4,1207.66,715.06,4830.64,2860.24,671.15,24.92,342.79,3899.1,931.54,19.28
TXN-1123,2024-01-01,Office Supplies,Mesh Office Chair,Houston,South,Government,Credit Card,Alice Smith,26,324.34,163.01,8432.84,4238.26,774.05,254.77,847.61,6114.69,2318.15,27.49
TXN-1124,2024-08-04,Software,Enterprise ERP License,San Francisco,West,SMB,Direct Invoice,Charlie Davis,2,2437.06,501.61,4874.12,1003.22,341.48,12.65,369.07,1726.42,3147.7,64.58
TXN-1125,2026-06-10,Software,Enterprise ERP License,New York,East,SMB,Credit Card,Fiona Gallagher,5,2685.34,487.77,13426.7,2438.85,1516.29,73.93,1044.18,5073.25,8353.45,62.22
TXN-1126,2024-05-24,Software,Security Firewall Pro,Los Angeles,West,Consumer,PayPal,Alice Smith,6,906.94,222.21,5441.64,1333.26,736.09,79.61,580.77,2729.73,2711.91,49.84
TXN-1127,2024-08-07,Software,Cloud Storage Annual,Austin,South,Enterprise,Credit Card,Alice Smith,29,423.73,82.26,12288.17,2385.54,1294.7,359.15,1414.33,5453.72,6834.45,55.62
TXN-1128,2025-05-08,Hardware,Gigabit Switch 24-Port,Miami,East,Consumer,Wire Transfer,Evan Wright,1,436.84,269.59,436.84,269.59,39.34,7.97,81.39,398.29,38.55,8.82
TXN-1129,2024-03-05,Hardware,Gigabit Switch 24-Port,Phoenix,West,SMB,PayPal,Diana Prince,5,446.31,253.18,2231.55,1265.9,200.53,36.36,179.22,1682.01,549.54,24.63
TXN-1130,2025-09-13,Software,Cloud Storage Annual,San Francisco,West,SMB,Wire Transfer,Bob Jones,6,426.51,82.51,2559.06,495.06,175.84,38.94,257.05,966.89,1592.17,62.22
TXN-1131,2026-01-09,Office Supplies,High-Speed Paper Shredder,Phoenix,West,Consumer,Wire Transfer,Diana Prince,3,180.61,92.9,541.83,278.7,51.19,41.9,107.07,478.86,62.97,11.62
TXN-1132,2026-03-14,Office Supplies,Standing Desk Converter,Chicago,Midwest,Government,Wire Transfer,Charlie Davis,11,265.05,141.64,2915.55,1558.04,296.94,128.71,387.43,2371.12,544.43,18.67
TXN-1133,2025-10-09,Software,Security Firewall Pro,Boston,East,SMB,Credit Card,Diana Prince,2,798.58,212.99,1597.16,425.98,182.86,13.63,201.11,823.58,773.58,48.43
TXN-1134,2024-11-07,Electronics,Smart Display 10,Seattle,West,Government,Direct Invoice,Diana Prince,31,367.14,201.0,11381.34,6231.0,722.41,351.28,1383.14,8687.83,2693.51,23.67
TXN-1135,2024-04-27,Services,Cloud Migration Consulting,San Francisco,West,Consumer,PayPal,Bob Jones,2,3422.03,1248.71,6844.06,2497.42,832.21,21.13,502.8,3853.56,2990.5,43.69
TXN-1136,2025-10-25,Office Supplies,High-Speed Paper Shredder,Phoenix,West,SMB,Wire Transfer,Charlie Davis,4,169.91,89.32,679.64,357.28,49.1,29.41,123.71,559.5,120.14,17.68
TXN-1137,2025-10-22,Electronics,Smart Display 10,Houston,South,SMB,Direct Invoice,Charlie Davis,2,336.39,202.64,672.78,405.28,43.51,12.84,102.39,564.02,108.76,16.17
TXN-1138,2025-10-19,Office Supplies,Mesh Office Chair,Austin,South,SMB,Credit Card,Alice Smith,3,345.15,154.05,1035.45,462.15,70.75,36.73,130.14,699.77,335.68,32.42
TXN-1139,2024-02-05,Services,Annual IT Maintenance Plan,Chicago,Midwest,Enterprise,Direct Invoice,Alice Smith,10,1758.24,574.17,17582.4,5741.7,1785.05,56.76,1898.2,9481.71,8100.69,46.07
TXN-1140,2024-05-28,Software,Data Analytics Suite,Austin,South,Enterprise,Wire Transfer,Charlie Davis,26,1540.68,314.82,40057.68,8185.32,4524.4,275.02,4099.57,17084.31,22973.37,57.35
TXN-1141,2024-09-20,Hardware,Gigabit Switch 24-Port,Chicago,Midwest,Government,Credit Card,Alice Smith,32,452.58,249.51,14482.56,7984.32,1390.76,401.97,1136.38,10913.43,3569.13,24.64
TXN-1142,2025-05-29,Services,Cybersecurity Audit,Miami,East,Enterprise,Credit Card,Diana Prince,12,2294.55,779.49,27534.6,9353.88,3131.36,71.15,1939.44,14495.83,13038.77,47.35
TXN-1143,2026-03-10,Electronics,Laptop Pro 15,Austin,South,Enterprise,Credit Card,Fiona Gallagher,8,1162.2,732.23,9297.6,5857.84,825.73,47.01,1127.91,7858.49,1439.11,15.48
TXN-1144,2026-04-22,Office Supplies,High-Speed Paper Shredder,Phoenix,West,Government,Wire Transfer,Fiona Gallagher,12,188.24,90.67,2258.88,1088.04,237.92,106.93,236.02,1668.91,589.97,26.12
TXN-1145,2025-11-08,Software,Enterprise ERP License,Miami,East,SMB,Wire Transfer,Fiona Gallagher,6,2622.37,514.5,15734.22,3087.0,1327.56,34.86,1260.96,5710.38,10023.84,63.71
TXN-1146,2024-05-09,Office Supplies,Mesh Office Chair,Chicago,Midwest,SMB,Wire Transfer,Alice Smith,2,301.19,165.79,602.38,331.58,80.61,19.74,121.57,553.5,48.88,8.11
TXN-1147,2025-01-15,Hardware,NAS Storage Enclosure,Miami,East,SMB,Credit Card,Evan Wright,5,732.8,478.96,3664.0,2394.8,368.19,36.63,270.31,3069.93,594.07,16.21
TXN-1148,2024-05-07,Hardware,Rack Server Blade X,Chicago,Midwest,SMB,Direct Invoice,Fiona Gallagher,5,2953.06,2121.54,14765.3,10607.7,1316.83,44.32,1353.16,13322.01,1443.29,9.77
TXN-1149,2024-12-10,Software,Cloud Storage Annual,Boston,East,Enterprise,Direct Invoice,Alice Smith,27,383.31,77.14,10349.37,2082.78,721.46,216.88,652.2,3673.32,6676.05,64.51
TXN-1150,2026-02-02,Electronics,Ultra-Wide Monitor 34,Chicago,Midwest,Government,Credit Card,Evan Wright,16,620.96,367.6,9935.36,5881.6,1117.31,215.68,1068.04,8282.63,1652.73,16.63
TXN-1151,2025-12-03,Services,Cybersecurity Audit,Phoenix,West,SMB,Wire Transfer,Fiona Gallagher,7,2282.23,821.54,15975.61,5750.78,972.64,64.13,1358.22,8145.77,7829.84,49.01
TXN-1152,2025-08-13,Services,Cloud Migration Consulting,Phoenix,West,Enterprise,PayPal,Evan Wright,5,3401.16,1240.12,17005.8,6200.6,1876.49,34.94,949.77,9061.8,7944.0,46.71
TXN-1153,2025-04-09,Office Supplies,Ergonomic Executive Desk,Houston,South,Consumer,PayPal,Evan Wright,2,799.3,466.41,1598.6,932.82,127.05,23.03,227.49,1310.39,288.21,18.03
TXN-1154,2025-02-25,Software,Enterprise ERP License,Seattle,West,Consumer,Credit Card,Alice Smith,1,2677.13,515.44,2677.13,515.44,176.99,7.79,343.38,1043.6,1633.53,61.02
TXN-1155,2024-08-19,Services,Cybersecurity Audit,Phoenix,West,SMB,PayPal,Fiona Gallagher,1,2240.1,765.33,2240.1,765.33,227.31,6.5,278.37,1277.51,962.59,42.97
TXN-1156,2024-04-10,Services,Annual IT Maintenance Plan,Phoenix,West,SMB,Credit Card,Charlie Davis,3,1659.49,627.39,4978.47,1882.17,592.44,25.6,393.25,2893.46,2085.01,41.88
TXN-1157,2025-02-02,Office Supplies,Standing Desk Converter,Miami,East,Enterprise,PayPal,Bob Jones,9,282.22,144.63,2539.98,1301.67,166.36,83.19,192.57,1743.79,796.19,31.35
TXN-1158,2024-12-02,Electronics,Laptop Pro 15,Boston,East,SMB,PayPal,Alice Smith,4,1222.08,770.6,4888.32,3082.4,545.11,41.21,336.88,4005.6,882.72,18.06
TXN-1159,2024-05-28,Hardware,NAS Storage Enclosure,Los Angeles,West,Enterprise,Credit Card,Evan Wright,20,818.91,487.51,16378.2,9750.2,1150.53,167.65,1916.41,12984.79,3393.41,20.72
TXN-1160,2025-10-26,Office Supplies,Mesh Office Chair,Seattle,West,SMB,Wire Transfer,Diana Prince,6,341.93,162.82,2051.58,976.92,204.51,30.76,305.39,1517.58,534.0,26.03
TXN-1161,2024-08-09,Electronics,Ultra-Wide Monitor 34,San Francisco,West,SMB,Credit Card,Evan Wright,6,645.9,393.0,3875.4,2358.0,458.38,76.59,402.42,3295.39,580.01,14.97
TXN-1162,2025-08-20,Office Supplies,Ergonomic Executive Desk,Austin,South,SMB,Credit Card,Bob Jones,2,799.92,460.17,1599.84,920.34,200.66,14.27,207.08,1342.35,257.49,16.09
TXN-1163,2025-04-05,Office Supplies,Ergonomic Executive Desk,New York,East,SMB,PayPal,Fiona Gallagher,3,802.61,431.72,2407.83,1295.16,255.65,41.31,223.16,1815.28,592.55,24.61
TXN-1164,2024-07-04,Electronics,Ultra-Wide Monitor 34,Houston,South,Consumer,Direct Invoice,Charlie Davis,2,666.39,372.82,1332.78,745.64,159.12,26.3,185.29,1116.35,216.43,16.24
TXN-1165,2024-04-21,Services,Annual IT Maintenance Plan,Chicago,Midwest,SMB,Wire Transfer,Bob Jones,2,1666.17,614.74,3332.34,1229.48,253.92,29.16,292.06,1804.62,1527.72,45.85
TXN-1166,2026-01-24,Office Supplies,Ergonomic Executive Desk,Seattle,West,SMB,Credit Card,Diana Prince,4,888.13,437.27,3552.52,1749.08,252.32,46.52,208.8,2256.72,1295.8,36.48
TXN-1167,2024-07-20,Hardware,Rack Server Blade X,Chicago,Midwest,SMB,PayPal,Diana Prince,5,3272.87,2008.62,16364.35,10043.1,1741.15,53.07,1516.67,13353.99,3010.36,18.4
TXN-1168,2024-06-10,Software,Data Analytics Suite,Miami,East,SMB,Wire Transfer,Charlie Davis,6,1546.9,307.38,9281.4,1844.28,1286.01,42.59,1051.37,4224.25,5057.15,54.49
TXN-1169,2025-11-15,Hardware,Gigabit Switch 24-Port,Phoenix,West,SMB,Credit Card,Bob Jones,7,429.88,262.55,3009.16,1837.85,357.65,104.88,405.56,2705.94,303.22,10.08
TXN-1170,2025-02-04,Hardware,NAS Storage Enclosure,Austin,South,Government,Direct Invoice,Charlie Davis,16,788.97,484.21,12623.52,7747.36,943.71,137.96,948.34,9777.37,2846.15,22.55
TXN-1171,2025-09-16,Services,Cloud Migration Consulting,New York,East,Government,PayPal,Evan Wright,28,3365.21,1191.56,94225.88,33363.68,12232.25,375.74,6006.94,51978.61,42247.27,44.84
TXN-1172,2024-03-14,Services,Cloud Migration Consulting,Seattle,West,Enterprise,PayPal,Bob Jones,7,3464.64,1227.54,24252.48,8592.78,2940.4,46.12,2276.71,13856.01,10396.47,42.87
TXN-1173,2025-06-26,Hardware,Rack Server Blade X,Chicago,Midwest,Enterprise,Direct Invoice,Diana Prince,14,3088.48,2049.96,43238.72,28699.44,3448.65,196.88,2953.56,35298.53,7940.19,18.36
TXN-1174,2024-06-30,Software,Enterprise ERP License,Austin,South,Enterprise,Credit Card,Diana Prince,28,2318.6,505.98,64920.8,14167.44,6814.05,236.86,4744.72,25963.07,38957.73,60.01
TXN-1175,2024-03-10,Software,Security Firewall Pro,Los Angeles,West,SMB,Direct Invoice,Evan Wright,2,894.59,226.33,1789.18,452.66,196.73,19.89,240.84,910.12,879.06,49.13
TXN-1176,2025-08-21,Software,Enterprise ERP License,Los Angeles,West,Enterprise,PayPal,Alice Smith,25,2543.41,492.48,63585.25,12312.0,4395.5,162.81,4217.2,21087.51,42497.74,66.84
TXN-1177,2024-11-22,Electronics,Laptop Pro 15,Los Angeles,West,Enterprise,Wire Transfer,Diana Prince,15,1116.99,765.59,16754.85,11483.85,1733.84,87.26,1424.34,14729.29,2025.56,12.09
TXN-1178,2026-05-02,Services,Cloud Migration Consulting,Austin,South,Consumer,Wire Transfer,Bob Jones,2,3702.71,1195.22,7405.42,2390.44,888.23,15.81,804.94,4099.42,3306.0,44.64
TXN-1179,2025-07-24,Software,Data Analytics Suite,Miami,East,Consumer,Direct Invoice,Evan Wright,4,1510.76,307.75,6043.04,1231.0,727.15,20.72,415.14,2394.01,3649.03,60.38
TXN-1180,2025-09-19,Hardware,Gigabit Switch 24-Port,San Francisco,West,SMB,Direct Invoice,Bob Jones,1,415.96,248.7,415.96,248.7,40.4,14.09,86.35,389.54,26.42,6.35
TXN-1181,2026-02-12,Hardware,NAS Storage Enclosure,San Francisco,West,SMB,PayPal,Charlie Davis,5,837.97,465.78,4189.85,2328.9,426.8,39.36,496.68,3291.74,898.11,21.44
TXN-1182,2025-08-19,Electronics,Wireless Noise-Canceling Headset,Los Angeles,West,SMB,Direct Invoice,Diana Prince,6,261.73,117.8,1570.38,706.8,201.91,84.37,187.97,1181.05,389.33,24.79
TXN-1183,2024-08-07,Electronics,Wireless Noise-Canceling Headset,Los Angeles,West,Consumer,Direct Invoice,Charlie Davis,5,247.61,121.38,1238.05,606.9,82.55,69.12,181.86,940.43,297.62,24.04
TXN-1184,2024-01-16,Electronics,Wireless Noise-Canceling Headset,Phoenix,West,Enterprise,Wire Transfer,Evan Wright,6,236.64,124.58,1419.84,747.48,133.75,39.73,125.83,1046.79,373.05,26.27
TXN-1185,2024-12-18,Hardware,Rack Server Blade X,Chicago,Midwest,Consumer,Wire Transfer,Fiona Gallagher,5,3442.41,2065.74,17212.05,10328.7,1440.98,70.91,1059.61,12900.2,4311.85,25.05
TXN-1186,2025-01-11,Office Supplies,Mesh Office Chair,San Francisco,West,SMB,Wire Transfer,Fiona Gallagher,3,339.45,160.41,1018.35,481.23,81.01,18.39,120.28,700.91,317.44,31.17
TXN-1187,2025-11-05,Hardware,Gigabit Switch 24-Port,San Francisco,West,SMB,Wire Transfer,Bob Jones,3,460.88,263.14,1382.64,789.42,121.94,40.24,193.49,1145.09,237.55,17.18
TXN-1188,2024-10-15,Hardware,Rack Server Blade X,Boston,East,Enterprise,Direct Invoice,Diana Prince,19,3033.54,2174.7,57637.26,41319.3,4505.76,254.04,4067.21,50146.31,7490.95,13.0
TXN-1189,2025-05-30,Software,Enterprise ERP License,Austin,South,SMB,Credit Card,Charlie Davis,1,2421.58,507.66,2421.58,507.66,327.07,13.71,318.24,1166.68,1254.9,51.82
TXN-1190,2026-04-24,Software,Data Analytics Suite,New York,East,Consumer,PayPal,Charlie Davis,3,1473.54,296.39,4420.62,889.17,345.42,26.45,305.67,1566.71,2853.91,64.56
TXN-1191,2026-04-25,Office Supplies,High-Speed Paper Shredder,New York,East,Enterprise,Direct Invoice,Fiona Gallagher,10,173.67,93.23,1736.7,932.3,144.8,141.08,246.79,1464.97,271.73,15.65
TXN-1192,2024-06-21,Electronics,Wireless Noise-Canceling Headset,Phoenix,West,SMB,PayPal,Diana Prince,6,238.74,115.44,1432.44,692.64,93.78,45.8,130.28,962.5,469.94,32.81
TXN-1193,2026-03-30,Electronics,Smart Display 10,Houston,South,Enterprise,PayPal,Fiona Gallagher,13,324.7,208.06,4221.1,2704.78,541.07,151.81,459.88,3857.54,363.56,8.61
TXN-1194,2024-05-06,Services,Cloud Migration Consulting,New York,East,Enterprise,Direct Invoice,Charlie Davis,15,3777.45,1242.68,56661.75,18640.2,5763.39,84.55,6186.52,30674.66,25987.09,45.86
TXN-1195,2024-07-19,Services,Annual IT Maintenance Plan,Chicago,Midwest,Consumer,Wire Transfer,Alice Smith,5,1856.0,574.93,9280.0,2874.65,1232.89,48.22,593.78,4749.54,4530.46,48.82
TXN-1196,2026-03-30,Services,Cloud Migration Consulting,Los Angeles,West,Government,Wire Transfer,Diana Prince,34,3613.47,1168.49,122857.98,39728.66,12407.32,205.44,9498.98,61840.4,61017.58,49.67
TXN-1197,2026-05-03,Hardware,Gigabit Switch 24-Port,Los Angeles,West,SMB,PayPal,Alice Smith,1,433.37,257.58,433.37,257.58,56.91,5.03,79.12,398.64,34.73,8.01
TXN-1198,2024-10-09,Office Supplies,High-Speed Paper Shredder,Seattle,West,Government,Credit Card,Evan Wright,26,183.53,89.73,4771.78,2332.98,457.12,253.31,488.17,3531.58,1240.2,25.99
TXN-1199,2024-02-18,Electronics,Smart Display 10,Los Angeles,West,Enterprise,Direct Invoice,Alice Smith,11,366.94,201.44,4036.34,2215.84,407.72,87.28,508.9,3219.74,816.6,20.23
TXN-1200,2025-07-02,Electronics,Laptop Pro 15,New York,East,Enterprise,PayPal,Charlie Davis,11,1214.36,714.73,13357.96,7862.03,1523.26,59.93,1165.0,10610.22,2747.74,20.57
TXN-1201,2025-07-10,Electronics,Ultra-Wide Monitor 34,Miami,East,SMB,Direct Invoice,Evan Wright,5,624.85,386.64,3124.25,1933.2,261.62,60.92,428.14,2683.88,440.37,14.1
TXN-1202,2024-06-01,Office Supplies,Mesh Office Chair,Phoenix,West,SMB,PayPal,Alice Smith,7,339.03,156.11,2373.21,1092.77,268.7,91.02,254.28,1706.77,666.44,28.08
TXN-1203,2026-01-20,Hardware,Rack Server Blade X,New York,East,SMB,PayPal,Alice Smith,7,3155.29,2130.68,22087.03,14914.76,2467.47,97.16,2080.11,19559.5,2527.53,11.44
TXN-1204,2025-07-16,Electronics,Laptop Pro 15,Phoenix,West,Consumer,Direct Invoice,Fiona Gallagher,3,1246.27,752.25,3738.81,2256.75,472.29,44.74,463.24,3237.02,501.79,13.42
TXN-1205,2024-09-24,Office Supplies,Standing Desk Converter,New York,East,Enterprise,PayPal,Bob Jones,9,263.11,140.82,2367.99,1267.38,207.09,110.63,297.26,1882.36,485.63,20.51
TXN-1206,2025-03-13,Office Supplies,Mesh Office Chair,Chicago,Midwest,SMB,PayPal,Alice Smith,5,338.52,161.44,1692.6,807.2,132.2,44.21,192.72,1176.33,516.27,30.5
TXN-1207,2024-02-10,Office Supplies,High-Speed Paper Shredder,Seattle,West,SMB,Wire Transfer,Diana Prince,4,185.43,88.87,741.72,355.48,54.4,37.22,117.9,565.0,176.72,23.83
TXN-1208,2024-07-11,Hardware,NAS Storage Enclosure,Seattle,West,SMB,Direct Invoice,Charlie Davis,3,765.76,494.0,2297.28,1482.0,247.37,18.04,302.96,2050.37,246.91,10.75
TXN-1209,2025-11-18,Hardware,Gigabit Switch 24-Port,New York,East,Enterprise,Credit Card,Evan Wright,22,448.96,247.72,9877.12,5449.84,992.02,322.08,781.84,7545.78,2331.34,23.6
TXN-1210,2024-12-28,Office Supplies,Mesh Office Chair,Miami,East,Enterprise,PayPal,Evan Wright,19,319.38,154.08,6068.22,2927.52,769.68,165.38,511.06,4373.64,1694.58,27.93
TXN-1211,2025-10-07,Hardware,Gigabit Switch 24-Port,San Francisco,West,Government,Credit Card,Charlie Davis,24,424.91,247.8,10197.84,5947.2,1403.83,305.65,1258.21,8914.89,1282.95,12.58
TXN-1212,2026-06-27,Software,Enterprise ERP License,Austin,South,Enterprise,PayPal,Charlie Davis,7,2420.93,487.97,16946.51,3415.79,1280.65,39.04,1289.77,6025.25,10921.26,64.45
TXN-1213,2024-10-26,Office Supplies,Standing Desk Converter,Chicago,Midwest,Enterprise,Direct Invoice,Evan Wright,7,264.34,144.43,1850.38,1011.01,141.71,89.77,225.7,1468.19,382.19,20.65
TXN-1214,2024-08-01,Electronics,Ultra-Wide Monitor 34,Seattle,West,SMB,PayPal,Evan Wright,4,686.67,388.01,2746.68,1552.04,364.09,25.29,307.3,2248.72,497.96,18.13
TXN-1215,2026-04-01,Services,Cybersecurity Audit,Austin,South,Enterprise,PayPal,Diana Prince,9,2303.56,782.06,20732.04,7038.54,2698.63,129.96,1300.3,11167.43,9564.61,46.13
TXN-1216,2024-10-30,Hardware,Gigabit Switch 24-Port,Phoenix,West,SMB,Wire Transfer,Charlie Davis,1,454.52,258.47,454.52,258.47,49.3,14.19,97.8,419.76,34.76,7.65
TXN-1217,2025-12-31,Software,Security Firewall Pro,Miami,East,SMB,PayPal,Diana Prince,7,912.02,213.41,6384.14,1493.87,438.85,94.78,586.28,2613.78,3770.36,59.06
TXN-1218,2026-05-13,Office Supplies,Standing Desk Converter,Austin,South,Enterprise,Credit Card,Evan Wright,19,285.67,145.97,5427.73,2773.43,333.96,185.6,596.04,3889.03,1538.7,28.35
TXN-1219,2025-07-19,Software,Cloud Storage Annual,Houston,South,SMB,Wire Transfer,Alice Smith,3,381.49,83.66,1144.47,250.98,69.48,44.93,181.15,546.54,597.93,52.25
TXN-1220,2024-11-22,Office Supplies,Ergonomic Executive Desk,Chicago,Midwest,Consumer,Credit Card,Evan Wright,5,884.47,462.1,4422.35,2310.5,498.32,63.31,539.8,3411.93,1010.42,22.85
TXN-1221,2024-04-13,Electronics,Smart Display 10,Chicago,Midwest,SMB,Wire Transfer,Charlie Davis,3,352.75,202.64,1058.25,607.92,112.35,35.93,79.42,835.62,222.63,21.04
TXN-1222,2024-12-23,Software,Security Firewall Pro,New York,East,SMB,Wire Transfer,Diana Prince,6,788.83,210.6,4732.98,1263.6,436.52,47.72,350.5,2098.34,2634.64,55.67
TXN-1223,2026-06-22,Office Supplies,Mesh Office Chair,Phoenix,West,SMB,Credit Card,Alice Smith,1,305.63,152.54,305.63,152.54,23.59,9.16,62.8,248.09,57.54,18.83
TXN-1224,2024-07-01,Software,Cloud Storage Annual,Chicago,Midwest,SMB,Direct Invoice,Diana Prince,2,383.48,81.71,766.96,163.42,96.49,26.08,119.22,405.21,361.75,47.17
TXN-1225,2024-07-23,Office Supplies,Standing Desk Converter,Los Angeles,West,Enterprise,PayPal,Fiona Gallagher,6,263.6,141.81,1581.6,850.86,101.77,74.92,134.25,1161.8,419.8,26.54
TXN-1226,2026-05-10,Software,Cloud Storage Annual,Austin,South,SMB,PayPal,Bob Jones,1,389.78,83.52,389.78,83.52,25.97,14.31,69.84,193.64,196.14,50.32
TXN-1227,2024-05-16,Office Supplies,Mesh Office Chair,Chicago,Midwest,Consumer,PayPal,Charlie Davis,5,316.03,158.04,1580.15,790.2,213.17,58.76,114.38,1176.51,403.64,25.54
TXN-1228,2026-04-07,Office Supplies,Ergonomic Executive Desk,Los Angeles,West,SMB,PayPal,Evan Wright,5,901.07,435.73,4505.35,2178.65,370.68,31.48,515.13,3095.94,1409.41,31.28
TXN-1229,2025-12-13,Services,Cybersecurity Audit,Miami,East,SMB,Wire Transfer,Alice Smith,5,2199.5,790.81,10997.5,3954.05,1421.6,48.8,693.37,6117.82,4879.68,44.37
TXN-1230,2024-08-14,Hardware,Rack Server Blade X,Phoenix,West,Consumer,Wire Transfer,Evan Wright,5,3156.89,2146.13,15784.45,10730.65,1415.75,68.49,1655.22,13870.11,1914.34,12.13
TXN-1231,2024-04-09,Services,Cybersecurity Audit,Boston,East,SMB,Direct Invoice,Diana Prince,2,2283.46,837.97,4566.92,1675.94,293.09,23.64,432.76,2425.43,2141.49,46.89
TXN-1232,2025-06-16,Hardware,NAS Storage Enclosure,Miami,East,SMB,Credit Card,Fiona Gallagher,6,781.98,468.84,4691.88,2813.04,595.11,30.88,399.34,3838.37,853.51,18.19
TXN-1233,2026-04-28,Hardware,Gigabit Switch 24-Port,Seattle,West,Enterprise,PayPal,Fiona Gallagher,21,479.24,253.93,10064.04,5332.53,1187.44,289.31,576.41,7385.69,2678.35,26.61
TXN-1234,2026-04-12,Hardware,NAS Storage Enclosure,New York,East,SMB,Wire Transfer,Diana Prince,3,789.4,459.67,2368.2,1379.01,214.57,26.03,194.67,1814.28,553.92,23.39
TXN-1235,2026-01-05,Services,Annual IT Maintenance Plan,New York,East,SMB,PayPal,Diana Prince,1,1763.06,570.08,1763.06,570.08,148.07,11.46,279.21,1008.82,754.24,42.78
TXN-1236,2025-04-01,Office Supplies,High-Speed Paper Shredder,New York,East,SMB,Direct Invoice,Evan Wright,6,169.99,93.6,1019.94,561.6,119.14,86.24,142.47,909.45,110.49,10.83
TXN-1237,2024-05-03,Hardware,Gigabit Switch 24-Port,Chicago,Midwest,Government,Credit Card,Evan Wright,33,485.38,261.16,16017.54,8618.28,2194.75,189.95,1244.41,12247.39,3770.15,23.54
TXN-1238,2025-05-06,Software,Enterprise ERP License,Seattle,West,Consumer,PayPal,Evan Wright,3,2358.79,515.56,7076.37,1546.68,784.6,26.64,723.34,3081.26,3995.11,56.46
TXN-1239,2024-02-18,Hardware,Gigabit Switch 24-Port,Los Angeles,West,SMB,Credit Card,Alice Smith,6,418.48,250.83,2510.88,1504.98,152.23,67.86,232.28,1957.35,553.53,22.05
TXN-1240,2025-02-25,Office Supplies,Mesh Office Chair,Seattle,West,SMB,Credit Card,Fiona Gallagher,6,341.95,164.17,2051.7,985.02,212.86,40.82,222.1,1460.8,590.9,28.8
TXN-1241,2025-06-01,Services,Annual IT Maintenance Plan,New York,East,Enterprise,PayPal,Evan Wright,22,1901.89,584.52,41841.58,12859.44,5726.03,153.32,4958.42,23697.21,18144.37,43.36
TXN-1242,2026-04-11,Office Supplies,Mesh Office Chair,San Francisco,West,Enterprise,Credit Card,Alice Smith,22,324.79,153.17,7145.38,3369.74,784.47,325.86,519.91,4999.98,2145.4,30.02
TXN-1243,2025-07-24,Services,Cloud Migration Consulting,New York,East,Government,Credit Card,Bob Jones,11,3644.09,1159.4,40084.99,12753.4,3934.42,134.02,2756.71,19578.55,20506.44,51.16
TXN-1244,2024-02-08,Electronics,Wireless Noise-Canceling Headset,Chicago,Midwest,SMB,Wire Transfer,Evan Wright,6,254.12,124.02,1524.72,744.12,187.16,52.62,203.44,1187.34,337.38,22.13
TXN-1245,2025-12-28,Software,Security Firewall Pro,Los Angeles,West,Consumer,Direct Invoice,Charlie Davis,6,840.3,209.64,5041.8,1257.84,496.47,69.75,331.25,2155.31,2886.49,57.25
TXN-1246,2026-01-29,Office Supplies,Mesh Office Chair,Miami,East,SMB,Credit Card,Evan Wright,7,313.43,158.28,2194.01,1107.96,264.03,99.29,310.37,1781.65,412.36,18.79
TXN-1247,2025-12-18,Electronics,Smart Display 10,Chicago,Midwest,SMB,Credit Card,Charlie Davis,2,358.77,194.81,717.54,389.62,54.05,28.36,91.35,563.38,154.16,21.48
TXN-1248,2025-12-15,Electronics,Laptop Pro 15,Houston,South,Enterprise,Credit Card,Fiona Gallagher,6,1234.47,729.37,7406.82,4376.22,700.02,73.15,708.06,5857.45,1549.37,20.92
TXN-1249,2025-08-10,Software,Data Analytics Suite,Miami,East,Enterprise,PayPal,Bob Jones,12,1476.23,307.89,17714.76,3694.68,2229.45,166.67,1593.21,7684.01,10030.75,56.62
TXN-1250,2026-06-22,Electronics,Ultra-Wide Monitor 34,Miami,East,SMB,Wire Transfer,Diana Prince,6,605.4,363.62,3632.4,2181.72,491.33,60.42,354.37,3087.84,544.56,14.99
TXN-1251,2024-02-09,Services,Cloud Migration Consulting,Los Angeles,West,SMB,Direct Invoice,Charlie Davis,2,3710.49,1204.69,7420.98,2409.38,612.96,18.5,418.24,3459.08,3961.9,53.39
TXN-1252,2026-04-09,Electronics,Laptop Pro 15,San Francisco,West,Enterprise,Wire Transfer,Evan Wright,29,1290.83,729.46,37434.07,21154.34,3157.04,233.14,2495.57,27040.09,10393.98,27.77
TXN-1253,2026-03-25,Hardware,Gigabit Switch 24-Port,Miami,East,SMB,PayPal,Alice Smith,5,468.65,262.85,2343.25,1314.25,308.57,65.9,194.92,1883.64,459.61,19.61
TXN-1254,2024-07-03,Office Supplies,Standing Desk Converter,Austin,South,SMB,Direct Invoice,Fiona Gallagher,5,281.9,135.09,1409.5,675.45,127.5,45.72,166.09,1014.76,394.74,28.01
TXN-1255,2024-06-10,Electronics,Laptop Pro 15,Seattle,West,SMB,Credit Card,Diana Prince,4,1225.37,722.25,4901.48,2889.0,513.71,51.23,518.48,3972.42,929.06,18.95
TXN-1256,2024-03-21,Electronics,Wireless Noise-Canceling Headset,Los Angeles,West,Enterprise,PayPal,Charlie Davis,10,266.84,122.34,2668.4,1223.4,315.72,136.17,253.04,1928.33,740.07,27.73
TXN-1257,2025-04-21,Electronics,Laptop Pro 15,Austin,South,Enterprise,Direct Invoice,Evan Wright,7,1126.82,769.85,7887.74,5388.95,896.71,65.47,736.4,7087.53,800.21,10.14
TXN-1258,2025-04-18,Hardware,Gigabit Switch 24-Port,New York,East,Enterprise,Direct Invoice,Charlie Davis,12,471.42,263.01,5657.04,3156.12,721.06,71.7,554.27,4503.15,1153.89,20.4
TXN-1259,2026-06-20,Electronics,Laptop Pro 15,New York,East,SMB,Credit Card,Alice Smith,5,1241.94,777.2,6209.7,3886.0,461.63,65.0,594.53,5007.16,1202.54,19.37
TXN-1260,2026-06-09,Office Supplies,Mesh Office Chair,San Francisco,West,Enterprise,Direct Invoice,Diana Prince,27,310.61,165.06,8386.47,4456.62,839.66,154.14,679.11,6129.53,2256.94,26.91
TXN-1261,2025-09-17,Office Supplies,Standing Desk Converter,Boston,East,Enterprise,Direct Invoice,Diana Prince,5,282.19,137.03,1410.95,685.15,119.28,42.65,171.95,1019.03,391.92,27.78
TXN-1262,2025-07-22,Hardware,Gigabit Switch 24-Port,Houston,South,Enterprise,PayPal,Alice Smith,22,445.16,264.82,9793.52,5826.04,848.08,122.45,822.68,7619.25,2174.27,22.2
TXN-1263,2024-05-20,Hardware,Gigabit Switch 24-Port,Phoenix,West,SMB,Wire Transfer,Charlie Davis,6,457.28,272.75,2743.68,1636.5,236.01,86.48,333.55,2292.54,451.14,16.44
TXN-1264,2025-07-27,Services,Cloud Migration Consulting,New York,East,Enterprise,Wire Transfer,Evan Wright,13,3633.22,1224.55,47231.86,15919.15,4431.21,110.05,3712.05,24172.46,23059.4,48.82
TXN-1265,2026-02-16,Software,Enterprise ERP License,Miami,East,Enterprise,Direct Invoice,Bob Jones,10,2687.41,505.18,26874.1,5051.8,1777.95,57.56,3171.35,10058.66,16815.44,62.57
TXN-1266,2024-05-27,Hardware,NAS Storage Enclosure,Chicago,Midwest,Enterprise,Wire Transfer,Fiona Gallagher,25,719.49,502.32,17987.25,12558.0,1440.27,294.01,1845.69,16137.97,1849.28,10.28
TXN-1267,2026-01-14,Office Supplies,High-Speed Paper Shredder,Boston,East,Consumer,Credit Card,Charlie Davis,2,178.53,91.01,357.06,182.02,27.51,28.78,84.36,322.67,34.39,9.63
TXN-1268,2026-05-17,Software,Cloud Storage Annual,San Francisco,West,Enterprise,Credit Card,Alice Smith,17,405.31,78.02,6890.27,1326.34,661.61,247.79,607.36,2843.1,4047.17,58.74
TXN-1269,2025-09-09,Electronics,Smart Display 10,Boston,East,SMB,Wire Transfer,Charlie Davis,4,363.91,208.29,1455.64,833.16,137.88,30.35,180.45,1181.84,273.8,18.81
TXN-1270,2024-09-04,Hardware,Rack Server Blade X,San Francisco,West,SMB,Wire Transfer,Diana Prince,5,2990.79,2036.85,14953.95,10184.25,1946.97,61.94,796.99,12990.15,1963.8,13.13
TXN-1271,2024-12-31,Services,Cybersecurity Audit,Boston,East,Enterprise,Credit Card,Bob Jones,7,2099.8,807.77,14698.6,5654.39,1581.34,61.05,1150.69,8447.47,6251.13,42.53
TXN-1272,2025-09-30,Office Supplies,High-Speed Paper Shredder,Los Angeles,West,Enterprise,Wire Transfer,Fiona Gallagher,5,172.9,94.39,864.5,471.95,72.03,63.54,101.47,708.99,155.51,17.99
TXN-1273,2025-09-10,Electronics,Wireless Noise-Canceling Headset,New York,East,Consumer,Credit Card,Fiona Gallagher,5,256.66,123.45,1283.3,617.25,123.64,56.51,148.81,946.21,337.09,26.27
TXN-1274,2025-11-10,Hardware,Gigabit Switch 24-Port,Houston,South,Consumer,Wire Transfer,Bob Jones,7,435.05,258.54,3045.35,1809.78,188.06,56.07,282.79,2336.7,708.65,23.27
TXN-1275,2026-04-01,Hardware,NAS Storage Enclosure,New York,East,Consumer,Wire Transfer,Fiona Gallagher,2,768.62,500.35,1537.24,1000.7,105.99,20.33,238.05,1365.07,172.17,11.2
TXN-1276,2024-08-29,Office Supplies,Ergonomic Executive Desk,Chicago,Midwest,SMB,Direct Invoice,Evan Wright,1,824.13,438.75,824.13,438.75,83.4,10.36,103.02,635.53,188.6,22.88
TXN-1277,2024-02-21,Electronics,Laptop Pro 15,Phoenix,West,Enterprise,PayPal,Evan Wright,8,1225.39,740.51,9803.12,5924.08,801.11,58.54,783.0,7566.73,2236.39,22.81
TXN-1278,2024-01-06,Office Supplies,Ergonomic Executive Desk,Miami,East,Enterprise,Credit Card,Fiona Gallagher,9,874.06,465.21,7866.54,4186.89,1012.43,112.35,691.81,6003.48,1863.06,23.68
TXN-1279,2024-10-11,Services,Cybersecurity Audit,Chicago,Midwest,Enterprise,PayPal,Evan Wright,21,2284.7,829.04,47978.7,17409.84,4920.27,270.78,3448.18,26049.07,21929.63,45.71
TXN-1280,2025-02-17,Electronics,Smart Display 10,Seattle,West,Consumer,Wire Transfer,Bob Jones,7,327.9,194.45,2295.3,1361.15,233.06,77.54,177.65,1849.4,445.9,19.43
TXN-1281,2026-01-27,Office Supplies,Mesh Office Chair,Los Angeles,West,SMB,Credit Card,Alice Smith,7,333.0,165.94,2331.0,1161.58,266.48,63.83,271.73,1763.62,567.38,24.34
TXN-1282,2024-12-19,Office Supplies,Ergonomic Executive Desk,Austin,South,SMB,Credit Card,Evan Wright,1,849.42,469.49,849.42,469.49,80.8,14.8,99.79,664.88,184.54,21.73
TXN-1283,2026-03-04,Electronics,Wireless Noise-Canceling Headset,Phoenix,West,Consumer,PayPal,Evan Wright,1,230.72,123.51,230.72,123.51,15.12,9.74,78.3,226.67,4.05,1.76
TXN-1284,2025-02-19,Software,Security Firewall Pro,San Francisco,West,SMB,Credit Card,Alice Smith,5,893.71,227.55,4468.55,1137.75,441.53,41.68,518.1,2139.06,2329.49,52.13
TXN-1285,2024-12-04,Office Supplies,Mesh Office Chair,San Francisco,West,Consumer,PayPal,Charlie Davis,5,315.38,162.36,1576.9,811.8,96.57,39.04,124.32,1071.73,505.17,32.04
TXN-1286,2025-06-01,Hardware,NAS Storage Enclosure,San Francisco,West,SMB,PayPal,Diana Prince,4,798.51,459.56,3194.04,1838.24,287.58,52.15,336.45,2514.42,679.62,21.28
TXN-1287,2025-09-26,Software,Enterprise ERP License,Miami,East,Enterprise,Wire Transfer,Fiona Gallagher,12,2327.49,493.48,27929.88,5921.76,2713.08,146.73,2742.99,11524.56,16405.32,58.74
TXN-1288,2026-05-08,Office Supplies,Mesh Office Chair,New York,East,SMB,PayPal,Diana Prince,2,333.97,160.77,667.94,321.54,43.63,25.33,127.61,518.11,149.83,22.43
TXN-1289,2025-03-04,Software,Security Firewall Pro,New York,East,Enterprise,PayPal,Diana Prince,11,872.1,216.63,9593.1,2382.93,875.47,72.45,709.39,4040.24,5552.86,57.88
TXN-1290,2026-02-27,Software,Security Firewall Pro,Seattle,West,SMB,Wire Transfer,Fiona Gallagher,2,823.74,218.13,1647.48,436.26,192.79,17.72,181.36,828.13,819.35,49.73
TXN-1291,2024-08-24,Office Supplies,Mesh Office Chair,Seattle,West,SMB,PayPal,Alice Smith,2,330.04,158.12,660.08,316.24,83.0,23.19,106.11,528.54,131.54,19.93
TXN-1292,2026-03-16,Electronics,Wireless Noise-Canceling Headset,Miami,East,Government,Wire Transfer,Evan Wright,10,251.15,123.91,2511.5,1239.1,243.74,77.85,310.1,1870.79,640.71,25.51
TXN-1293,2025-08-08,Services,Cybersecurity Audit,Chicago,Midwest,SMB,PayPal,Fiona Gallagher,4,2296.33,819.83,9185.32,3279.32,661.79,28.69,793.44,4763.24,4422.08,48.14
TXN-1294,2026-06-11,Services,Cybersecurity Audit,Houston,South,SMB,Wire Transfer,Bob Jones,6,2175.0,776.09,13050.0,4656.54,1319.83,74.17,1111.18,7161.72,5888.28,45.12
TXN-1295,2024-09-14,Office Supplies,Ergonomic Executive Desk,Austin,South,SMB,Wire Transfer,Charlie Davis,4,904.82,469.51,3619.28,1878.04,449.18,46.97,230.36,2604.55,1014.73,28.04
TXN-1296,2024-12-16,Services,Annual IT Maintenance Plan,New York,East,Government,PayPal,Charlie Davis,30,1881.72,603.97,56451.6,18119.1,4799.64,346.3,3760.29,27025.33,29426.27,52.13
TXN-1297,2025-04-06,Software,Enterprise ERP License,Chicago,Midwest,Enterprise,PayPal,Charlie Davis,7,2675.37,495.74,18727.59,3470.18,1726.44,62.34,1085.56,6344.52,12383.07,66.12
TXN-1298,2024-01-19,Office Supplies,Mesh Office Chair,Seattle,West,Enterprise,Credit Card,Diana Prince,20,324.96,166.85,6499.2,3337.0,873.05,168.38,597.72,4976.15,1523.05,23.43
TXN-1299,2025-07-16,Services,Cloud Migration Consulting,Chicago,Midwest,Consumer,Wire Transfer,Diana Prince,6,3552.17,1146.4,21313.02,6878.4,2054.17,70.49,2118.86,11121.92,10191.1,47.82
TXN-1300,2025-04-15,Office Supplies,Ergonomic Executive Desk,Houston,South,Enterprise,PayPal,Alice Smith,13,791.49,452.46,10289.37,5881.98,1232.91,170.33,844.78,8130.0,2159.37,20.99
TXN-1301,2025-02-09,Software,Data Analytics Suite,New York,East,Consumer,Wire Transfer,Bob Jones,4,1544.49,285.75,6177.96,1143.0,455.41,38.14,566.75,2203.3,3974.66,64.34
TXN-1302,2024-06-14,Office Supplies,High-Speed Paper Shredder,Los Angeles,West,Government,Credit Card,Evan Wright,11,182.09,87.99,2002.99,967.89,267.81,119.15,224.57,1579.42,423.57,21.15
TXN-1303,2024-05-29,Hardware,Rack Server Blade X,Los Angeles,West,Enterprise,Credit Card,Diana Prince,24,3070.1,2140.04,73682.4,51360.96,7938.7,240.38,8780.07,68320.11,5362.29,7.28
TXN-1304,2024-06-03,Services,Cybersecurity Audit,Los Angeles,West,Consumer,Credit Card,Charlie Davis,3,2034.57,831.79,6103.71,2495.37,670.25,44.2,574.71,3784.53,2319.18,38.0
TXN-1305,2026-01-03,Hardware,NAS Storage Enclosure,Houston,South,Government,Credit Card,Alice Smith,19,834.66,460.08,15858.54,8741.52,1440.71,108.5,1060.69,11351.42,4507.12,28.42
TXN-1306,2024-10-02,Software,Cloud Storage Annual,Los Angeles,West,Enterprise,Direct Invoice,Evan Wright,24,430.28,82.07,10326.72,1969.68,1419.11,225.54,785.46,4399.79,5926.93,57.39
TXN-1307,2024-04-19,Services,Cloud Migration Consulting,Los Angeles,West,Enterprise,PayPal,Diana Prince,21,3418.07,1176.3,71779.47,24702.3,9907.71,140.72,8168.84,42919.57,28859.9,40.21
TXN-1308,2024-06-14,Software,Data Analytics Suite,Phoenix,West,SMB,Wire Transfer,Fiona Gallagher,5,1494.84,308.42,7474.2,1542.1,630.0,40.58,405.81,2618.49,4855.71,64.97
TXN-1309,2024-12-08,Electronics,Laptop Pro 15,Phoenix,West,Government,Wire Transfer,Alice Smith,32,1114.94,743.9,35678.08,23804.8,3449.16,392.0,3278.2,30924.16,4753.92,13.32
TXN-1310,2025-02-02,Software,Data Analytics Suite,Phoenix,West,Consumer,Credit Card,Alice Smith,4,1383.8,300.68,5535.2,1202.72,540.62,46.24,554.8,2344.38,3190.82,57.65
TXN-1311,2025-03-19,Electronics,Wireless Noise-Canceling Headset,Boston,East,Enterprise,PayPal,Diana Prince,29,250.55,124.84,7265.95,3620.36,953.23,382.18,686.94,5642.71,1623.24,22.34
TXN-1312,2024-07-06,Software,Cloud Storage Annual,Austin,South,Enterprise,PayPal,Alice Smith,17,410.35,77.13,6975.95,1311.21,737.15,116.5,517.99,2682.85,4293.1,61.54
TXN-1313,2024-08-24,Software,Security Firewall Pro,Austin,South,SMB,Wire Transfer,Fiona Gallagher,1,888.85,214.56,888.85,214.56,120.09,13.94,129.21,477.8,411.05,46.25
TXN-1314,2024-12-14,Services,Cloud Migration Consulting,Chicago,Midwest,SMB,Credit Card,Fiona Gallagher,5,3709.48,1169.96,18547.4,5849.8,1503.45,25.03,2125.33,9503.61,9043.79,48.76
TXN-1315,2024-10-02,Hardware,Rack Server Blade X,New York,East,Enterprise,Credit Card,Alice Smith,19,3046.15,2056.73,57876.85,39077.87,4570.35,275.22,6777.64,50701.08,7175.77,12.4
TXN-1316,2024-11-10,Software,Data Analytics Suite,Phoenix,West,Enterprise,Direct Invoice,Alice Smith,20,1527.66,307.81,30553.2,6156.2,3086.91,240.82,3570.28,13054.21,17498.99,57.27
TXN-1317,2024-08-25,Software,Enterprise ERP License,Houston,South,Consumer,Direct Invoice,Alice Smith,3,2546.05,520.53,7638.15,1561.59,769.84,30.04,430.87,2792.34,4845.81,63.44
TXN-1318,2025-02-20,Electronics,Ultra-Wide Monitor 34,San Francisco,West,Consumer,Credit Card,Diana Prince,3,676.39,369.19,2029.17,1107.57,176.3,28.97,286.21,1599.05,430.12,21.2
TXN-1319,2026-06-22,Office Supplies,Mesh Office Chair,New York,East,SMB,Wire Transfer,Fiona Gallagher,3,332.84,154.01,998.52,462.03,121.64,22.11,151.22,757.0,241.52,24.19
TXN-1320,2025-02-10,Software,Cloud Storage Annual,Houston,South,SMB,PayPal,Fiona Gallagher,1,386.1,79.35,386.1,79.35,32.2,8.32,49.73,169.6,216.5,56.07
TXN-1321,2026-05-20,Hardware,NAS Storage Enclosure,New York,East,SMB,Direct Invoice,Fiona Gallagher,4,823.44,501.46,3293.76,2005.84,430.79,49.56,265.56,2751.75,542.01,16.46
TXN-1322,2024-02-27,Services,Cloud Migration Consulting,New York,East,SMB,PayPal,Diana Prince,6,3664.91,1173.38,21989.46,7040.28,1569.62,48.79,2432.47,11091.16,10898.3,49.56
TXN-1323,2026-03-26,Electronics,Wireless Noise-Canceling Headset,Los Angeles,West,Government,Wire Transfer,Diana Prince,15,232.47,115.11,3487.05,1726.65,254.64,164.28,289.17,2434.74,1052.31,30.18
TXN-1324,2025-06-20,Software,Data Analytics Suite,Seattle,West,Enterprise,Wire Transfer,Bob Jones,13,1560.28,307.62,20283.64,3999.06,2154.76,182.57,2240.21,8576.6,11707.04,57.72
TXN-1325,2025-04-08,Electronics,Wireless Noise-Canceling Headset,Miami,East,Enterprise,Credit Card,Diana Prince,19,246.1,124.62,4675.9,2367.78,615.56,267.74,397.99,3649.07,1026.83,21.96
TXN-1326,2024-05-08,Electronics,Smart Display 10,Miami,East,Enterprise,Credit Card,Diana Prince,21,368.06,193.47,7729.26,4062.87,764.16,129.55,832.53,5789.11,1940.15,25.1
TXN-1327,2026-05-27,Hardware,NAS Storage Enclosure,San Francisco,West,Enterprise,Credit Card,Bob Jones,9,761.92,458.17,6857.28,4123.53,530.98,46.37,648.3,5349.18,1508.1,21.99
TXN-1328,2026-01-08,Office Supplies,High-Speed Paper Shredder,Boston,East,SMB,Direct Invoice,Alice Smith,7,172.91,92.52,1210.37,647.64,82.18,40.3,116.68,886.8,323.57,26.73
TXN-1329,2026-05-19,Services,Annual IT Maintenance Plan,San Francisco,West,Consumer,Wire Transfer,Alice Smith,4,1833.68,621.81,7334.72,2487.24,570.97,54.92,836.97,3950.1,3384.62,46.15
TXN-1330,2025-03-20,Services,Cloud Migration Consulting,Seattle,West,Consumer,PayPal,Bob Jones,5,3354.44,1157.32,16772.2,5786.6,1161.58,26.36,1486.42,8460.96,8311.24,49.55
TXN-1331,2025-09-04,Electronics,Laptop Pro 15,San Francisco,West,SMB,Wire Transfer,Bob Jones,5,1247.07,718.23,6235.35,3591.15,821.01,64.7,403.97,4880.83,1354.52,21.72
TXN-1332,2025-08-24,Services,Annual IT Maintenance Plan,Austin,South,SMB,Wire Transfer,Evan Wright,6,1818.92,580.96,10913.52,3485.76,776.69,64.59,1194.6,5521.64,5391.88,49.41
TXN-1333,2025-02-18,Services,Cybersecurity Audit,Austin,South,SMB,Wire Transfer,Alice Smith,7,2211.11,762.61,15477.77,5338.27,1517.56,63.54,1007.94,7927.31,7550.46,48.78
TXN-1334,2024-05-25,Hardware,Rack Server Blade X,San Francisco,West,SMB,Credit Card,Diana Prince,7,3206.3,2157.45,22444.1,15102.15,1425.72,83.53,2174.53,18785.93,3658.17,16.3
TXN-1335,2025-11-05,Software,Security Firewall Pro,Los Angeles,West,Enterprise,Credit Card,Alice Smith,11,816.73,211.33,8984.03,2324.63,794.11,100.45,933.7,4152.89,4831.14,53.77
TXN-1336,2026-05-29,Hardware,NAS Storage Enclosure,Chicago,Midwest,SMB,Direct Invoice,Evan Wright,2,787.12,467.11,1574.24,934.22,157.73,24.63,217.52,1334.1,240.14,15.25
TXN-1337,2026-02-14,Hardware,NAS Storage Enclosure,Phoenix,West,SMB,Credit Card,Charlie Davis,6,811.5,481.5,4869.0,2889.0,556.02,55.71,562.23,4062.96,806.04,16.55
TXN-1338,2024-06-21,Services,Cloud Migration Consulting,Austin,South,Government,Credit Card,Fiona Gallagher,21,3432.26,1249.81,72077.46,26246.01,5772.94,282.28,6096.81,38398.04,33679.42,46.73
TXN-1339,2026-01-10,Software,Security Firewall Pro,Austin,South,Enterprise,PayPal,Charlie Davis,14,782.87,230.52,10960.18,3227.28,1504.39,125.32,1147.57,6004.56,4955.62,45.21
TXN-1340,2025-12-26,Office Supplies,Mesh Office Chair,New York,East,SMB,Direct Invoice,Charlie Davis,5,345.11,152.41,1725.55,762.05,186.85,57.98,196.61,1203.49,522.06,30.25
TXN-1341,2024-08-20,Electronics,Wireless Noise-Canceling Headset,Seattle,West,SMB,PayPal,Evan Wright,7,249.88,125.0,1749.16,875.0,213.58,44.14,203.22,1335.94,413.22,23.62
TXN-1342,2025-08-08,Software,Enterprise ERP License,Seattle,West,Enterprise,PayPal,Alice Smith,29,2564.69,505.12,74376.01,14648.48,5432.54,212.81,3912.33,24206.16,50169.85,67.45
TXN-1343,2025-11-15,Electronics,Ultra-Wide Monitor 34,Boston,East,Government,Wire Transfer,Bob Jones,31,620.22,376.96,19226.82,11685.76,1168.51,420.97,2022.19,15297.43,3929.39,20.44
TXN-1344,2024-12-29,Office Supplies,Standing Desk Converter,Seattle,West,SMB,Credit Card,Diana Prince,7,257.88,133.87,1805.16,937.09,185.62,74.63,213.13,1410.47,394.69,21.86
TXN-1345,2026-06-05,Hardware,Rack Server Blade X,New York,East,Enterprise,Credit Card,Diana Prince,25,2988.85,2013.88,74721.25,50347.0,5638.46,137.64,7049.98,63173.08,11548.17,15.46
TXN-1346,2025-10-24,Software,Data Analytics Suite,Chicago,Midwest,SMB,Credit Card,Evan Wright,3,1496.25,305.81,4488.75,917.43,467.82,21.49,327.76,1734.5,2754.25,61.36
TXN-1347,2024-11-06,Hardware,Rack Server Blade X,Chicago,Midwest,SMB,PayPal,Diana Prince,2,3153.13,2137.74,6306.26,4275.48,406.97,10.69,550.15,5243.29,1062.97,16.86
TXN-1348,2025-10-14,Office Supplies,Mesh Office Chair,Austin,South,Enterprise,Wire Transfer,Diana Prince,24,310.37,153.95,7448.88,3694.8,513.16,275.55,896.18,5379.69,2069.19,27.78
TXN-1349,2024-05-27,Electronics,Ultra-Wide Monitor 34,Chicago,Midwest,Enterprise,Credit Card,Diana Prince,27,674.75,374.7,18218.25,10116.9,2071.45,208.07,1094.06,13490.48,4727.77,25.95
TXN-1350,2025-09-09,Hardware,NAS Storage Enclosure,Seattle,West,Consumer,Direct Invoice,Charlie Davis,1,780.88,486.62,780.88,486.62,108.4,12.68,109.57,717.27,63.61,8.15
TXN-1351,2024-07-12,Hardware,Rack Server Blade X,Phoenix,West,Government,PayPal,Alice Smith,20,3228.77,2158.7,64575.4,43174.0,3958.22,263.68,3483.6,50879.5,13695.9,21.21
TXN-1352,2024-12-13,Electronics,Wireless Noise-Canceling Headset,Houston,South,Consumer,Wire Transfer,Bob Jones,4,234.11,115.51,936.44,462.04,129.54,46.95,141.8,780.33,156.11,16.67
TXN-1353,2025-05-04,Office Supplies,Ergonomic Executive Desk,Austin,South,SMB,Direct Invoice,Bob Jones,4,782.18,444.51,3128.72,1778.04,223.61,20.74,334.66,2357.05,771.67,24.66
TXN-1354,2026-01-06,Services,Annual IT Maintenance Plan,Austin,South,Enterprise,Credit Card,Fiona Gallagher,20,1717.15,577.32,34343.0,11546.4,3987.59,122.69,4144.74,19801.42,14541.58,42.34
TXN-1355,2025-08-23,Software,Security Firewall Pro,Los Angeles,West,Enterprise,Wire Transfer,Alice Smith,14,793.1,214.69,11103.4,3005.66,690.94,158.39,939.47,4794.46,6308.94,56.82
TXN-1356,2025-02-11,Office Supplies,Mesh Office Chair,San Francisco,West,Government,Credit Card,Diana Prince,14,323.94,161.02,4535.16,2254.28,453.62,79.72,311.35,3098.97,1436.19,31.67
TXN-1357,2026-06-28,Software,Security Firewall Pro,Seattle,West,SMB,Direct Invoice,Fiona Gallagher,4,916.84,224.99,3667.36,899.96,450.28,59.78,377.28,1787.3,1880.06,51.26
TXN-1358,2024-06-12,Hardware,Gigabit Switch 24-Port,Austin,South,Enterprise,Direct Invoice,Evan Wright,20,429.69,264.21,8593.8,5284.2,951.31,218.69,503.19,6957.39,1636.41,19.04
TXN-1359,2024-12-02,Services,Cybersecurity Audit,Phoenix,West,Enterprise,PayPal,Diana Prince,21,2316.69,833.47,48650.49,17502.87,5448.03,126.72,3865.38,26943.0,21707.49,44.62
TXN-1360,2026-06-09,Office Supplies,Ergonomic Executive Desk,Houston,South,SMB,Credit Card,Diana Prince,3,802.16,431.64,2406.48,1294.92,301.34,41.83,332.99,1971.08,435.4,18.09
TXN-1361,2026-03-07,Electronics,Wireless Noise-Canceling Headset,Austin,South,SMB,Credit Card,Diana Prince,3,239.61,115.14,718.83,345.42,61.24,17.9,124.08,548.64,170.19,23.68
TXN-1362,2024-12-09,Office Supplies,Ergonomic Executive Desk,Austin,South,Consumer,PayPal,Diana Prince,6,845.08,441.9,5070.48,2651.4,497.5,49.1,498.67,3696.67,1373.81,27.09
TXN-1363,2024-01-08,Services,Cybersecurity Audit,New York,East,SMB,PayPal,Evan Wright,3,2066.09,805.81,6198.27,2417.43,499.21,39.12,574.4,3530.16,2668.11,43.05
TXN-1364,2025-11-15,Office Supplies,Ergonomic Executive Desk,San Francisco,West,Enterprise,Direct Invoice,Evan Wright,17,897.59,436.33,15259.03,7417.61,1068.8,248.79,927.07,9662.27,5596.76,36.68
TXN-1365,2024-10-25,Services,Annual IT Maintenance Plan,Chicago,Midwest,SMB,Direct Invoice,Charlie Davis,4,1792.56,574.0,7170.24,2296.0,457.8,31.83,877.96,3663.59,3506.65,48.91
TXN-1366,2024-10-01,Hardware,Gigabit Switch 24-Port,New York,East,SMB,Credit Card,Charlie Davis,3,423.77,270.23,1271.31,810.69,83.87,42.23,214.28,1151.07,120.24,9.46
TXN-1367,2026-05-19,Hardware,NAS Storage Enclosure,Miami,East,Government,Wire Transfer,Evan Wright,33,832.93,502.81,27486.69,16592.73,3481.36,265.0,3291.73,23630.82,3855.87,14.03
TXN-1368,2025-04-24,Electronics,Wireless Noise-Canceling Headset,Seattle,West,SMB,Wire Transfer,Alice Smith,7,261.6,117.82,1831.2,824.74,194.8,59.19,244.13,1322.86,508.34,27.76
TXN-1369,2026-05-14,Hardware,Gigabit Switch 24-Port,Miami,East,SMB,Credit Card,Charlie Davis,6,439.54,257.42,2637.24,1544.52,182.53,83.0,251.68,2061.73,575.51,21.82
TXN-1370,2025-07-12,Services,Cloud Migration Consulting,Chicago,Midwest,SMB,Direct Invoice,Alice Smith,2,3629.08,1156.24,7258.16,2312.48,550.25,13.61,547.78,3424.12,3834.04,52.82
TXN-1371,2024-11-01,Office Supplies,High-Speed Paper Shredder,New York,East,Enterprise,Credit Card,Diana Prince,6,166.7,91.08,1000.2,546.48,115.88,42.89,94.77,800.02,200.18,20.01
TXN-1372,2024-07-07,Office Supplies,High-Speed Paper Shredder,Los Angeles,West,Consumer,Wire Transfer,Diana Prince,3,185.14,90.83,555.42,272.49,39.92,20.16,115.44,448.01,107.41,19.34
TXN-1373,2026-02-01,Office Supplies,Standing Desk Converter,Chicago,Midwest,SMB,PayPal,Fiona Gallagher,2,278.65,140.03,557.3,280.06,42.39,16.3,133.69,472.44,84.86,15.23
TXN-1374,2026-03-14,Software,Cloud Storage Annual,Houston,South,Enterprise,Credit Card,Alice Smith,27,388.84,79.15,10498.68,2137.05,1136.66,351.45,915.35,4540.51,5958.17,56.75
TXN-1375,2026-02-04,Services,Cloud Migration Consulting,San Francisco,West,Consumer,Wire Transfer,Evan Wright,4,3752.3,1142.65,15009.2,4570.6,2080.3,23.45,1642.91,8317.26,6691.94,44.59
TXN-1376,2025-12-02,Services,Cybersecurity Audit,Boston,East,SMB,Credit Card,Diana Prince,6,2068.74,775.14,12412.44,4650.84,1200.86,75.13,1477.54,7404.37,5008.07,40.35
TXN-1377,2025-08-29,Software,Data Analytics Suite,Chicago,Midwest,Enterprise,Direct Invoice,Alice Smith,6,1571.95,301.64,9431.7,1809.84,1189.1,67.89,1045.38,4112.21,5319.49,56.4
TXN-1378,2025-07-20,Office Supplies,High-Speed Paper Shredder,Phoenix,West,SMB,Direct Invoice,Charlie Davis,7,179.38,85.69,1255.66,599.83,157.67,92.74,169.02,1019.26,236.4,18.83
TXN-1379,2025-03-18,Software,Data Analytics Suite,Phoenix,West,SMB,PayPal,Evan Wright,3,1419.21,290.53,4257.63,871.59,324.36,26.6,271.99,1494.54,2763.09,64.9
TXN-1380,2025-08-11,Services,Cybersecurity Audit,Miami,East,SMB,PayPal,Bob Jones,4,2191.0,760.59,8764.0,3042.36,543.94,42.13,837.16,4465.59,4298.41,49.05
TXN-1381,2024-01-09,Hardware,Gigabit Switch 24-Port,Houston,South,Enterprise,PayPal,Fiona Gallagher,6,427.34,261.07,2564.04,1566.42,286.26,32.74,368.52,2253.94,310.1,12.09
TXN-1382,2025-01-03,Electronics,Smart Display 10,San Francisco,West,Enterprise,Wire Transfer,Fiona Gallagher,20,360.11,193.32,7202.2,3866.4,466.19,238.15,750.35,5321.09,1881.11,26.12
TXN-1383,2024-07-08,Services,Cybersecurity Audit,Boston,East,SMB,PayPal,Alice Smith,4,2249.92,792.86,8999.68,3171.44,892.51,36.62,505.23,4605.8,4393.88,48.82
TXN-1384,2026-03-24,Electronics,Smart Display 10,Miami,East,Government,Wire Transfer,Fiona Gallagher,22,335.27,191.94,7375.94,4222.68,548.2,285.45,771.44,5827.77,1548.17,20.99
TXN-1385,2025-01-04,Hardware,NAS Storage Enclosure,Boston,East,SMB,PayPal,Charlie Davis,3,841.47,467.55,2524.41,1402.65,328.03,39.92,209.88,1980.48,543.93,21.55
TXN-1386,2025-07-16,Office Supplies,Standing Desk Converter,Austin,South,Enterprise,Wire Transfer,Charlie Davis,22,293.91,136.82,6466.02,3010.04,766.38,191.87,583.6,4551.89,1914.13,29.6
TXN-1387,2024-05-05,Electronics,Laptop Pro 15,Seattle,West,Consumer,PayPal,Charlie Davis,6,1181.33,751.47,7087.98,4508.82,990.35,38.11,733.29,6270.57,817.41,11.53
TXN-1388,2025-07-11,Hardware,NAS Storage Enclosure,Phoenix,West,SMB,Wire Transfer,Evan Wright,1,768.65,473.01,768.65,473.01,64.74,12.31,131.48,681.54,87.11,11.33
TXN-1389,2025-08-11,Office Supplies,Mesh Office Chair,Phoenix,West,Enterprise,Credit Card,Alice Smith,11,322.74,161.12,3550.14,1772.32,272.68,136.65,225.06,2406.71,1143.43,32.21
TXN-1390,2024-02-19,Hardware,NAS Storage Enclosure,Austin,South,Enterprise,Credit Card,Evan Wright,29,816.97,491.28,23692.13,14247.12,2577.91,286.57,1441.16,18552.76,5139.37,21.69
TXN-1391,2025-09-20,Hardware,Rack Server Blade X,San Francisco,West,Enterprise,Wire Transfer,Bob Jones,13,3198.07,2054.98,41574.91,26714.74,4937.8,68.11,3857.23,35577.88,5997.03,14.42
TXN-1392,2025-05-17,Services,Cybersecurity Audit,New York,East,Enterprise,Wire Transfer,Alice Smith,24,2167.39,801.71,52017.36,19241.04,6852.04,167.11,2754.73,29014.92,23002.44,44.22
TXN-1393,2025-05-05,Software,Enterprise ERP License,Boston,East,SMB,PayPal,Charlie Davis,1,2599.94,520.65,2599.94,520.65,275.0,6.81,210.84,1013.3,1586.64,61.03
TXN-1394,2025-03-14,Software,Cloud Storage Annual,San Francisco,West,SMB,Wire Transfer,Evan Wright,2,372.31,82.65,744.62,165.3,55.24,24.46,140.4,385.4,359.22,48.24
TXN-1395,2024-09-30,Hardware,Rack Server Blade X,San Francisco,West,SMB,Direct Invoice,Alice Smith,5,3352.91,2190.88,16764.55,10954.4,1032.88,32.69,1925.68,13945.65,2818.9,16.81
TXN-1396,2026-02-26,Software,Data Analytics Suite,Boston,East,Consumer,Direct Invoice,Bob Jones,5,1552.84,293.62,7764.2,1468.1,1012.3,27.46,587.64,3095.5,4668.7,60.13
TXN-1397,2024-04-26,Office Supplies,Standing Desk Converter,Houston,South,Enterprise,Credit Card,Diana Prince,28,276.25,137.99,7735.0,3863.72,1028.28,151.28,724.92,5768.2,1966.8,25.43
TXN-1398,2025-07-25,Services,Cybersecurity Audit,Seattle,West,Consumer,PayPal,Alice Smith,7,2363.9,791.48,16547.3,5540.36,1165.88,82.02,1726.64,8514.9,8032.4,48.54
TXN-1399,2024-04-15,Office Supplies,Mesh Office Chair,Miami,East,SMB,Wire Transfer,Diana Prince,5,306.29,158.49,1531.45,792.45,124.86,34.93,235.11,1187.35,344.1,22.47
TXN-1400,2024-11-19,Electronics,Ultra-Wide Monitor 34,Phoenix,West,Consumer,Wire Transfer,Alice Smith,3,697.45,375.31,2092.35,1125.93,182.33,16.87,202.37,1527.5,564.85,27.0
TXN-1401,2025-08-06,Software,Security Firewall Pro,Chicago,Midwest,SMB,Credit Card,Evan Wright,5,900.5,226.27,4502.5,1131.35,368.74,70.59,327.06,1897.74,2604.76,57.85
TXN-1402,2024-05-05,Electronics,Wireless Noise-Canceling Headset,New York,East,SMB,PayPal,Bob Jones,7,234.8,117.74,1643.6,824.18,204.12,95.3,175.12,1298.72,344.88,20.98
TXN-1403,2024-01-21,Office Supplies,High-Speed Paper Shredder,Miami,East,Government,Direct Invoice,Fiona Gallagher,36,188.73,94.38,6794.28,3397.68,732.61,209.51,704.85,5044.65,1749.63,25.75
TXN-1404,2025-01-21,Services,Cybersecurity Audit,New York,East,SMB,Wire Transfer,Diana Prince,7,2083.23,826.92,14582.61,5788.44,1515.32,48.24,1515.15,8867.15,5715.46,39.19
TXN-1405,2025-01-17,Electronics,Wireless Noise-Canceling Headset,Houston,South,Government,PayPal,Diana Prince,24,234.22,124.07,5621.28,2977.68,639.03,287.29,496.65,4400.65,1220.63,21.71
TXN-1406,2024-01-24,Hardware,NAS Storage Enclosure,Boston,East,SMB,Wire Transfer,Bob Jones,7,726.45,472.79,5085.15,3309.53,655.98,51.32,559.49,4576.32,508.83,10.01
TXN-1407,2024-12-26,Software,Security Firewall Pro,Los Angeles,West,SMB,Direct Invoice,Fiona Gallagher,4,856.02,230.47,3424.08,921.88,306.56,34.29,304.91,1567.64,1856.44,54.22
TXN-1408,2025-05-16,Services,Cybersecurity Audit,San Francisco,West,Enterprise,Direct Invoice,Charlie Davis,26,2190.85,796.1,56962.1,20698.6,7378.53,267.82,4758.75,33103.7,23858.4,41.88
TXN-1409,2024-01-22,Office Supplies,Ergonomic Executive Desk,Boston,East,SMB,Credit Card,Charlie Davis,1,819.65,429.57,819.65,429.57,110.21,11.61,122.5,673.89,145.76,17.78
TXN-1410,2024-11-20,Services,Cybersecurity Audit,San Francisco,West,SMB,Credit Card,Evan Wright,2,2101.31,760.02,4202.62,1520.04,559.79,26.88,458.57,2565.28,1637.34,38.96
TXN-1411,2025-02-25,Office Supplies,Mesh Office Chair,New York,East,SMB,Credit Card,Alice Smith,1,300.5,160.2,300.5,160.2,26.42,8.75,91.22,286.59,13.91,4.63
TXN-1412,2024-04-14,Hardware,Gigabit Switch 24-Port,Boston,East,Enterprise,Wire Transfer,Alice Smith,17,419.84,258.76,7137.28,4398.92,850.24,201.71,836.73,6287.6,849.68,11.9
TXN-1413,2025-10-19,Office Supplies,Mesh Office Chair,Seattle,West,SMB,Direct Invoice,Charlie Davis,7,319.14,167.79,2233.98,1174.53,268.89,52.4,275.42,1771.24,462.74,20.71
TXN-1414,2024-02-21,Software,Data Analytics Suite,Houston,South,SMB,Credit Card,Charlie Davis,7,1476.84,292.04,10337.88,2044.28,1297.5,58.61,1135.77,4536.16,5801.72,56.12
TXN-1415,2024-03-05,Electronics,Laptop Pro 15,Los Angeles,West,SMB,PayPal,Charlie Davis,6,1210.67,734.35,7264.02,4406.1,678.4,52.61,882.9,6020.01,1244.01,17.13
TXN-1416,2025-02-16,Office Supplies,Ergonomic Executive Desk,Seattle,West,Enterprise,PayPal,Fiona Gallagher,20,878.41,472.22,17568.2,9444.4,1496.29,234.8,1991.67,13167.16,4401.04,25.05
TXN-1417,2025-07-21,Office Supplies,Ergonomic Executive Desk,Boston,East,Government,Credit Card,Alice Smith,29,899.59,432.84,26088.11,12552.36,1924.0,283.19,2680.24,17439.79,8648.32,33.15
TXN-1418,2026-06-09,Services,Cloud Migration Consulting,Los Angeles,West,Enterprise,Direct Invoice,Alice Smith,8,3743.49,1249.1,29947.92,9992.8,3760.56,111.06,1952.08,15816.5,14131.42,47.19
TXN-1419,2026-04-26,Software,Cloud Storage Annual,Chicago,Midwest,Consumer,Direct Invoice,Charlie Davis,2,378.72,78.48,757.44,156.96,75.95,25.93,135.81,394.65,362.79,47.9
TXN-1420,2025-03-13,Services,Cloud Migration Consulting,Austin,South,Consumer,Wire Transfer,Evan Wright,1,3242.29,1172.88,3242.29,1172.88,442.42,14.54,264.66,1894.5,1347.79,41.57
TXN-1421,2025-09-12,Office Supplies,Ergonomic Executive Desk,Houston,South,Enterprise,PayPal,Bob Jones,5,851.11,455.41,4255.55,2277.05,417.98,48.91,499.26,3243.2,1012.35,23.79
TXN-1422,2025-02-16,Software,Enterprise ERP License,San Francisco,West,SMB,PayPal,Charlie Davis,2,2550.17,515.41,5100.34,1030.82,334.19,16.7,425.16,1806.87,3293.47,64.57
TXN-1423,2024-04-12,Software,Data Analytics Suite,Seattle,West,SMB,Direct Invoice,Evan Wright,6,1438.04,297.78,8628.24,1786.68,1185.69,69.47,848.27,3890.11,4738.13,54.91
TXN-1424,2025-12-20,Electronics,Ultra-Wide Monitor 34,New York,East,Enterprise,PayPal,Bob Jones,6,637.34,380.66,3824.04,2283.96,355.82,41.96,325.92,3007.66,816.38,21.35
TXN-1425,2025-12-15,Software,Enterprise ERP License,Houston,South,SMB,Credit Card,Fiona Gallagher,1,2332.23,482.36,2332.23,482.36,195.53,5.9,285.67,969.46,1362.77,58.43
TXN-1426,2026-06-07,Hardware,Gigabit Switch 24-Port,Los Angeles,West,Enterprise,Credit Card,Alice Smith,25,455.07,262.12,11376.75,6553.0,1333.08,185.05,959.19,9030.32,2346.43,20.62
TXN-1427,2025-08-08,Services,Annual IT Maintenance Plan,Boston,East,SMB,Direct Invoice,Evan Wright,5,1750.42,592.32,8752.1,2961.6,1057.13,41.94,1085.16,5145.83,3606.27,41.2
TXN-1428,2026-06-06,Office Supplies,High-Speed Paper Shredder,San Francisco,West,Enterprise,PayPal,Diana Prince,9,190.73,86.28,1716.57,776.52,169.92,107.23,174.73,1228.4,488.17,28.44
TXN-1429,2025-04-24,Services,Cybersecurity Audit,Boston,East,Government,PayPal,Alice Smith,21,2292.29,824.94,48138.09,17323.74,4204.76,196.08,5307.77,27032.35,21105.74,43.84
TXN-1430,2024-11-03,Hardware,Rack Server Blade X,Austin,South,SMB,Wire Transfer,Diana Prince,5,3325.35,2088.65,16626.75,10443.25,1024.24,28.13,1337.3,12832.92,3793.83,22.82
TXN-1431,2025-05-01,Hardware,Gigabit Switch 24-Port,Chicago,Midwest,Enterprise,Credit Card,Fiona Gallagher,15,422.12,262.51,6331.8,3937.65,625.42,79.03,511.6,5153.7,1178.1,18.61
TXN-1432,2024-03-08,Services,Cloud Migration Consulting,Boston,East,SMB,Wire Transfer,Alice Smith,4,3758.78,1204.28,15035.12,4817.12,1645.79,47.23,1504.12,8014.26,7020.86,46.7
TXN-1433,2026-03-26,Hardware,Gigabit Switch 24-Port,Seattle,West,Government,PayPal,Evan Wright,32,441.91,250.6,14141.12,8019.2,1683.55,434.23,1685.81,11822.79,2318.33,16.39
TXN-1434,2026-03-18,Software,Security Firewall Pro,Chicago,Midwest,SMB,PayPal,Bob Jones,4,870.19,210.51,3480.76,842.04,458.74,24.78,322.86,1648.42,1832.34,52.64
TXN-1435,2026-01-03,Services,Cybersecurity Audit,Los Angeles,West,SMB,Direct Invoice,Charlie Davis,6,2096.86,828.11,12581.16,4968.66,839.68,51.37,1264.71,7124.42,5456.74,43.37
TXN-1436,2025-01-21,Software,Enterprise ERP License,Phoenix,West,Consumer,Credit Card,Charlie Davis,5,2414.59,500.9,12072.95,2504.5,1446.84,66.83,1274.6,5292.77,6780.18,56.16
TXN-1437,2026-06-11,Office Supplies,Standing Desk Converter,Phoenix,West,SMB,Direct Invoice,Fiona Gallagher,4,261.75,140.45,1047.0,561.8,131.64,24.06,179.08,896.58,150.42,14.37
TXN-1438,2026-02-07,Hardware,NAS Storage Enclosure,Chicago,Midwest,Enterprise,Wire Transfer,Bob Jones,25,794.63,502.55,19865.75,12563.75,2348.34,355.65,2108.72,17376.46,2489.29,12.53
TXN-1439,2025-01-26,Services,Cybersecurity Audit,San Francisco,West,SMB,Credit Card,Bob Jones,2,2141.72,801.55,4283.44,1603.1,324.7,26.1,294.97,2248.87,2034.57,47.5
TXN-1440,2025-04-04,Services,Cloud Migration Consulting,Austin,South,SMB,Wire Transfer,Evan Wright,4,3414.32,1251.94,13657.28,5007.76,1827.5,40.09,1060.55,7935.9,5721.38,41.89
TXN-1441,2024-09-02,Services,Cloud Migration Consulting,Seattle,West,Government,Wire Transfer,Fiona Gallagher,26,3569.17,1147.57,92798.42,29836.82,7977.76,304.92,6861.55,44981.05,47817.37,51.53
TXN-1442,2024-02-26,Electronics,Wireless Noise-Canceling Headset,Boston,East,Enterprise,Credit Card,Diana Prince,16,239.59,116.34,3833.44,1861.44,384.85,203.0,262.9,2712.19,1121.25,29.25
TXN-1443,2026-04-22,Software,Enterprise ERP License,Chicago,Midwest,SMB,PayPal,Evan Wright,7,2318.06,496.89,16226.42,3478.23,2069.18,53.37,1312.72,6913.5,9312.92,57.39
TXN-1444,2026-03-13,Office Supplies,Mesh Office Chair,Austin,South,SMB,Wire Transfer,Evan Wright,6,313.18,153.59,1879.08,921.54,227.98,87.98,293.46,1530.96,348.12,18.53
TXN-1445,2025-06-08,Electronics,Ultra-Wide Monitor 34,Seattle,West,SMB,Credit Card,Fiona Gallagher,3,618.95,371.08,1856.85,1113.24,136.63,17.87,174.12,1441.86,414.99,22.35
TXN-1446,2025-06-13,Electronics,Ultra-Wide Monitor 34,Houston,South,Enterprise,Wire Transfer,Evan Wright,23,633.7,393.38,14575.1,9047.74,1526.56,233.39,851.31,11659.0,2916.1,20.01
TXN-1447,2025-10-29,Software,Enterprise ERP License,Houston,South,SMB,Wire Transfer,Evan Wright,7,2673.03,503.78,18711.21,3526.46,1311.45,75.72,1983.7,6897.33,11813.88,63.14
TXN-1448,2025-01-31,Services,Cybersecurity Audit,Seattle,West,SMB,Credit Card,Evan Wright,6,2133.01,776.14,12798.06,4656.84,1698.38,75.62,1283.92,7714.76,5083.3,39.72
TXN-1449,2026-01-21,Hardware,Rack Server Blade X,Austin,South,SMB,PayPal,Diana Prince,2,3427.43,2204.06,6854.86,4408.12,658.22,15.05,626.07,5707.46,1147.4,16.74
TXN-1450,2025-04-05,Office Supplies,High-Speed Paper Shredder,Chicago,Midwest,Consumer,PayPal,Evan Wright,2,166.59,89.51,333.18,179.02,41.76,27.7,70.98,319.46,13.72,4.12
TXN-1451,2026-01-25,Hardware,NAS Storage Enclosure,Houston,South,Government,Wire Transfer,Evan Wright,16,835.08,488.48,13361.28,7815.68,1190.12,230.11,965.73,10201.64,3159.64,23.65
TXN-1452,2025-07-21,Electronics,Ultra-Wide Monitor 34,Houston,South,Government,Wire Transfer,Charlie Davis,34,622.5,372.79,21165.0,12674.86,1945.7,252.37,1437.0,16309.93,4855.07,22.94
TXN-1453,2026-05-12,Software,Security Firewall Pro,Los Angeles,West,Enterprise,PayPal,Diana Prince,6,891.05,218.56,5346.3,1311.36,692.68,40.84,655.1,2699.98,2646.32,49.5
TXN-1454,2024-08-13,Electronics,Smart Display 10,Chicago,Midwest,SMB,PayPal,Evan Wright,2,363.57,194.57,727.14,389.14,47.03,16.0,90.58,542.75,184.39,25.36
TXN-1455,2025-12-30,Electronics,Ultra-Wide Monitor 34,Los Angeles,West,SMB,Wire Transfer,Fiona Gallagher,7,599.73,373.88,4198.11,2617.16,519.11,40.42,347.99,3524.68,673.43,16.04
TXN-1456,2024-08-02,Software,Enterprise ERP License,Los Angeles,West,Enterprise,Wire Transfer,Charlie Davis,15,2500.78,520.5,37511.7,7807.5,4403.16,162.31,4042.34,16415.31,21096.39,56.24
TXN-1457,2025-03-27,Hardware,Gigabit Switch 24-Port,Chicago,Midwest,Consumer,Credit Card,Fiona Gallagher,2,476.13,259.49,952.26,518.98,62.37,20.99,148.09,750.43,201.83,21.19
TXN-1458,2025-02-18,Software,Data Analytics Suite,Austin,South,SMB,PayPal,Diana Prince,5,1476.41,300.08,7382.05,1500.4,938.67,57.54,717.47,3214.08,4167.97,56.46
TXN-1459,2025-02-23,Hardware,NAS Storage Enclosure,Phoenix,West,Enterprise,Credit Card,Diana Prince,6,820.0,456.34,4920.0,2738.04,474.97,49.75,311.09,3573.85,1346.15,27.36
TXN-1460,2025-06-05,Office Supplies,High-Speed Paper Shredder,Miami,East,SMB,Credit Card,Diana Prince,1,173.72,87.16,173.72,87.16,10.97,5.22,46.17,149.52,24.2,13.93
TXN-1461,2025-04-23,Hardware,Rack Server Blade X,Los Angeles,West,SMB,PayPal,Charlie Davis,4,3231.71,2018.51,12926.84,8074.04,1405.93,42.74,1442.2,10964.91,1961.93,15.18
TXN-1462,2025-09-11,Software,Data Analytics Suite,Austin,South,Government,PayPal,Bob Jones,36,1527.62,312.81,54994.32,11261.16,7532.28,363.23,4529.63,23686.3,31308.02,56.93
TXN-1463,2024-06-04,Services,Annual IT Maintenance Plan,Boston,East,Enterprise,Credit Card,Evan Wright,23,1772.63,629.93,40770.49,14488.39,2625.51,248.06,2303.45,19665.41,21105.08,51.77
TXN-1464,2025-09-30,Services,Cloud Migration Consulting,Phoenix,West,Enterprise,Direct Invoice,Evan Wright,6,3389.8,1255.99,20338.8,7535.94,2757.47,50.09,1904.25,12247.75,8091.05,39.78
TXN-1465,2026-04-28,Services,Cloud Migration Consulting,Miami,East,Government,PayPal,Fiona Gallagher,19,3758.02,1204.5,71402.38,22885.5,4365.24,143.95,5880.59,33275.28,38127.1,53.4
TXN-1466,2025-06-12,Services,Cybersecurity Audit,Boston,East,Enterprise,PayPal,Alice Smith,11,2166.79,773.53,23834.69,8508.83,3293.87,148.86,2079.36,14030.92,9803.77,41.13
TXN-1467,2024-07-14,Office Supplies,High-Speed Paper Shredder,Houston,South,SMB,Credit Card,Charlie Davis,4,169.44,93.17,677.76,372.68,84.97,20.55,98.12,576.32,101.44,14.97
TXN-1468,2024-09-21,Hardware,Rack Server Blade X,Miami,East,SMB,PayPal,Evan Wright,4,3305.21,2034.38,13220.84,8137.52,1587.13,29.44,825.01,10579.1,2641.74,19.98
TXN-1469,2024-04-12,Hardware,Gigabit Switch 24-Port,Boston,East,Consumer,Direct Invoice,Charlie Davis,4,476.17,250.63,1904.68,1002.52,201.01,54.72,236.06,1494.31,410.37,21.55
TXN-1470,2026-04-18,Hardware,Gigabit Switch 24-Port,Austin,South,Enterprise,Credit Card,Charlie Davis,13,431.57,272.14,5610.41,3537.82,766.67,97.19,490.94,4892.62,717.79,12.79
TXN-1471,2025-04-12,Electronics,Ultra-Wide Monitor 34,Boston,East,SMB,Wire Transfer,Diana Prince,5,603.37,362.87,3016.85,1814.35,274.24,42.67,266.96,2398.22,618.63,20.51
TXN-1472,2024-05-12,Hardware,Gigabit Switch 24-Port,Seattle,West,Enterprise,Direct Invoice,Bob Jones,6,446.02,261.99,2676.12,1571.94,371.09,44.5,324.39,2311.92,364.2,13.61
TXN-1473,2024-09-08,Office Supplies,Standing Desk Converter,Phoenix,West,SMB,Wire Transfer,Bob Jones,6,301.79,136.9,1810.74,821.4,165.92,71.23,238.86,1297.41,513.33,28.35
TXN-1474,2025-02-19,Office Supplies,Standing Desk Converter,Austin,South,SMB,PayPal,Charlie Davis,5,266.52,137.87,1332.6,689.35,146.08,52.24,115.73,1003.4,329.2,24.7
TXN-1475,2025-06-12,Hardware,Gigabit Switch 24-Port,Miami,East,SMB,Wire Transfer,Alice Smith,3,450.66,250.62,1351.98,751.86,174.81,41.15,153.85,1121.67,230.31,17.04
TXN-1476,2026-05-18,Office Supplies,Standing Desk Converter,Los Angeles,West,SMB,Direct Invoice,Evan Wright,4,291.05,133.18,1164.2,532.72,129.88,27.31,135.29,825.2,339.0,29.12
TXN-1477,2026-02-08,Electronics,Laptop Pro 15,Chicago,Midwest,Enterprise,Direct Invoice,Charlie Davis,26,1162.39,773.37,30222.14,20107.62,2523.95,246.04,3110.73,25988.34,4233.8,14.01
TXN-1478,2025-07-04,Services,Annual IT Maintenance Plan,San Francisco,West,SMB,Direct Invoice,Evan Wright,2,1701.03,615.11,3402.06,1230.22,358.79,15.49,323.11,1927.61,1474.45,43.34
TXN-1479,2025-06-06,Services,Cloud Migration Consulting,Seattle,West,SMB,PayPal,Charlie Davis,5,3495.52,1177.23,17477.6,5886.15,1302.8,50.21,1304.3,8543.46,8934.14,51.12
TXN-1480,2025-01-30,Electronics,Laptop Pro 15,Austin,South,SMB,PayPal,Fiona Gallagher,6,1161.95,779.98,6971.7,4679.88,768.79,56.32,417.47,5922.46,1049.24,15.05
TXN-1481,2024-02-18,Hardware,Rack Server Blade X,Austin,South,Consumer,Credit Card,Bob Jones,6,2987.66,2176.9,17925.96,13061.4,1791.43,47.79,1274.89,16175.51,1750.45,9.76
TXN-1482,2024-10-26,Software,Data Analytics Suite,New York,East,Enterprise,Wire Transfer,Charlie Davis,6,1590.51,300.85,9543.06,1805.1,929.31,36.4,983.15,3753.96,5789.1,60.66
TXN-1483,2024-10-27,Hardware,Rack Server Blade X,Seattle,West,SMB,Wire Transfer,Bob Jones,7,3077.14,2075.86,21539.98,14531.02,2917.35,77.73,2398.59,19924.69,1615.29,7.5
TXN-1484,2024-12-16,Office Supplies,Ergonomic Executive Desk,Austin,South,SMB,PayPal,Diana Prince,6,817.84,440.06,4907.04,2640.36,659.77,31.48,548.18,3879.79,1027.25,20.93
TXN-1485,2024-01-21,Software,Data Analytics Suite,Chicago,Midwest,Consumer,Wire Transfer,Charlie Davis,1,1503.41,301.18,1503.41,301.18,120.89,12.68,209.59,644.34,859.07,57.14
TXN-1486,2025-12-03,Office Supplies,Mesh Office Chair,Boston,East,Enterprise,Credit Card,Bob Jones,9,338.35,159.42,3045.15,1434.78,373.77,130.22,254.79,2193.56,851.59,27.97
TXN-1487,2024-03-25,Electronics,Wireless Noise-Canceling Headset,Austin,South,Government,PayPal,Bob Jones,14,244.21,122.19,3418.94,1710.66,386.27,170.15,274.06,2541.14,877.8,25.67
TXN-1488,2026-02-04,Office Supplies,High-Speed Paper Shredder,New York,East,Enterprise,PayPal,Diana Prince,19,191.26,89.54,3633.94,1701.26,351.56,109.62,421.6,2584.04,1049.9,28.89
TXN-1489,2025-11-28,Office Supplies,Mesh Office Chair,San Francisco,West,Consumer,Direct Invoice,Alice Smith,5,328.79,157.34,1643.95,786.7,132.08,56.55,148.32,1123.65,520.3,31.65
TXN-1490,2024-09-20,Software,Cloud Storage Annual,Boston,East,Enterprise,Direct Invoice,Alice Smith,19,411.76,82.02,7823.44,1558.38,924.7,260.23,538.99,3282.3,4541.14,58.05
TXN-1491,2026-04-18,Electronics,Ultra-Wide Monitor 34,Austin,South,Enterprise,Wire Transfer,Fiona Gallagher,25,631.98,374.29,15799.5,9357.25,1701.73,193.55,883.52,12136.05,3663.45,23.19
TXN-1492,2024-08-07,Services,Annual IT Maintenance Plan,Seattle,West,Enterprise,Direct Invoice,Alice Smith,18,1744.07,615.55,31393.26,11079.9,3440.07,103.93,2737.23,17361.13,14032.13,44.7
TXN-1493,2024-05-04,Office Supplies,Mesh Office Chair,Seattle,West,SMB,Wire Transfer,Bob Jones,2,328.21,164.95,656.42,329.9,74.72,19.94,114.48,539.04,117.38,17.88
TXN-1494,2024-07-27,Office Supplies,Ergonomic Executive Desk,Houston,South,Enterprise,Wire Transfer,Alice Smith,19,889.29,462.36,16896.51,8784.84,1308.1,213.03,950.71,11256.68,5639.83,33.38
TXN-1495,2025-06-19,Software,Data Analytics Suite,Los Angeles,West,SMB,Direct Invoice,Charlie Davis,1,1440.81,311.85,1440.81,311.85,152.6,8.51,205.63,678.59,762.22,52.9
TXN-1496,2025-08-02,Office Supplies,Ergonomic Executive Desk,Miami,East,Enterprise,PayPal,Bob Jones,6,822.1,443.45,4932.6,2660.7,518.75,45.14,598.6,3823.19,1109.41,22.49
TXN-1497,2025-06-21,Electronics,Laptop Pro 15,Boston,East,Government,PayPal,Diana Prince,29,1190.95,783.43,34537.55,22719.47,3942.31,232.46,2220.35,29114.59,5422.96,15.7
TXN-1498,2024-11-05,Hardware,Rack Server Blade X,Phoenix,West,Enterprise,Wire Transfer,Charlie Davis,5,2998.9,2083.93,14994.5,10419.65,1442.31,61.68,1684.12,13607.76,1386.74,9.25
TXN-1499,2024-03-08,Hardware,Rack Server Blade X,Boston,East,SMB,Credit Card,Bob Jones,6,3061.45,2040.84,18368.7,12245.04,1182.49,31.06,1080.91,14539.5,3829.2,20.85
TXN-1500,2026-02-23,Hardware,NAS Storage Enclosure,Miami,East,Consumer,Wire Transfer,Alice Smith,5,740.49,456.33,3702.45,2281.65,360.48,59.28,271.68,2973.09,729.36,19.7
TXN-1501,2025-05-28,Office Supplies,Ergonomic Executive Desk,Miami,East,Consumer,Wire Transfer,Diana Prince,4,848.54,437.3,3394.16,1749.2,224.91,42.94,240.03,2257.08,1137.08,33.5
TXN-1502,2024-06-19,Electronics,Laptop Pro 15,Seattle,West,SMB,Credit Card,Diana Prince,4,1272.13,732.86,5088.52,2931.44,306.82,26.5,417.87,3682.63,1405.89,27.63
TXN-1503,2025-11-12,Services,Cybersecurity Audit,Chicago,Midwest,SMB,Credit Card,Alice Smith,4,2340.15,834.83,9360.6,3339.32,1295.36,54.74,604.79,5294.21,4066.39,43.44
TXN-1504,2026-05-23,Software,Cloud Storage Annual,Chicago,Midwest,Consumer,Credit Card,Alice Smith,6,372.91,79.31,2237.46,475.86,255.77,44.21,191.22,967.06,1270.4,56.78
TXN-1505,2026-06-19,Services,Cybersecurity Audit,San Francisco,West,Enterprise,Credit Card,Fiona Gallagher,7,2059.25,781.74,14414.75,5472.18,1805.83,61.48,850.47,8189.96,6224.79,43.18
TXN-1506,2024-03-02,Office Supplies,Mesh Office Chair,Chicago,Midwest,SMB,Credit Card,Diana Prince,3,336.43,156.5,1009.29,469.5,66.21,16.7,113.82,666.23,343.06,33.99
TXN-1507,2024-05-09,Software,Enterprise ERP License,Houston,South,SMB,Direct Invoice,Bob Jones,3,2444.32,512.64,7332.96,1537.92,733.32,18.83,703.51,2993.58,4339.38,59.18
TXN-1508,2025-05-29,Software,Enterprise ERP License,Los Angeles,West,SMB,PayPal,Diana Prince,2,2656.41,515.68,5312.82,1031.36,622.64,14.98,633.41,2302.39,3010.43,56.66
TXN-1509,2024-04-09,Hardware,Gigabit Switch 24-Port,Austin,South,Enterprise,Wire Transfer,Bob Jones,15,466.99,255.32,7004.85,3829.8,703.87,99.38,891.94,5524.99,1479.86,21.13
TXN-1510,2024-10-07,Office Supplies,Ergonomic Executive Desk,Los Angeles,West,SMB,PayPal,Bob Jones,3,843.93,450.81,2531.79,1352.43,153.42,27.68,300.41,1833.94,697.85,27.56
TXN-1511,2025-08-31,Software,Security Firewall Pro,Los Angeles,West,Enterprise,Direct Invoice,Evan Wright,9,860.64,222.15,7745.76,1999.35,922.63,47.63,703.92,3673.53,4072.23,52.57
TXN-1512,2024-01-18,Software,Enterprise ERP License,Seattle,West,SMB,PayPal,Alice Smith,2,2476.6,481.53,4953.2,963.06,412.5,27.38,581.3,1984.24,2968.96,59.94
TXN-1513,2025-10-19,Office Supplies,Ergonomic Executive Desk,Los Angeles,West,SMB,Credit Card,Fiona Gallagher,5,816.05,464.93,4080.25,2324.65,396.01,49.34,529.26,3299.26,780.99,19.14
TXN-1514,2025-07-16,Software,Enterprise ERP License,Houston,South,SMB,Credit Card,Charlie Davis,1,2365.83,495.32,2365.83,495.32,317.32,12.1,238.7,1063.44,1302.39,55.05
TXN-1515,2025-09-23,Office Supplies,Mesh Office Chair,Phoenix,West,Enterprise,Credit Card,Charlie Davis,7,316.41,156.9,2214.87,1098.3,303.39,102.51,204.4,1708.6,506.27,22.86
TXN-1516,2024-05-08,Office Supplies,High-Speed Paper Shredder,Boston,East,Enterprise,Credit Card,Bob Jones,9,172.75,94.39,1554.75,849.51,141.72,110.94,184.98,1287.15,267.6,17.21
TXN-1517,2025-05-10,Hardware,NAS Storage Enclosure,Seattle,West,Government,Direct Invoice,Bob Jones,26,838.11,472.4,21790.86,12282.4,1897.56,131.84,2196.7,16508.5,5282.36,24.24
TXN-1518,2026-03-04,Services,Cybersecurity Audit,Seattle,West,Consumer,Credit Card,Alice Smith,5,2243.14,784.71,11215.7,3923.55,1003.78,63.49,1241.47,6232.29,4983.41,44.43
TXN-1519,2024-12-27,Office Supplies,Mesh Office Chair,Phoenix,West,Consumer,Direct Invoice,Diana Prince,5,328.82,163.03,1644.1,815.15,143.56,35.78,208.88,1203.37,440.73,26.81
TXN-1520,2024-10-28,Services,Annual IT Maintenance Plan,Houston,South,Government,PayPal,Charlie Davis,26,1764.58,627.9,45879.08,16325.4,3756.73,233.91,5502.63,25818.67,20060.41,43.72
TXN-1521,2025-06-06,Electronics,Smart Display 10,Los Angeles,West,SMB,PayPal,Bob Jones,7,355.56,196.83,2488.92,1377.81,339.15,98.22,317.88,2133.06,355.86,14.3
TXN-1522,2025-10-21,Software,Enterprise ERP License,Boston,East,Consumer,Wire Transfer,Fiona Gallagher,1,2359.75,507.41,2359.75,507.41,174.13,13.72,248.7,943.96,1415.79,60.0
TXN-1523,2025-01-05,Office Supplies,High-Speed Paper Shredder,Houston,South,SMB,PayPal,Evan Wright,1,188.75,92.86,188.75,92.86,26.11,10.02,80.66,209.65,-20.9,-11.07
TXN-1524,2024-07-18,Software,Security Firewall Pro,Boston,East,Enterprise,Credit Card,Evan Wright,14,898.44,211.18,12578.16,2956.52,845.98,106.78,1426.85,5336.13,7242.03,57.58
TXN-1525,2025-05-12,Software,Enterprise ERP License,Boston,East,SMB,Credit Card,Evan Wright,6,2428.02,513.16,14568.12,3078.96,1809.07,53.11,1177.22,6118.36,8449.76,58.0
TXN-1526,2024-11-06,Office Supplies,High-Speed Paper Shredder,Seattle,West,SMB,PayPal,Evan Wright,6,182.34,86.21,1094.04,517.26,82.42,58.47,123.91,782.06,311.98,28.52
TXN-1527,2025-08-27,Hardware,Gigabit Switch 24-Port,Miami,East,Consumer,Direct Invoice,Evan Wright,2,449.3,269.02,898.6,538.04,113.72,18.07,115.41,785.24,113.36,12.62
TXN-1528,2024-01-17,Office Supplies,Standing Desk Converter,Austin,South,Consumer,Credit Card,Bob Jones,4,282.57,146.7,1130.28,586.8,137.73,24.25,148.34,897.12,233.16,20.63
TXN-1529,2024-08-09,Electronics,Ultra-Wide Monitor 34,Phoenix,West,Enterprise,Wire Transfer,Fiona Gallagher,16,629.04,386.55,10064.64,6184.8,868.59,124.5,683.02,7860.91,2203.73,21.9
TXN-1530,2024-10-09,Hardware,Rack Server Blade X,Boston,East,Enterprise,Credit Card,Evan Wright,10,3158.49,2157.93,31584.9,21579.3,2751.0,106.37,2096.96,26533.63,5051.27,15.99
TXN-1531,2025-04-07,Services,Cloud Migration Consulting,San Francisco,West,Enterprise,Wire Transfer,Fiona Gallagher,28,3325.83,1173.82,93123.24,32866.96,7580.43,285.38,6211.35,46944.12,46179.12,49.59
TXN-1532,2024-01-24,Services,Cybersecurity Audit,Austin,South,SMB,PayPal,Diana Prince,2,2068.78,833.18,4137.56,1666.36,411.62,19.07,281.62,2378.67,1758.89,42.51
TXN-1533,2024-03-26,Office Supplies,Mesh Office Chair,Houston,South,Enterprise,PayPal,Charlie Davis,21,334.68,160.16,7028.28,3363.36,590.41,136.77,534.03,4624.57,2403.71,34.2
TXN-1534,2025-04-07,Services,Cloud Migration Consulting,Seattle,West,Enterprise,Direct Invoice,Diana Prince,8,3611.66,1153.44,28893.28,9227.52,3697.1,82.63,2476.79,15484.04,13409.24,46.41
TXN-1535,2025-10-09,Services,Cybersecurity Audit,Houston,South,Consumer,Wire Transfer,Bob Jones,6,2195.56,810.01,13173.36,4860.06,1787.56,64.79,1179.84,7892.25,5281.11,40.09
TXN-1536,2024-03-18,Hardware,NAS Storage Enclosure,Phoenix,West,Enterprise,Wire Transfer,Charlie Davis,19,734.58,496.13,13957.02,9426.47,1010.25,152.22,983.44,11572.38,2384.64,17.09
TXN-1537,2024-09-16,Hardware,Gigabit Switch 24-Port,Los Angeles,West,SMB,PayPal,Charlie Davis,5,460.77,254.87,2303.85,1274.35,223.01,38.97,204.34,1740.67,563.18,24.45
TXN-1538,2025-06-01,Office Supplies,High-Speed Paper Shredder,Chicago,Midwest,SMB,Wire Transfer,Bob Jones,7,182.69,87.39,1278.83,611.73,88.63,102.91,134.07,937.34,341.49,26.7
TXN-1539,2024-11-21,Office Supplies,High-Speed Paper Shredder,Austin,South,Enterprise,Direct Invoice,Evan Wright,28,184.11,92.54,5155.08,2591.12,695.93,333.74,348.6,3969.39,1185.69,23.0
TXN-1540,2025-07-09,Hardware,Rack Server Blade X,Los Angeles,West,SMB,PayPal,Evan Wright,2,3211.12,2050.16,6422.24,4100.32,779.55,28.53,577.49,5485.89,936.35,14.58
TXN-1541,2026-01-01,Software,Cloud Storage Annual,Houston,South,SMB,PayPal,Diana Prince,5,374.71,78.14,1873.55,390.7,190.38,53.29,162.52,796.89,1076.66,57.47
TXN-1542,2024-01-07,Hardware,NAS Storage Enclosure,Phoenix,West,Enterprise,Wire Transfer,Evan Wright,22,836.9,459.38,18411.8,10106.36,1627.5,220.7,1576.58,13531.14,4880.66,26.51
TXN-1543,2026-05-25,Software,Cloud Storage Annual,Chicago,Midwest,Enterprise,Direct Invoice,Charlie Davis,12,423.48,83.15,5081.76,997.8,678.84,71.38,512.08,2260.1,2821.66,55.53
TXN-1544,2024-10-30,Office Supplies,Mesh Office Chair,San Francisco,West,Enterprise,Wire Transfer,Alice Smith,24,299.08,160.91,7177.92,3861.84,942.82,188.92,550.51,5544.09,1633.83,22.76
TXN-1545,2024-11-19,Office Supplies,Standing Desk Converter,Houston,South,SMB,Wire Transfer,Alice Smith,2,278.79,140.28,557.58,280.56,41.96,19.24,86.18,427.94,129.64,23.25
TXN-1546,2026-02-12,Office Supplies,Standing Desk Converter,Los Angeles,West,Consumer,PayPal,Fiona Gallagher,2,299.19,133.92,598.38,267.84,62.2,21.82,92.6,444.46,153.92,25.72
TXN-1547,2025-03-19,Electronics,Wireless Noise-Canceling Headset,Austin,South,Enterprise,Direct Invoice,Evan Wright,23,250.36,114.75,5758.28,2639.25,522.37,217.22,371.15,3749.99,2008.29,34.88
TXN-1548,2026-02-14,Electronics,Smart Display 10,Boston,East,Enterprise,PayPal,Charlie Davis,22,375.3,196.39,8256.6,4320.58,1068.8,303.88,640.22,6333.48,1923.12,23.29
TXN-1549,2024-05-31,Software,Cloud Storage Annual,Austin,South,Consumer,Direct Invoice,Charlie Davis,3,417.79,79.06,1253.37,237.18,119.63,26.29,146.45,529.55,723.82,57.75
TXN-1550,2026-01-17,Electronics,Laptop Pro 15,Chicago,Midwest,SMB,Credit Card,Alice Smith,1,1283.22,766.77,1283.22,766.77,136.25,11.48,123.88,1038.38,244.84,19.08
TXN-1551,2024-04-30,Services,Annual IT Maintenance Plan,Chicago,Midwest,SMB,Wire Transfer,Bob Jones,1,1929.81,594.52,1929.81,594.52,187.84,5.53,164.6,952.49,977.32,50.64
TXN-1552,2025-09-21,Hardware,NAS Storage Enclosure,Houston,South,Enterprise,PayPal,Alice Smith,28,812.75,499.21,22757.0,13977.88,2575.76,169.46,2266.5,18989.6,3767.4,16.55
TXN-1553,2026-05-04,Hardware,NAS Storage Enclosure,Austin,South,SMB,Direct Invoice,Alice Smith,2,806.18,456.35,1612.36,912.7,163.58,10.75,220.11,1307.14,305.22,18.93
TXN-1554,2024-08-27,Software,Security Firewall Pro,San Francisco,West,SMB,Credit Card,Evan Wright,7,810.43,227.67,5673.01,1593.69,751.57,72.91,569.02,2987.19,2685.82,47.34
TXN-1555,2025-10-16,Electronics,Ultra-Wide Monitor 34,Seattle,West,SMB,Credit Card,Fiona Gallagher,3,652.68,388.29,1958.04,1164.87,208.56,43.43,131.64,1548.5,409.54,20.92
TXN-1556,2025-10-14,Hardware,NAS Storage Enclosure,San Francisco,West,SMB,PayPal,Fiona Gallagher,3,841.38,468.77,2524.14,1406.31,319.7,27.8,304.47,2058.28,465.86,18.46
TXN-1557,2024-10-15,Electronics,Smart Display 10,Los Angeles,West,SMB,Wire Transfer,Evan Wright,1,352.73,205.93,352.73,205.93,37.62,14.6,85.3,343.45,9.28,2.63
TXN-1558,2026-06-22,Services,Annual IT Maintenance Plan,San Francisco,West,SMB,PayPal,Diana Prince,4,1902.69,593.76,7610.76,2375.04,577.9,36.99,660.87,3650.8,3959.96,52.03
TXN-1559,2025-02-05,Software,Security Firewall Pro,Chicago,Midwest,Enterprise,Wire Transfer,Fiona Gallagher,29,803.34,229.85,23296.86,6665.65,2827.03,222.8,2191.6,11907.08,11389.78,48.89
TXN-1560,2025-01-28,Electronics,Ultra-Wide Monitor 34,Houston,South,Consumer,PayPal,Diana Prince,5,637.38,397.27,3186.9,1986.35,414.09,60.4,353.69,2814.53,372.37,11.68
TXN-1561,2026-02-26,Office Supplies,Mesh Office Chair,Phoenix,West,Enterprise,Wire Transfer,Charlie Davis,26,319.19,153.02,8298.94,3978.52,864.21,348.69,1039.86,6231.28,2067.66,24.91
TXN-1562,2024-11-13,Electronics,Laptop Pro 15,Miami,East,Enterprise,Direct Invoice,Bob Jones,21,1154.92,763.96,24253.32,16043.16,3296.1,161.29,2613.64,22114.19,2139.13,8.82
TXN-1563,2024-04-17,Office Supplies,Standing Desk Converter,New York,East,Consumer,PayPal,Bob Jones,3,286.61,146.57,859.83,439.71,100.7,42.74,101.14,684.29,175.54,20.42
TXN-1564,2024-07-22,Services,Cybersecurity Audit,Miami,East,SMB,PayPal,Charlie Davis,7,2092.58,799.31,14648.06,5595.17,1992.73,61.85,1230.42,8880.17,5767.89,39.38
TXN-1565,2025-01-30,Services,Cloud Migration Consulting,Phoenix,West,SMB,Credit Card,Alice Smith,4,3468.47,1246.96,13873.88,4987.84,1288.97,25.81,1280.67,7583.29,6290.59,45.34
TXN-1566,2024-11-22,Electronics,Wireless Noise-Canceling Headset,Seattle,West,Consumer,Credit Card,Diana Prince,3,262.31,123.26,786.93,369.78,104.83,40.64,100.12,615.37,171.56,21.8
TXN-1567,2024-03-20,Electronics,Ultra-Wide Monitor 34,Boston,East,Consumer,PayPal,Evan Wright,6,685.91,388.63,4115.46,2331.78,569.83,39.34,303.49,3244.44,871.02,21.16
TXN-1568,2025-12-06,Services,Cybersecurity Audit,Houston,South,Government,Direct Invoice,Diana Prince,28,2052.17,788.76,57460.76,22085.28,7393.45,205.13,3377.2,33061.06,24399.7,42.46
TXN-1569,2025-06-21,Electronics,Wireless Noise-Canceling Headset,Miami,East,SMB,Credit Card,Charlie Davis,7,258.58,121.48,1810.06,850.36,249.14,74.13,184.27,1357.9,452.16,24.98
TXN-1570,2024-06-01,Electronics,Wireless Noise-Canceling Headset,New York,East,SMB,Wire Transfer,Bob Jones,4,260.01,117.81,1040.04,471.24,102.65,31.78,92.39,698.06,341.98,32.88
TXN-1571,2026-03-09,Office Supplies,Ergonomic Executive Desk,Phoenix,West,Enterprise,Direct Invoice,Evan Wright,25,862.74,454.85,21568.5,11371.25,1990.11,294.12,1434.31,15089.79,6478.71,30.04
TXN-1572,2025-10-22,Services,Cloud Migration Consulting,Houston,South,Enterprise,Wire Transfer,Diana Prince,5,3263.97,1245.75,16319.85,6228.75,1080.87,60.34,1903.28,9273.24,7046.61,43.18
TXN-1573,2026-01-01,Office Supplies,Ergonomic Executive Desk,Miami,East,Government,PayPal,Fiona Gallagher,37,850.25,447.19,31459.25,16546.03,2742.47,451.04,2239.94,21979.48,9479.77,30.13
TXN-1574,2025-01-11,Office Supplies,Standing Desk Converter,Miami,East,Consumer,Wire Transfer,Charlie Davis,7,262.86,136.53,1840.02,955.71,245.94,75.71,216.5,1493.86,346.16,18.81
TXN-1575,2026-05-01,Office Supplies,Ergonomic Executive Desk,San Francisco,West,SMB,Wire Transfer,Charlie Davis,4,855.01,469.65,3420.04,1878.6,289.57,54.78,388.8,2611.75,808.29,23.63
TXN-1576,2024-05-13,Electronics,Smart Display 10,Boston,East,SMB,Direct Invoice,Alice Smith,5,345.67,194.02,1728.35,970.1,145.97,51.23,232.05,1399.35,329.0,19.04
TXN-1577,2024-07-11,Hardware,Gigabit Switch 24-Port,Chicago,Midwest,Enterprise,Wire Transfer,Charlie Davis,16,454.02,265.19,7264.32,4243.04,675.3,102.14,753.24,5773.72,1490.6,20.52
TXN-1578,2024-11-09,Electronics,Ultra-Wide Monitor 34,Phoenix,West,Enterprise,Wire Transfer,Diana Prince,6,676.66,391.18,4059.96,2347.08,404.24,83.68,323.7,3158.7,901.26,22.2
TXN-1579,2025-09-19,Hardware,Gigabit Switch 24-Port,Austin,South,SMB,Wire Transfer,Bob Jones,7,428.26,258.39,2997.82,1808.73,277.9,65.02,324.04,2475.69,522.13,17.42
TXN-1580,2026-04-18,Software,Enterprise ERP License,New York,East,SMB,Credit Card,Charlie Davis,2,2455.22,514.8,4910.44,1029.6,414.74,11.46,609.77,2065.57,2844.87,57.94
TXN-1581,2025-10-02,Electronics,Ultra-Wide Monitor 34,Chicago,Midwest,Enterprise,Direct Invoice,Diana Prince,27,687.31,385.08,18557.37,10397.16,1489.34,284.93,1672.53,13843.96,4713.41,25.4
TXN-1582,2025-05-11,Office Supplies,Standing Desk Converter,Miami,East,Enterprise,Credit Card,Alice Smith,26,274.3,137.92,7131.8,3585.92,737.99,148.91,784.11,5256.93,1874.87,26.29
TXN-1583,2025-03-06,Software,Cloud Storage Annual,Seattle,West,SMB,PayPal,Alice Smith,5,419.77,78.36,2098.85,391.8,221.84,62.27,198.78,874.69,1224.16,58.33
TXN-1584,2026-03-12,Electronics,Laptop Pro 15,San Francisco,West,Enterprise,PayPal,Diana Prince,12,1169.13,749.86,14029.56,8998.32,1334.12,86.19,850.34,11268.97,2760.59,19.68
TXN-1585,2025-10-07,Office Supplies,High-Speed Paper Shredder,Phoenix,West,SMB,Direct Invoice,Alice Smith,3,167.78,92.95,503.34,278.85,47.42,32.88,68.57,427.72,75.62,15.02
TXN-1586,2025-01-15,Electronics,Smart Display 10,Chicago,Midwest,Enterprise,PayPal,Alice Smith,14,341.3,193.22,4778.2,2705.08,501.96,202.13,274.48,3683.65,1094.55,22.91
TXN-1587,2025-12-06,Electronics,Smart Display 10,Miami,East,Consumer,PayPal,Alice Smith,7,348.72,209.89,2441.04,1469.23,279.09,40.19,336.17,2124.68,316.36,12.96
TXN-1588,2025-09-08,Software,Cloud Storage Annual,San Francisco,West,SMB,Direct Invoice,Diana Prince,1,379.24,77.42,379.24,77.42,50.52,9.65,76.53,214.12,165.12,43.54
TXN-1589,2025-11-30,Services,Cybersecurity Audit,Boston,East,Consumer,Credit Card,Bob Jones,6,2207.08,808.86,13242.48,4853.16,1074.55,47.23,1204.52,7179.46,6063.02,45.78
TXN-1590,2024-07-26,Hardware,NAS Storage Enclosure,Los Angeles,West,Enterprise,Credit Card,Evan Wright,22,791.0,462.64,17402.0,10178.08,1637.35,231.51,1636.09,13683.03,3718.97,21.37
TXN-1591,2024-05-17,Electronics,Smart Display 10,New York,East,SMB,Credit Card,Bob Jones,6,329.0,192.13,1974.0,1152.78,227.15,45.59,213.78,1639.3,334.7,16.96
TXN-1592,2025-09-12,Office Supplies,Ergonomic Executive Desk,New York,East,Enterprise,Wire Transfer,Charlie Davis,14,831.67,451.59,11643.38,6322.26,1432.97,184.53,1432.36,9372.12,2271.26,19.51
TXN-1593,2025-12-17,Office Supplies,Mesh Office Chair,Houston,South,Enterprise,PayPal,Alice Smith,15,335.13,159.63,5026.95,2394.45,354.25,110.33,651.05,3510.08,1516.87,30.17
TXN-1594,2024-09-21,Hardware,Gigabit Switch 24-Port,Boston,East,Government,Wire Transfer,Fiona Gallagher,15,430.86,248.56,6462.9,3728.4,655.39,93.67,795.84,5273.3,1189.6,18.41
TXN-1595,2024-11-01,Services,Cybersecurity Audit,Houston,South,Enterprise,Wire Transfer,Fiona Gallagher,9,2079.1,789.33,18711.9,7103.97,2049.51,59.35,2278.43,11491.26,7220.64,38.59
TXN-1596,2026-04-04,Software,Cloud Storage Annual,Boston,East,Enterprise,Credit Card,Fiona Gallagher,23,421.6,78.48,9696.8,1805.04,975.51,207.29,1111.16,4099.0,5597.8,57.73
TXN-1597,2024-12-24,Electronics,Wireless Noise-Canceling Headset,Miami,East,Enterprise,PayPal,Evan Wright,15,259.42,125.9,3891.3,1888.5,429.33,130.54,328.54,2776.91,1114.39,28.64
TXN-1598,2024-06-07,Software,Cloud Storage Annual,San Francisco,West,Enterprise,PayPal,Evan Wright,29,379.5,80.62,11005.5,2337.98,1503.77,290.89,671.35,4803.99,6201.51,56.35
TXN-1599,2025-11-24,Software,Security Firewall Pro,San Francisco,West,SMB,Wire Transfer,Fiona Gallagher,2,818.12,225.88,1636.24,451.76,125.12,16.43,211.72,805.03,831.21,50.8
TXN-1600,2026-04-22,Hardware,Rack Server Blade X,New York,East,Enterprise,Wire Transfer,Charlie Davis,13,3405.19,2190.3,44267.47,28473.9,4014.41,128.93,5058.96,37676.2,6591.27,14.89
TXN-1601,2025-11-12,Software,Security Firewall Pro,Boston,East,SMB,PayPal,Evan Wright,3,898.8,222.84,2696.4,668.52,326.34,37.96,238.51,1271.33,1425.07,52.85
TXN-1602,2025-10-15,Office Supplies,Ergonomic Executive Desk,Houston,South,Enterprise,Direct Invoice,Charlie Davis,24,811.29,440.63,19470.96,10575.12,1437.36,211.05,2271.91,14495.44,4975.52,25.55
TXN-1603,2024-02-16,Hardware,NAS Storage Enclosure,Houston,South,Consumer,Direct Invoice,Diana Prince,3,722.54,475.35,2167.62,1426.05,242.63,35.94,244.44,1949.06,218.56,10.08
TXN-1604,2026-04-24,Hardware,Gigabit Switch 24-Port,Miami,East,Enterprise,Credit Card,Evan Wright,17,436.84,266.92,7426.28,4537.64,741.41,137.71,865.44,6282.2,1144.08,15.41
TXN-1605,2026-06-11,Hardware,NAS Storage Enclosure,New York,East,Consumer,Wire Transfer,Fiona Gallagher,5,806.32,502.72,4031.6,2513.6,496.88,37.15,483.52,3531.15,500.45,12.41
TXN-1606,2025-09-28,Hardware,Gigabit Switch 24-Port,Houston,South,Enterprise,Wire Transfer,Charlie Davis,21,452.26,257.39,9497.46,5405.19,1294.47,239.84,700.68,7640.18,1857.28,19.56
TXN-1607,2025-12-18,Electronics,Laptop Pro 15,Phoenix,West,Enterprise,Wire Transfer,Fiona Gallagher,10,1227.38,776.24,12273.8,7762.4,1023.65,66.75,980.53,9833.33,2440.47,19.88
TXN-1608,2024-03-28,Electronics,Wireless Noise-Canceling Headset,Boston,East,SMB,Credit Card,Alice Smith,6,243.03,119.67,1458.18,718.02,189.84,32.42,197.2,1137.48,320.7,21.99
TXN-1609,2025-09-19,Services,Cybersecurity Audit,New York,East,Enterprise,Wire Transfer,Fiona Gallagher,18,2339.49,792.36,42110.82,14262.48,4061.59,217.04,4559.36,23100.47,19010.35,45.14
TXN-1610,2025-07-22,Office Supplies,Standing Desk Converter,New York,East,SMB,PayPal,Alice Smith,5,273.11,144.7,1365.55,723.5,93.0,58.79,112.98,988.27,377.28,27.63
TXN-1611,2024-02-10,Software,Cloud Storage Annual,Phoenix,West,SMB,Credit Card,Alice Smith,5,373.03,78.85,1865.15,394.25,223.47,52.53,277.47,947.72,917.43,49.19
TXN-1612,2025-01-27,Services,Cybersecurity Audit,Chicago,Midwest,SMB,Direct Invoice,Charlie Davis,1,2124.07,806.86,2124.07,806.86,227.15,9.46,266.42,1309.89,814.18,38.33
TXN-1613,2025-05-06,Services,Cybersecurity Audit,Chicago,Midwest,Enterprise,Credit Card,Alice Smith,15,2251.41,772.05,33771.15,11580.75,4546.0,132.46,3434.35,19693.56,14077.59,41.69
TXN-1614,2024-09-13,Electronics,Laptop Pro 15,Los Angeles,West,Consumer,Credit Card,Charlie Davis,3,1196.89,749.28,3590.67,2247.84,249.84,39.08,315.58,2852.34,738.33,20.56
TXN-1615,2025-11-28,Electronics,Ultra-Wide Monitor 34,Seattle,West,Enterprise,Direct Invoice,Fiona Gallagher,28,644.81,373.84,18054.68,10467.52,1643.84,207.84,2122.44,14441.64,3613.04,20.01
TXN-1616,2024-11-23,Hardware,NAS Storage Enclosure,Chicago,Midwest,Government,Credit Card,Bob Jones,38,740.39,483.55,28134.82,18374.9,3122.75,401.55,2900.9,24800.1,3334.72,11.85
TXN-1617,2025-11-02,Hardware,NAS Storage Enclosure,Boston,East,SMB,Direct Invoice,Evan Wright,3,794.8,470.87,2384.4,1412.61,159.43,17.73,334.67,1924.44,459.96,19.29
TXN-1618,2024-01-17,Hardware,Gigabit Switch 24-Port,Houston,South,Consumer,Wire Transfer,Fiona Gallagher,7,478.06,247.24,3346.42,1730.68,254.7,102.13,346.71,2434.22,912.2,27.26
TXN-1619,2024-01-31,Software,Enterprise ERP License,Seattle,West,SMB,Credit Card,Diana Prince,6,2384.82,480.25,14308.92,2881.5,1646.56,39.51,1543.06,6110.63,8198.29,57.29
TXN-1620,2026-01-20,Electronics,Wireless Noise-Canceling Headset,Seattle,West,SMB,PayPal,Evan Wright,5,249.67,123.41,1248.35,617.05,133.22,29.12,153.51,932.9,315.45,25.27
TXN-1621,2025-07-22,Software,Data Analytics Suite,Boston,East,Enterprise,Wire Transfer,Fiona Gallagher,11,1563.35,285.15,17196.85,3136.65,2294.42,76.72,2108.68,7616.47,9580.38,55.71
TXN-1622,2025-11-28,Office Supplies,Standing Desk Converter,New York,East,SMB,PayPal,Diana Prince,2,299.42,143.08,598.84,286.16,72.04,14.38,105.58,478.16,120.68,20.15
TXN-1623,2025-03-11,Office Supplies,Ergonomic Executive Desk,Houston,South,Consumer,Direct Invoice,Fiona Gallagher,3,852.49,448.28,2557.47,1344.84,217.78,32.43,303.2,1898.25,659.22,25.78
TXN-1624,2025-08-26,Services,Cybersecurity Audit,Miami,East,SMB,PayPal,Evan Wright,3,2185.31,780.99,6555.93,2342.97,520.16,29.49,777.48,3670.1,2885.83,44.02
TXN-1625,2025-12-31,Software,Data Analytics Suite,Los Angeles,West,SMB,Direct Invoice,Fiona Gallagher,2,1430.53,300.04,2861.06,600.08,225.14,18.19,365.56,1208.97,1652.09,57.74
TXN-1626,2024-11-25,Electronics,Wireless Noise-Canceling Headset,Miami,East,SMB,Credit Card,Alice Smith,1,240.19,124.97,240.19,124.97,16.58,12.57,93.33,247.45,-7.26,-3.02
TXN-1627,2026-06-17,Hardware,Rack Server Blade X,Houston,South,Consumer,Direct Invoice,Fiona Gallagher,2,3319.97,2128.55,6639.94,4257.1,863.19,11.65,794.92,5926.86,713.08,10.74
TXN-1628,2024-09-17,Office Supplies,Standing Desk Converter,Chicago,Midwest,Consumer,Direct Invoice,Bob Jones,1,296.67,134.0,296.67,134.0,38.07,12.82,43.43,228.32,68.35,23.04
TXN-1629,2026-02-23,Hardware,NAS Storage Enclosure,San Francisco,West,Government,Credit Card,Charlie Davis,37,755.32,498.96,27946.84,18461.52,3850.08,502.95,1689.41,24503.96,3442.88,12.32
TXN-1630,2024-09-30,Office Supplies,High-Speed Paper Shredder,New York,East,SMB,Direct Invoice,Bob Jones,1,191.16,88.81,191.16,88.81,13.65,11.96,76.98,191.4,-0.24,-0.13
TXN-1631,2024-01-02,Hardware,Gigabit Switch 24-Port,Los Angeles,West,Enterprise,Wire Transfer,Fiona Gallagher,11,476.12,251.24,5237.32,2763.64,654.63,148.87,632.99,4200.13,1037.19,19.8
TXN-1632,2025-01-29,Software,Data Analytics Suite,New York,East,Enterprise,PayPal,Bob Jones,20,1601.99,308.57,32039.8,6171.4,2757.42,263.4,2558.43,11750.65,20289.15,63.32
TXN-1633,2026-03-09,Services,Cybersecurity Audit,Boston,East,SMB,Direct Invoice,Bob Jones,5,2068.41,769.86,10342.05,3849.3,742.52,26.49,628.62,5246.93,5095.12,49.27
TXN-1634,2024-02-29,Services,Annual IT Maintenance Plan,New York,East,SMB,Wire Transfer,Alice Smith,2,1686.11,622.86,3372.22,1245.72,344.64,26.5,446.48,2063.34,1308.88,38.81
TXN-1635,2025-03-08,Electronics,Ultra-Wide Monitor 34,Houston,South,Government,Wire Transfer,Alice Smith,10,649.25,367.11,6492.5,3671.1,897.66,65.85,588.01,5222.62,1269.88,19.56
TXN-1636,2024-01-02,Electronics,Ultra-Wide Monitor 34,New York,East,SMB,Direct Invoice,Evan Wright,1,667.68,363.74,667.68,363.74,53.77,12.14,99.96,529.61,138.07,20.68
TXN-1637,2024-10-19,Software,Data Analytics Suite,New York,East,Enterprise,PayPal,Diana Prince,10,1540.44,314.18,15404.4,3141.8,1672.09,61.99,1188.13,6064.01,9340.39,60.63
TXN-1638,2024-07-22,Electronics,Smart Display 10,San Francisco,West,SMB,PayPal,Fiona Gallagher,3,332.85,194.29,998.55,582.87,118.88,20.67,122.93,845.35,153.2,15.34
TXN-1639,2024-08-24,Office Supplies,Ergonomic Executive Desk,Houston,South,Enterprise,PayPal,Diana Prince,24,870.98,451.51,20903.52,10836.24,2832.91,215.11,2109.83,15994.09,4909.43,23.49
TXN-1640,2025-05-07,Office Supplies,Mesh Office Chair,Miami,East,SMB,Wire Transfer,Evan Wright,3,334.2,160.91,1002.6,482.73,111.95,15.41,140.61,750.7,251.9,25.12
TXN-1641,2026-06-07,Hardware,NAS Storage Enclosure,Seattle,West,Enterprise,Wire Transfer,Fiona Gallagher,27,826.85,489.82,22324.95,13225.14,2150.07,280.96,2492.77,18148.94,4176.01,18.71
TXN-1642,2024-06-14,Services,Annual IT Maintenance Plan,San Francisco,West,SMB,Credit Card,Charlie Davis,2,1805.52,587.88,3611.04,1175.76,338.73,15.97,276.85,1807.31,1803.73,49.95
TXN-1643,2025-10-31,Hardware,Rack Server Blade X,Miami,East,SMB,PayPal,Evan Wright,6,3033.49,2202.29,18200.94,13213.74,1909.13,71.25,1350.34,16544.46,1656.48,9.1
TXN-1644,2024-03-20,Office Supplies,Ergonomic Executive Desk,Phoenix,West,SMB,Credit Card,Fiona Gallagher,6,854.97,440.02,5129.82,2640.12,333.07,39.75,639.05,3651.99,1477.83,28.81
TXN-1645,2026-03-27,Electronics,Smart Display 10,New York,East,SMB,PayPal,Fiona Gallagher,6,350.25,201.7,2101.5,1210.2,212.36,59.74,178.29,1660.59,440.91,20.98
TXN-1646,2024-03-30,Hardware,NAS Storage Enclosure,New York,East,Consumer,Credit Card,Diana Prince,2,825.42,470.35,1650.84,940.7,124.54,12.32,200.39,1277.95,372.89,22.59
TXN-1647,2024-03-08,Software,Security Firewall Pro,Houston,South,Enterprise,Credit Card,Diana Prince,19,795.68,215.81,15117.92,4100.39,1709.82,221.5,1106.4,7138.11,7979.81,52.78
TXN-1648,2025-05-15,Software,Data Analytics Suite,New York,East,Consumer,Credit Card,Charlie Davis,5,1381.31,286.06,6906.55,1430.3,918.2,63.77,628.44,3040.71,3865.84,55.97
TXN-1649,2025-02-20,Office Supplies,Standing Desk Converter,Houston,South,Consumer,Direct Invoice,Evan Wright,5,262.81,140.51,1314.05,702.55,124.8,38.39,193.54,1059.28,254.77,19.39
TXN-1650,2026-01-28,Hardware,NAS Storage Enclosure,New York,East,Government,Wire Transfer,Charlie Davis,23,777.44,473.63,17881.12,10893.49,2380.07,199.71,1404.5,14877.77,3003.35,16.8
TXN-1651,2025-05-11,Hardware,NAS Storage Enclosure,Miami,East,SMB,Credit Card,Alice Smith,5,759.55,470.81,3797.75,2354.05,233.96,54.13,446.9,3089.04,708.71,18.66
TXN-1652,2025-04-16,Software,Enterprise ERP License,Miami,East,Enterprise,Direct Invoice,Bob Jones,21,2475.79,499.82,51991.59,10496.22,4798.39,247.52,4209.08,19751.21,32240.38,62.01
TXN-1653,2024-03-07,Services,Cybersecurity Audit,Los Angeles,West,Consumer,Credit Card,Evan Wright,7,2224.46,828.89,15571.22,5802.23,1031.86,40.08,1738.17,8612.34,6958.88,44.69
TXN-1654,2025-03-31,Hardware,Gigabit Switch 24-Port,Houston,South,Enterprise,Credit Card,Fiona Gallagher,6,430.22,264.72,2581.32,1588.32,207.25,83.02,261.68,2140.27,441.05,17.09
TXN-1655,2025-06-11,Services,Annual IT Maintenance Plan,Phoenix,West,Government,Wire Transfer,Bob Jones,39,1753.26,602.96,68377.14,23515.44,8196.29,500.73,5035.83,37248.29,31128.85,45.53
TXN-1656,2024-04-15,Office Supplies,High-Speed Paper Shredder,Los Angeles,West,Government,Credit Card,Charlie Davis,11,182.46,90.43,2007.06,994.73,223.26,83.54,139.4,1440.93,566.13,28.21
TXN-1657,2026-03-25,Office Supplies,Ergonomic Executive Desk,Houston,South,Consumer,Direct Invoice,Bob Jones,5,835.54,436.13,4177.7,2180.65,271.12,54.55,528.18,3034.5,1143.2,27.36
TXN-1658,2024-11-21,Electronics,Ultra-Wide Monitor 34,San Francisco,West,Enterprise,Wire Transfer,Diana Prince,7,608.95,382.76,4262.65,2679.32,426.46,94.89,406.8,3607.47,655.18,15.37
TXN-1659,2025-09-24,Electronics,Wireless Noise-Canceling Headset,Chicago,Midwest,SMB,Wire Transfer,Fiona Gallagher,3,255.23,118.2,765.69,354.6,63.87,26.78,126.55,571.8,193.89,25.32
TXN-1660,2025-07-22,Hardware,Gigabit Switch 24-Port,Boston,East,SMB,Direct Invoice,Fiona Gallagher,1,467.73,247.22,467.73,247.22,34.37,10.81,121.77,414.17,53.56,11.45
TXN-1661,2025-03-11,Electronics,Ultra-Wide Monitor 34,Miami,East,SMB,Credit Card,Alice Smith,1,671.39,379.59,671.39,379.59,60.85,7.22,128.83,576.49,94.9,14.13
TXN-1662,2024-07-22,Electronics,Wireless Noise-Canceling Headset,Houston,South,SMB,Wire Transfer,Alice Smith,2,265.48,123.73,530.96,247.46,47.76,14.63,92.13,401.98,128.98,24.29
TXN-1663,2024-12-03,Software,Enterprise ERP License,New York,East,Government,Credit Card,Alice Smith,16,2375.16,506.24,38002.56,8099.84,3303.03,113.79,2763.98,14280.64,23721.92,62.42
TXN-1664,2024-12-10,Office Supplies,High-Speed Paper Shredder,Chicago,Midwest,SMB,Direct Invoice,Alice Smith,5,193.57,89.44,967.85,447.2,124.74,53.29,120.48,745.71,222.14,22.95
TXN-1665,2025-01-11,Software,Security Firewall Pro,San Francisco,West,SMB,Wire Transfer,Evan Wright,7,860.46,209.9,6023.22,1469.3,615.49,97.05,727.4,2909.24,3113.98,51.7
TXN-1666,2025-08-28,Software,Enterprise ERP License,Phoenix,West,SMB,Wire Transfer,Alice Smith,5,2433.08,496.91,12165.4,2484.55,985.59,33.24,1246.0,4749.38,7416.02,60.96
TXN-1667,2025-09-03,Electronics,Laptop Pro 15,Chicago,Midwest,SMB,Direct Invoice,Bob Jones,5,1274.97,755.2,6374.85,3776.0,796.55,65.4,430.07,5068.02,1306.83,20.5
TXN-1668,2024-04-04,Services,Annual IT Maintenance Plan,Phoenix,West,SMB,PayPal,Evan Wright,5,1800.1,591.45,9000.5,2957.25,739.79,57.14,958.77,4712.95,4287.55,47.64
TXN-1669,2024-07-25,Services,Annual IT Maintenance Plan,Los Angeles,West,SMB,Direct Invoice,Diana Prince,2,1925.07,601.36,3850.14,1202.72,320.82,15.34,473.36,2012.24,1837.9,47.74
TXN-1670,2026-01-09,Office Supplies,Standing Desk Converter,Los Angeles,West,SMB,Wire Transfer,Bob Jones,3,265.19,141.69,795.57,425.07,93.49,32.09,109.39,660.04,135.53,17.04
TXN-1671,2024-09-15,Hardware,NAS Storage Enclosure,New York,East,SMB,PayPal,Evan Wright,2,829.62,468.7,1659.24,937.4,193.97,12.0,140.48,1283.85,375.39,22.62
TXN-1672,2024-04-13,Hardware,NAS Storage Enclosure,Chicago,Midwest,Enterprise,Wire Transfer,Diana Prince,23,719.58,460.42,16550.34,10589.66,1425.57,215.55,1206.2,13436.98,3113.36,18.81
TXN-1673,2026-05-12,Services,Cybersecurity Audit,Austin,South,Government,Credit Card,Evan Wright,22,2043.25,792.59,44951.5,17436.98,3335.08,134.12,4107.5,25013.68,19937.82,44.35
TXN-1674,2025-07-03,Office Supplies,Ergonomic Executive Desk,Phoenix,West,SMB,Direct Invoice,Fiona Gallagher,4,912.5,444.83,3650.0,1779.32,318.74,54.98,377.55,2530.59,1119.41,30.67
TXN-1675,2025-02-06,Hardware,Gigabit Switch 24-Port,Los Angeles,West,SMB,Credit Card,Bob Jones,7,435.69,259.05,3049.83,1813.35,329.24,46.99,348.98,2538.56,511.27,16.76
TXN-1676,2025-02-23,Electronics,Ultra-Wide Monitor 34,San Francisco,West,Consumer,PayPal,Diana Prince,6,623.71,389.44,3742.26,2336.64,302.98,82.9,452.52,3175.04,567.22,15.16
TXN-1677,2025-06-10,Services,Cybersecurity Audit,San Francisco,West,Government,Wire Transfer,Fiona Gallagher,32,2319.82,811.84,74234.24,25978.88,6465.8,310.39,8207.7,40962.77,33271.47,44.82
TXN-1678,2025-05-31,Software,Data Analytics Suite,Phoenix,West,SMB,Credit Card,Fiona Gallagher,3,1484.96,312.98,4454.88,938.94,492.7,23.65,459.05,1914.34,2540.54,57.03
TXN-1679,2025-06-02,Office Supplies,Mesh Office Chair,Austin,South,SMB,Credit Card,Alice Smith,3,322.51,155.51,967.53,466.53,91.25,34.57,117.67,710.02,257.51,26.62
TXN-1680,2024-03-10,Electronics,Ultra-Wide Monitor 34,Phoenix,West,Enterprise,Direct Invoice,Evan Wright,13,667.74,373.1,8680.62,4850.3,785.58,193.79,634.88,6464.55,2216.07,25.53
TXN-1681,2024-06-03,Office Supplies,Mesh Office Chair,San Francisco,West,SMB,PayPal,Diana Prince,2,316.49,155.68,632.98,311.36,64.11,15.07,147.68,538.22,94.76,14.97
TXN-1682,2024-04-16,Software,Enterprise ERP License,Boston,East,SMB,Wire Transfer,Fiona Gallagher,5,2641.9,521.48,13209.5,2607.4,987.25,46.84,1067.61,4709.1,8500.4,64.35
TXN-1683,2025-08-18,Software,Data Analytics Suite,Chicago,Midwest,Enterprise,Credit Card,Alice Smith,7,1525.37,305.76,10677.59,2140.32,967.88,95.84,1005.03,4209.07,6468.52,60.58
TXN-1684,2025-11-05,Office Supplies,Mesh Office Chair,Los Angeles,West,Consumer,Direct Invoice,Charlie Davis,6,319.69,153.9,1918.14,923.4,117.18,48.19,257.04,1345.81,572.33,29.84
TXN-1685,2024-10-22,Office Supplies,Standing Desk Converter,Houston,South,SMB,Direct Invoice,Evan Wright,1,297.11,138.73,297.11,138.73,24.72,5.15,70.95,239.55,57.56,19.37
TXN-1686,2026-01-01,Hardware,Gigabit Switch 24-Port,Boston,East,Enterprise,PayPal,Alice Smith,11,457.18,267.19,5028.98,2939.09,603.14,91.17,538.77,4172.17,856.81,17.04
TXN-1687,2024-08-08,Software,Security Firewall Pro,Chicago,Midwest,Enterprise,Credit Card,Diana Prince,10,789.35,219.06,7893.5,2190.6,820.69,138.78,521.86,3671.93,4221.57,53.48
TXN-1688,2025-02-03,Office Supplies,Mesh Office Chair,Houston,South,SMB,Direct Invoice,Alice Smith,1,308.49,153.2,308.49,153.2,35.98,9.83,113.74,312.75,-4.26,-1.38
TXN-1689,2026-06-29,Services,Cybersecurity Audit,Seattle,West,Enterprise,PayPal,Evan Wright,16,2039.72,784.76,32635.52,12556.16,2721.29,209.77,1900.18,17387.4,15248.12,46.72
TXN-1690,2025-11-26,Office Supplies,Standing Desk Converter,New York,East,SMB,Credit Card,Alice Smith,5,277.62,139.62,1388.1,698.1,154.75,30.4,190.11,1073.36,314.74,22.67
TXN-1691,2026-06-04,Hardware,NAS Storage Enclosure,Miami,East,Enterprise,PayPal,Alice Smith,22,825.36,493.08,18157.92,10847.76,1334.73,290.8,1941.46,14414.75,3743.17,20.61
TXN-1692,2026-06-06,Electronics,Wireless Noise-Canceling Headset,Miami,East,SMB,Credit Card,Evan Wright,6,265.55,114.58,1593.3,687.48,167.39,68.87,131.74,1055.48,537.82,33.76
TXN-1693,2025-03-15,Hardware,Rack Server Blade X,Seattle,West,Government,Credit Card,Bob Jones,13,3031.76,2011.59,39412.88,26150.67,4550.76,167.01,4325.57,35194.01,4218.87,10.7
TXN-1694,2024-04-04,Hardware,NAS Storage Enclosure,Seattle,West,Consumer,Direct Invoice,Evan Wright,4,840.14,499.1,3360.56,1996.4,236.18,21.05,386.2,2639.83,720.73,21.45
TXN-1695,2024-07-29,Software,Enterprise ERP License,Miami,East,Enterprise,PayPal,Charlie Davis,15,2665.94,492.6,39989.1,7389.0,3713.58,77.76,2824.99,14005.33,25983.77,64.98
TXN-1696,2024-07-15,Services,Cybersecurity Audit,Los Angeles,West,Enterprise,Direct Invoice,Bob Jones,17,2299.95,796.26,39099.15,13536.42,4823.87,227.57,3780.75,22368.61,16730.54,42.79
TXN-1697,2025-12-16,Office Supplies,Mesh Office Chair,Boston,East,Enterprise,Wire Transfer,Charlie Davis,20,307.69,156.68,6153.8,3133.6,716.45,247.09,479.15,4576.29,1577.51,25.63
TXN-1698,2024-09-29,Software,Security Firewall Pro,San Francisco,West,SMB,Direct Invoice,Diana Prince,5,794.56,223.83,3972.8,1119.15,256.32,58.64,477.01,1911.12,2061.68,51.89
TXN-1699,2024-08-23,Software,Cloud Storage Annual,Austin,South,SMB,Credit Card,Bob Jones,2,383.99,78.69,767.98,157.38,82.28,19.09,111.27,370.02,397.96,51.82
TXN-1700,2026-05-01,Services,Annual IT Maintenance Plan,Los Angeles,West,Consumer,PayPal,Diana Prince,2,1764.92,617.63,3529.84,1235.26,458.71,27.02,404.67,2125.66,1404.18,39.78
TXN-1701,2025-06-05,Office Supplies,High-Speed Paper Shredder,Phoenix,West,Government,Direct Invoice,Bob Jones,27,191.17,86.42,5161.59,2333.34,616.97,352.56,404.43,3707.3,1454.29,28.18
TXN-1702,2025-08-10,Office Supplies,Mesh Office Chair,San Francisco,West,Enterprise,Credit Card,Diana Prince,17,334.02,157.73,5678.34,2681.41,423.92,194.27,485.81,3785.41,1892.93,33.34
TXN-1703,2024-11-19,Hardware,Gigabit Switch 24-Port,Houston,South,Government,Credit Card,Bob Jones,36,431.14,268.33,15521.04,9659.88,1191.17,266.72,980.11,12097.88,3423.16,22.05
TXN-1704,2025-07-31,Services,Cybersecurity Audit,Phoenix,West,Enterprise,Wire Transfer,Bob Jones,19,2211.57,834.48,42019.83,15855.12,5719.55,163.68,4452.78,26191.13,15828.7,37.67
TXN-1705,2025-04-08,Hardware,NAS Storage Enclosure,New York,East,SMB,Wire Transfer,Bob Jones,4,747.52,473.89,2990.08,1895.56,234.5,42.44,216.86,2389.36,600.72,20.09
TXN-1706,2026-02-09,Hardware,Gigabit Switch 24-Port,New York,East,Enterprise,Wire Transfer,Bob Jones,16,442.0,248.23,7072.0,3971.68,877.59,176.7,501.58,5527.55,1544.45,21.84
TXN-1707,2026-04-13,Software,Enterprise ERP License,Boston,East,SMB,Direct Invoice,Fiona Gallagher,3,2307.22,499.14,6921.66,1497.42,598.59,37.21,567.23,2700.45,4221.21,60.99
TXN-1708,2026-04-01,Electronics,Ultra-Wide Monitor 34,Boston,East,Government,Credit Card,Charlie Davis,16,666.11,371.77,10657.76,5948.32,639.67,100.31,1301.45,7989.75,2668.01,25.03
TXN-1709,2024-11-02,Software,Enterprise ERP License,Boston,East,SMB,Wire Transfer,Evan Wright,4,2572.58,478.18,10290.32,1912.72,943.62,58.55,940.03,3854.92,6435.4,62.54
TXN-1710,2025-09-28,Software,Enterprise ERP License,Miami,East,Enterprise,Wire Transfer,Alice Smith,9,2308.88,490.19,20779.92,4411.71,2777.98,73.88,1457.97,8721.54,12058.38,58.03
TXN-1711,2024-05-11,Office Supplies,High-Speed Paper Shredder,Los Angeles,West,SMB,PayPal,Bob Jones,2,176.69,89.12,353.38,178.24,43.35,29.26,66.04,316.89,36.49,10.33
TXN-1712,2024-10-23,Electronics,Wireless Noise-Canceling Headset,Phoenix,West,Enterprise,PayPal,Charlie Davis,7,269.47,121.43,1886.29,850.01,211.4,48.92,185.61,1295.94,590.35,31.3
TXN-1713,2025-10-07,Electronics,Ultra-Wide Monitor 34,New York,East,SMB,Credit Card,Alice Smith,7,598.71,366.81,4190.97,2567.67,274.59,104.71,323.23,3270.2,920.77,21.97
TXN-1714,2025-08-05,Electronics,Laptop Pro 15,Seattle,West,Enterprise,PayPal,Diana Prince,10,1179.84,737.63,11798.4,7376.3,903.55,87.78,912.1,9279.73,2518.67,21.35
TXN-1715,2025-02-19,Office Supplies,High-Speed Paper Shredder,Austin,South,Enterprise,Credit Card,Bob Jones,9,176.46,91.48,1588.14,823.32,127.7,56.43,124.24,1131.69,456.45,28.74
TXN-1716,2024-09-22,Hardware,NAS Storage Enclosure,Los Angeles,West,Government,Credit Card,Diana Prince,21,764.96,480.31,16064.16,10086.51,1687.16,170.81,1199.06,13143.54,2920.62,18.18
TXN-1717,2025-07-23,Services,Cloud Migration Consulting,Boston,East,Enterprise,PayPal,Alice Smith,7,3545.72,1257.05,24820.04,8799.35,3001.16,64.64,1287.62,13152.77,11667.27,47.01
TXN-1718,2025-08-05,Electronics,Laptop Pro 15,Houston,South,SMB,Credit Card,Fiona Gallagher,4,1113.44,712.9,4453.76,2851.6,384.12,46.42,497.6,3779.74,674.02,15.13
TXN-1719,2025-02-02,Services,Cybersecurity Audit,Houston,South,SMB,PayPal,Charlie Davis,4,2302.38,824.24,9209.52,3296.96,1080.2,28.17,699.61,5104.94,4104.58,44.57
TXN-1720,2026-03-26,Electronics,Ultra-Wide Monitor 34,Phoenix,West,SMB,Direct Invoice,Evan Wright,6,617.08,389.82,3702.48,2338.92,228.66,79.01,248.17,2894.76,807.72,21.82
TXN-1721,2024-12-22,Electronics,Wireless Noise-Canceling Headset,Chicago,Midwest,Enterprise,Wire Transfer,Charlie Davis,11,235.35,124.63,2588.85,1370.93,289.79,72.99,164.01,1897.72,691.13,26.7
TXN-1722,2026-01-18,Electronics,Smart Display 10,Los Angeles,West,Government,Direct Invoice,Charlie Davis,16,367.38,205.94,5878.08,3295.04,412.67,224.53,644.38,4576.62,1301.46,22.14
TXN-1723,2024-03-25,Software,Security Firewall Pro,Boston,East,Consumer,Direct Invoice,Evan Wright,5,886.9,227.51,4434.5,1137.55,485.2,57.22,300.23,1980.2,2454.3,55.35
TXN-1724,2026-05-20,Software,Enterprise ERP License,Austin,South,Enterprise,Direct Invoice,Alice Smith,16,2605.7,524.66,41691.2,8394.56,5030.64,206.98,3962.78,17594.96,24096.24,57.8
TXN-1725,2025-10-27,Services,Cloud Migration Consulting,Boston,East,Government,Direct Invoice,Charlie Davis,32,3264.05,1160.62,104449.6,37139.84,6761.84,193.73,6613.02,50708.43,53741.17,51.45
TXN-1726,2025-06-04,Services,Cloud Migration Consulting,Houston,South,Consumer,Direct Invoice,Diana Prince,5,3703.97,1195.75,18519.85,5978.75,2214.04,55.97,2013.0,10261.76,8258.09,44.59
TXN-1727,2025-11-20,Services,Cybersecurity Audit,Chicago,Midwest,Government,PayPal,Alice Smith,27,2238.0,806.06,60426.0,21763.62,4416.53,168.73,3154.88,29503.76,30922.24,51.17
TXN-1728,2025-02-20,Hardware,NAS Storage Enclosure,Boston,East,SMB,Wire Transfer,Charlie Davis,4,823.98,482.32,3295.92,1929.28,249.78,32.69,281.69,2493.44,802.48,24.35
TXN-1729,2025-03-29,Office Supplies,Ergonomic Executive Desk,San Francisco,West,Consumer,Credit Card,Diana Prince,6,867.16,459.18,5202.96,2755.08,583.07,88.07,621.38,4047.6,1155.36,22.21
TXN-1730,2025-03-10,Electronics,Laptop Pro 15,Chicago,Midwest,SMB,Credit Card,Bob Jones,3,1194.01,734.53,3582.03,2203.59,294.4,30.01,259.81,2787.81,794.22,22.17
TXN-1731,2025-08-11,Services,Cybersecurity Audit,Phoenix,West,Consumer,Wire Transfer,Diana Prince,6,2367.39,786.66,14204.34,4719.96,1528.44,35.41,1338.16,7621.97,6582.37,46.34
TXN-1732,2024-01-19,Office Supplies,High-Speed Paper Shredder,Miami,East,Consumer,PayPal,Diana Prince,6,175.91,87.98,1055.46,527.88,131.49,52.02,147.19,858.58,196.88,18.65
TXN-1733,2025-01-15,Software,Cloud Storage Annual,Phoenix,West,Consumer,Wire Transfer,Evan Wright,5,372.25,76.01,1861.25,380.05,189.59,42.2,289.32,901.16,960.09,51.58
TXN-1734,2025-12-31,Hardware,Gigabit Switch 24-Port,Chicago,Midwest,Consumer,Direct Invoice,Charlie Davis,1,424.79,261.87,424.79,261.87,34.11,7.28,49.4,352.66,72.13,16.98
TXN-1735,2025-04-28,Office Supplies,Standing Desk Converter,Houston,South,Enterprise,Direct Invoice,Alice Smith,17,266.52,141.23,4530.84,2400.91,295.06,231.61,566.29,3493.87,1036.97,22.89
TXN-1736,2025-01-21,Hardware,NAS Storage Enclosure,Chicago,Midwest,SMB,Wire Transfer,Charlie Davis,5,724.22,482.06,3621.1,2410.3,292.6,54.38,326.39,3083.67,537.43,14.84
TXN-1737,2024-06-24,Electronics,Ultra-Wide Monitor 34,Boston,East,SMB,Direct Invoice,Alice Smith,7,673.99,395.88,4717.93,2771.16,627.25,86.73,371.83,3856.97,860.96,18.25
TXN-1738,2025-10-17,Services,Cybersecurity Audit,Los Angeles,West,Enterprise,PayPal,Fiona Gallagher,25,2112.94,794.94,52823.5,19873.5,5367.63,198.73,2730.83,28170.69,24652.81,46.67
TXN-1739,2024-01-18,Hardware,Rack Server Blade X,Los Angeles,West,SMB,Wire Transfer,Bob Jones,6,3276.85,2132.27,19661.1,12793.62,2683.69,30.18,1399.95,16907.44,2753.66,14.01
TXN-1740,2024-01-15,Hardware,Rack Server Blade X,Houston,South,Enterprise,Credit Card,Alice Smith,18,3422.34,2013.15,61602.12,36236.7,7634.91,251.75,7210.47,51333.83,10268.29,16.67
TXN-1741,2024-09-13,Hardware,Gigabit Switch 24-Port,Chicago,Midwest,SMB,Credit Card,Alice Smith,1,476.58,261.41,476.58,261.41,51.8,14.27,107.47,434.95,41.63,8.74
TXN-1742,2026-02-12,Services,Annual IT Maintenance Plan,Houston,South,SMB,Direct Invoice,Evan Wright,1,1709.43,609.1,1709.43,609.1,200.02,11.88,158.81,979.81,729.62,42.68
TXN-1743,2024-02-26,Services,Cloud Migration Consulting,Miami,East,SMB,Credit Card,Evan Wright,3,3493.92,1235.26,10481.76,3705.78,1183.48,18.23,943.7,5851.19,4630.57,44.18
TXN-1744,2025-05-30,Services,Cybersecurity Audit,Houston,South,SMB,PayPal,Evan Wright,3,2220.08,822.99,6660.24,2468.97,688.05,24.72,469.79,3651.53,3008.71,45.17
TXN-1745,2025-08-18,Software,Security Firewall Pro,New York,East,SMB,Credit Card,Fiona Gallagher,6,898.87,222.09,5393.22,1332.54,468.27,78.95,643.39,2523.15,2870.07,53.22
TXN-1746,2024-08-08,Hardware,NAS Storage Enclosure,New York,East,SMB,Wire Transfer,Bob Jones,4,787.86,473.12,3151.44,1892.48,261.75,30.28,349.25,2533.76,617.68,19.6
TXN-1747,2024-06-29,Electronics,Ultra-Wide Monitor 34,Chicago,Midwest,SMB,PayPal,Evan Wright,2,648.73,372.95,1297.46,745.9,98.82,29.05,135.68,1009.45,288.01,22.2
TXN-1748,2024-09-11,Software,Cloud Storage Annual,Miami,East,Government,Wire Transfer,Charlie Davis,30,379.06,78.76,11371.8,2362.8,738.3,230.99,1253.37,4585.46,6786.34,59.68
TXN-1749,2024-09-12,Electronics,Laptop Pro 15,Phoenix,West,Consumer,Credit Card,Alice Smith,5,1207.28,735.73,6036.4,3678.65,432.22,61.84,615.26,4787.97,1248.43,20.68
TXN-1750,2026-03-23,Office Supplies,Standing Desk Converter,Houston,South,Enterprise,Credit Card,Fiona Gallagher,5,286.96,138.86,1434.8,694.3,168.06,68.06,134.37,1064.79,370.01,25.79
TXN-1751,2024-11-15,Office Supplies,Ergonomic Executive Desk,Los Angeles,West,SMB,Direct Invoice,Alice Smith,7,826.79,446.56,5787.53,3125.92,611.92,98.2,528.06,4364.1,1423.43,24.59
TXN-1752,2025-02-13,Office Supplies,Ergonomic Executive Desk,Houston,South,Enterprise,Direct Invoice,Charlie Davis,29,916.11,456.14,26567.19,13228.06,3366.83,376.93,2006.39,18978.21,7588.98,28.57
TXN-1753,2024-10-01,Software,Cloud Storage Annual,New York,East,SMB,Credit Card,Fiona Gallagher,3,419.77,82.4,1259.31,247.2,121.6,33.2,185.86,587.86,671.45,53.32
TXN-1754,2024-11-28,Services,Annual IT Maintenance Plan,San Francisco,West,SMB,Wire Transfer,Evan Wright,7,1825.51,594.46,12778.57,4161.22,1432.4,88.76,1548.27,7230.65,5547.92,43.42
TXN-1755,2024-08-13,Software,Enterprise ERP License,Chicago,Midwest,SMB,PayPal,Bob Jones,2,2652.17,496.69,5304.34,993.38,493.13,10.71,503.37,2000.59,3303.75,62.28
TXN-1756,2025-06-05,Office Supplies,Mesh Office Chair,Phoenix,West,Enterprise,Wire Transfer,Charlie Davis,14,320.64,160.73,4488.96,2250.22,281.64,93.85,437.11,3062.82,1426.14,31.77
TXN-1757,2026-04-28,Hardware,NAS Storage Enclosure,Houston,South,Government,Credit Card,Evan Wright,20,739.59,485.1,14791.8,9702.0,1286.2,217.1,1091.64,12296.94,2494.86,16.87
TXN-1758,2024-04-10,Software,Enterprise ERP License,Seattle,West,SMB,Direct Invoice,Bob Jones,3,2417.26,475.3,7251.78,1425.9,653.36,16.89,871.25,2967.4,4284.38,59.08
TXN-1759,2024-12-13,Electronics,Smart Display 10,Austin,South,Enterprise,Credit Card,Alice Smith,26,363.9,208.12,9461.4,5411.12,1221.31,305.26,673.49,7611.18,1850.22,19.56
TXN-1760,2024-12-29,Hardware,Gigabit Switch 24-Port,Seattle,West,Consumer,PayPal,Bob Jones,3,474.86,260.66,1424.58,781.98,164.28,41.5,159.46,1147.22,277.36,19.47
TXN-1761,2026-06-16,Hardware,Rack Server Blade X,Miami,East,SMB,Direct Invoice,Bob Jones,4,3161.44,2027.12,12645.76,8108.48,1574.55,40.41,1534.41,11257.85,1387.91,10.98
TXN-1762,2025-08-12,Hardware,Gigabit Switch 24-Port,San Francisco,West,Enterprise,Credit Card,Evan Wright,19,457.15,257.89,8685.85,4899.91,821.23,105.25,798.64,6625.03,2060.82,23.73
TXN-1763,2024-11-03,Hardware,NAS Storage Enclosure,Houston,South,Enterprise,PayPal,Charlie Davis,6,810.94,465.45,4865.64,2792.7,594.5,79.93,399.13,3866.26,999.38,20.54
TXN-1764,2025-09-05,Electronics,Smart Display 10,Phoenix,West,Enterprise,Credit Card,Fiona Gallagher,29,335.94,201.81,9742.26,5852.49,639.18,152.63,717.41,7361.71,2380.55,24.44
TXN-1765,2024-02-16,Services,Cybersecurity Audit,Phoenix,West,SMB,Wire Transfer,Diana Prince,7,2272.09,787.13,15904.63,5509.91,1095.59,54.5,1695.33,8355.33,7549.3,47.47
TXN-1766,2024-08-09,Hardware,Gigabit Switch 24-Port,Houston,South,SMB,PayPal,Evan Wright,2,466.72,249.28,933.44,498.56,105.9,27.92,78.89,711.27,222.17,23.8
TXN-1767,2024-08-11,Hardware,Gigabit Switch 24-Port,Chicago,Midwest,SMB,Credit Card,Bob Jones,5,469.03,259.81,2345.15,1299.05,204.31,32.35,273.07,1808.78,536.37,22.87
TXN-1768,2024-01-20,Services,Annual IT Maintenance Plan,Los Angeles,West,Enterprise,Direct Invoice,Evan Wright,11,1771.76,620.74,19489.36,6828.14,1709.24,127.01,1997.32,10661.71,8827.65,45.29
TXN-1769,2025-02-23,Office Supplies,Standing Desk Converter,Los Angeles,West,Government,Direct Invoice,Fiona Gallagher,15,271.12,142.1,4066.8,2131.5,351.05,133.72,318.54,2934.81,1131.99,27.83
TXN-1770,2024-11-27,Office Supplies,Mesh Office Chair,Boston,East,Government,PayPal,Evan Wright,30,335.27,164.53,10058.1,4935.9,886.97,239.68,917.56,6980.11,3077.99,30.6
TXN-1771,2025-12-06,Hardware,Gigabit Switch 24-Port,Houston,South,Government,Wire Transfer,Fiona Gallagher,34,460.99,248.59,15673.66,8452.06,1599.44,338.86,1017.07,11407.43,4266.23,27.22
TXN-1772,2025-04-06,Services,Cybersecurity Audit,San Francisco,West,SMB,PayPal,Bob Jones,2,2327.08,809.25,4654.16,1618.5,284.0,23.9,422.82,2349.22,2304.94,49.52
TXN-1773,2025-01-15,Services,Cybersecurity Audit,Boston,East,Government,Credit Card,Diana Prince,24,2058.65,833.34,49407.6,20000.16,5178.6,156.92,5289.4,30625.08,18782.52,38.02
TXN-1774,2025-10-14,Electronics,Laptop Pro 15,Seattle,West,Government,Credit Card,Fiona Gallagher,24,1259.6,764.23,30230.4,18341.52,3566.87,287.55,2195.56,24391.5,5838.9,19.31
TXN-1775,2024-07-14,Software,Data Analytics Suite,Los Angeles,West,SMB,PayPal,Diana Prince,1,1500.68,286.56,1500.68,286.56,203.16,10.27,138.67,638.66,862.02,57.44
TXN-1776,2025-09-29,Office Supplies,High-Speed Paper Shredder,Chicago,Midwest,SMB,Direct Invoice,Charlie Davis,6,183.97,91.16,1103.82,546.96,115.13,89.18,178.39,929.66,174.16,15.78
TXN-1777,2024-09-26,Software,Security Firewall Pro,Los Angeles,West,Consumer,Credit Card,Alice Smith,5,894.77,218.76,4473.85,1093.8,472.74,51.35,292.57,1910.46,2563.39,57.3
TXN-1778,2024-09-28,Electronics,Smart Display 10,New York,East,Enterprise,Wire Transfer,Fiona Gallagher,29,328.91,209.6,9538.39,6078.4,872.74,210.95,651.37,7813.46,1724.93,18.08
TXN-1779,2026-06-14,Software,Cloud Storage Annual,Chicago,Midwest,Enterprise,Credit Card,Alice Smith,6,416.37,83.72,2498.22,502.32,172.79,48.86,302.55,1026.52,1471.7,58.91
TXN-1780,2024-06-27,Services,Cybersecurity Audit,Seattle,West,SMB,Direct Invoice,Fiona Gallagher,5,2083.89,820.95,10419.45,4104.75,1269.9,68.76,594.09,6037.5,4381.95,42.06
TXN-1781,2025-03-23,Software,Cloud Storage Annual,Phoenix,West,Consumer,PayPal,Charlie Davis,1,409.89,83.63,409.89,83.63,50.01,13.04,66.95,213.63,196.26,47.88
TXN-1782,2024-05-29,Office Supplies,Standing Desk Converter,New York,East,SMB,PayPal,Alice Smith,6,261.17,139.01,1567.02,834.06,163.51,49.72,216.0,1263.29,303.73,19.38
TXN-1783,2025-02-15,Services,Cybersecurity Audit,San Francisco,West,SMB,Direct Invoice,Bob Jones,3,2239.39,789.88,6718.17,2369.64,780.35,40.07,710.32,3900.38,2817.79,41.94
TXN-1784,2026-06-15,Services,Cybersecurity Audit,Chicago,Midwest,SMB,Direct Invoice,Diana Prince,5,2082.21,838.22,10411.05,4191.1,714.55,71.6,1237.87,6215.12,4195.93,40.3
TXN-1785,2024-03-01,Electronics,Laptop Pro 15,Boston,East,SMB,Direct Invoice,Alice Smith,1,1215.02,749.86,1215.02,749.86,129.23,7.87,117.0,1003.96,211.06,17.37
TXN-1786,2025-01-19,Services,Cloud Migration Consulting,Austin,South,Enterprise,Credit Card,Fiona Gallagher,18,3383.82,1222.07,60908.76,21997.26,7527.34,110.31,5346.24,34981.15,25927.61,42.57
TXN-1787,2025-12-31,Electronics,Smart Display 10,Chicago,Midwest,Consumer,Wire Transfer,Evan Wright,7,341.5,204.2,2390.5,1429.4,213.02,93.33,258.71,1994.46,396.04,16.57
TXN-1788,2025-04-08,Electronics,Smart Display 10,Seattle,West,Government,Wire Transfer,Evan Wright,31,345.79,198.34,10719.49,6148.54,1212.42,306.85,970.18,8637.99,2081.5,19.42
TXN-1789,2024-01-26,Software,Security Firewall Pro,Seattle,West,Enterprise,PayPal,Bob Jones,26,824.84,221.66,21445.84,5763.16,2917.65,353.37,1448.31,10482.49,10963.35,51.12
TXN-1790,2025-08-21,Office Supplies,Standing Desk Converter,Houston,South,Consumer,PayPal,Diana Prince,7,294.55,136.87,2061.85,958.09,277.17,60.52,262.85,1558.63,503.22,24.41
TXN-1791,2025-02-16,Services,Cybersecurity Audit,Austin,South,SMB,Direct Invoice,Bob Jones,4,2292.68,817.81,9170.72,3271.24,700.28,33.52,800.0,4805.04,4365.68,47.6
TXN-1792,2025-12-05,Software,Enterprise ERP License,Houston,South,SMB,Wire Transfer,Evan Wright,4,2390.35,505.61,9561.4,2022.44,904.87,22.84,866.73,3816.88,5744.52,60.08
TXN-1793,2025-09-14,Services,Annual IT Maintenance Plan,Chicago,Midwest,Enterprise,PayPal,Fiona Gallagher,8,1878.21,601.36,15025.68,4810.88,1091.58,49.98,990.46,6942.9,8082.78,53.79
TXN-1794,2025-10-25,Electronics,Laptop Pro 15,New York,East,SMB,Credit Card,Evan Wright,4,1285.11,752.08,5140.44,3008.32,530.51,38.44,422.83,4000.1,1140.34,22.18
TXN-1795,2024-03-02,Hardware,NAS Storage Enclosure,Los Angeles,West,SMB,PayPal,Bob Jones,5,775.99,487.56,3879.95,2437.8,510.62,44.65,500.16,3493.23,386.72,9.97
TXN-1796,2025-03-18,Software,Security Firewall Pro,Phoenix,West,Government,Credit Card,Diana Prince,14,875.79,223.94,12261.06,3135.16,983.12,152.14,1344.67,5615.09,6645.97,54.2
TXN-1797,2024-10-30,Services,Cybersecurity Audit,Boston,East,Government,Wire Transfer,Bob Jones,19,2362.5,800.92,44887.5,15217.48,5328.76,173.1,3404.67,24124.01,20763.49,46.26
TXN-1798,2024-05-04,Software,Cloud Storage Annual,Phoenix,West,SMB,Direct Invoice,Bob Jones,2,420.37,81.13,840.74,162.26,71.32,23.12,93.52,350.22,490.52,58.34
TXN-1799,2024-05-03,Services,Cloud Migration Consulting,San Francisco,West,Enterprise,Wire Transfer,Charlie Davis,18,3426.39,1255.2,61675.02,22593.6,7748.66,243.71,3863.41,34449.38,27225.64,44.14
TXN-1800,2026-03-31,Hardware,NAS Storage Enclosure,Houston,South,Enterprise,Wire Transfer,Charlie Davis,21,751.78,465.59,15787.38,9777.39,1240.08,272.57,1432.04,12722.08,3065.3,19.42
TXN-1801,2024-07-11,Electronics,Wireless Noise-Canceling Headset,San Francisco,West,Enterprise,Credit Card,Bob Jones,13,258.84,122.74,3364.92,1595.62,201.91,189.01,434.27,2420.81,944.11,28.06
TXN-1802,2026-01-09,Hardware,Gigabit Switch 24-Port,San Francisco,West,Consumer,PayPal,Diana Prince,6,483.11,264.64,2898.66,1587.84,306.23,86.74,290.77,2271.58,627.08,21.63
TXN-1803,2025-09-15,Office Supplies,Ergonomic Executive Desk,Houston,South,Enterprise,PayPal,Fiona Gallagher,26,889.7,453.74,23132.2,11797.24,3069.95,374.92,1304.9,16547.01,6585.19,28.47
TXN-1804,2024-10-14,Office Supplies,High-Speed Paper Shredder,Austin,South,SMB,PayPal,Fiona Gallagher,6,169.27,86.34,1015.62,518.04,108.81,61.93,143.69,832.47,183.15,18.03
TXN-1805,2025-10-20,Office Supplies,High-Speed Paper Shredder,Austin,South,SMB,PayPal,Alice Smith,1,179.31,86.6,179.31,86.6,24.07,9.54,60.21,180.42,-1.11,-0.62
TXN-1806,2024-05-13,Hardware,NAS Storage Enclosure,Houston,South,SMB,Wire Transfer,Evan Wright,6,804.79,489.79,4828.74,2938.74,479.99,84.89,453.81,3957.43,871.31,18.04
TXN-1807,2026-02-27,Electronics,Wireless Noise-Canceling Headset,Los Angeles,West,SMB,PayPal,Diana Prince,5,260.83,117.93,1304.15,589.65,103.52,33.45,163.73,890.35,413.8,31.73
TXN-1808,2024-08-02,Services,Cybersecurity Audit,Miami,East,Enterprise,Direct Invoice,Alice Smith,23,2128.35,782.41,48952.05,17995.43,3508.95,181.51,3560.37,25246.26,23705.79,48.43
TXN-1809,2025-01-17,Services,Annual IT Maintenance Plan,Chicago,Midwest,Enterprise,Direct Invoice,Alice Smith,19,1943.04,623.6,36917.76,11848.4,3731.29,251.81,4030.25,19861.75,17056.01,46.2
TXN-1810,2024-08-20,Hardware,Rack Server Blade X,Chicago,Midwest,Consumer,Wire Transfer,Diana Prince,2,3206.16,2110.26,6412.32,4220.52,660.89,21.3,820.59,5723.3,689.02,10.75
TXN-1811,2025-05-23,Office Supplies,High-Speed Paper Shredder,Chicago,Midwest,Enterprise,Credit Card,Evan Wright,12,167.45,87.12,2009.4,1045.44,243.64,119.22,268.18,1676.48,332.92,16.57
TXN-1812,2025-08-02,Services,Cloud Migration Consulting,New York,East,SMB,Direct Invoice,Evan Wright,3,3670.81,1184.39,11012.43,3553.17,1232.1,36.76,785.32,5607.35,5405.08,49.08
TXN-1813,2026-04-13,Services,Cloud Migration Consulting,Miami,East,Enterprise,Credit Card,Fiona Gallagher,23,3336.49,1180.53,76739.27,27152.19,9575.06,275.01,7997.04,44999.3,31739.97,41.36
TXN-1814,2024-10-11,Electronics,Laptop Pro 15,Houston,South,SMB,Direct Invoice,Evan Wright,6,1163.64,747.07,6981.84,4482.42,795.37,62.49,827.0,6167.28,814.56,11.67
TXN-1815,2024-08-05,Office Supplies,Standing Desk Converter,Chicago,Midwest,Consumer,Credit Card,Evan Wright,6,295.96,134.57,1775.76,807.42,155.95,82.59,138.55,1184.51,591.25,33.3
TXN-1816,2025-03-17,Electronics,Ultra-Wide Monitor 34,Austin,South,Consumer,Credit Card,Bob Jones,3,609.8,381.77,1829.4,1145.31,213.57,16.5,168.52,1543.9,285.5,15.61
TXN-1817,2024-03-06,Services,Cloud Migration Consulting,Phoenix,West,Enterprise,PayPal,Evan Wright,16,3262.31,1169.6,52196.96,18713.6,6035.3,145.51,5849.59,30744.0,21452.96,41.1
TXN-1818,2024-02-18,Office Supplies,Standing Desk Converter,San Francisco,West,SMB,Credit Card,Bob Jones,7,296.87,145.77,2078.09,1020.39,168.9,67.35,260.73,1517.37,560.72,26.98
TXN-1819,2025-09-04,Electronics,Wireless Noise-Canceling Headset,Los Angeles,West,SMB,Credit Card,Fiona Gallagher,3,251.58,115.55,754.74,346.65,77.08,26.87,117.76,568.36,186.38,24.69
TXN-1820,2025-12-03,Electronics,Wireless Noise-Canceling Headset,Seattle,West,Enterprise,Wire Transfer,Fiona Gallagher,21,251.39,116.39,5279.19,2444.19,531.47,138.05,577.15,3690.86,1588.33,30.09
TXN-1821,2025-10-08,Services,Annual IT Maintenance Plan,Miami,East,Consumer,Wire Transfer,Fiona Gallagher,6,1805.03,625.46,10830.18,3752.76,1125.54,64.98,922.95,5866.23,4963.95,45.83
TXN-1822,2024-11-11,Office Supplies,Ergonomic Executive Desk,Seattle,West,Enterprise,Credit Card,Bob Jones,11,830.18,457.27,9131.98,5029.97,1278.11,83.94,886.64,7278.66,1853.32,20.29
TXN-1823,2026-02-02,Software,Data Analytics Suite,Phoenix,West,Government,Credit Card,Diana Prince,18,1515.03,289.04,27270.54,5202.72,1965.48,232.68,3094.81,10495.69,16774.85,61.51
TXN-1824,2024-01-16,Office Supplies,High-Speed Paper Shredder,Seattle,West,SMB,Credit Card,Charlie Davis,1,194.12,86.18,194.12,86.18,21.92,9.48,63.23,180.81,13.31,6.86
TXN-1825,2025-06-04,Office Supplies,Ergonomic Executive Desk,Chicago,Midwest,Enterprise,Credit Card,Fiona Gallagher,9,875.83,467.28,7882.47,4205.52,603.47,127.64,922.65,5859.28,2023.19,25.67
TXN-1826,2025-07-16,Electronics,Laptop Pro 15,Boston,East,Enterprise,PayPal,Charlie Davis,28,1134.76,713.08,31773.28,19966.24,3820.37,169.78,1791.98,25748.37,6024.91,18.96
TXN-1827,2025-05-14,Services,Cybersecurity Audit,Chicago,Midwest,Enterprise,Credit Card,Evan Wright,10,2316.86,805.75,23168.6,8057.5,2472.35,70.98,1326.5,11927.33,11241.27,48.52
TXN-1828,2025-11-10,Services,Cybersecurity Audit,Boston,East,Government,Wire Transfer,Diana Prince,26,2157.04,797.09,56083.04,20724.34,3762.15,288.34,3965.24,28740.07,27342.97,48.75
TXN-1829,2026-03-09,Office Supplies,Ergonomic Executive Desk,Boston,East,SMB,Credit Card,Evan Wright,3,815.04,456.4,2445.12,1369.2,200.71,21.52,215.2,1806.63,638.49,26.11
TXN-1830,2025-07-12,Office Supplies,Mesh Office Chair,Houston,South,SMB,Credit Card,Diana Prince,4,299.24,167.82,1196.96,671.28,162.7,23.13,179.84,1036.95,160.01,13.37
TXN-1831,2024-02-04,Office Supplies,High-Speed Paper Shredder,New York,East,SMB,Credit Card,Fiona Gallagher,7,182.95,86.14,1280.65,602.98,83.93,49.73,157.25,893.89,386.76,30.2
TXN-1832,2024-09-10,Software,Security Firewall Pro,Houston,South,Enterprise,Wire Transfer,Bob Jones,14,894.46,211.16,12522.44,2956.24,1456.55,117.31,973.79,5503.89,7018.55,56.05
TXN-1833,2025-05-31,Services,Annual IT Maintenance Plan,Seattle,West,Enterprise,Wire Transfer,Evan Wright,22,1825.0,619.97,40150.0,13639.34,2641.14,261.95,3551.13,20093.56,20056.44,49.95
TXN-1834,2026-01-17,Software,Enterprise ERP License,Seattle,West,Consumer,Direct Invoice,Alice Smith,3,2424.55,518.59,7273.65,1555.77,527.12,21.19,754.81,2858.89,4414.76,60.7
TXN-1835,2024-12-27,Software,Data Analytics Suite,New York,East,Enterprise,PayPal,Bob Jones,25,1477.3,295.12,36932.5,7378.0,2257.91,163.35,2959.49,12758.75,24173.75,65.45
TXN-1836,2024-01-27,Hardware,Gigabit Switch 24-Port,Los Angeles,West,Consumer,Wire Transfer,Bob Jones,6,467.21,257.32,2803.26,1543.92,227.16,52.53,278.42,2102.03,701.23,25.01
TXN-1837,2025-01-10,Office Supplies,Ergonomic Executive Desk,San Francisco,West,SMB,Direct Invoice,Evan Wright,6,787.97,456.92,4727.82,2741.52,576.39,78.83,432.04,3828.78,899.04,19.02
TXN-1838,2024-01-08,Electronics,Laptop Pro 15,Los Angeles,West,SMB,PayPal,Charlie Davis,3,1292.68,777.02,3878.04,2331.06,446.1,43.16,421.41,3241.73,636.31,16.41
TXN-1839,2024-10-03,Office Supplies,High-Speed Paper Shredder,San Francisco,West,SMB,PayPal,Charlie Davis,3,182.75,93.35,548.25,280.05,34.98,26.56,95.21,436.8,111.45,20.33
TXN-1840,2024-03-06,Office Supplies,Ergonomic Executive Desk,Phoenix,West,Enterprise,Credit Card,Charlie Davis,10,784.52,447.2,7845.2,4472.0,484.29,98.36,706.72,5761.37,2083.83,26.56
TXN-1841,2025-11-14,Software,Enterprise ERP License,Phoenix,West,Consumer,Credit Card,Evan Wright,7,2427.18,501.6,16990.26,3511.2,1714.38,101.81,1480.65,6808.04,10182.22,59.93
TXN-1842,2024-10-06,Software,Data Analytics Suite,Seattle,West,Government,PayPal,Bob Jones,12,1576.14,301.81,18913.68,3621.72,1520.67,91.51,1035.98,6269.88,12643.8,66.85
TXN-1843,2024-07-24,Software,Enterprise ERP License,New York,East,SMB,Credit Card,Charlie Davis,3,2506.03,509.29,7518.09,1527.87,841.74,27.73,628.01,3025.35,4492.74,59.76
TXN-1844,2025-09-11,Office Supplies,Standing Desk Converter,Chicago,Midwest,Enterprise,PayPal,Evan Wright,21,260.94,145.8,5479.74,3061.8,337.83,307.09,496.1,4202.82,1276.92,23.3
TXN-1845,2024-06-23,Office Supplies,Ergonomic Executive Desk,Seattle,West,Enterprise,PayPal,Fiona Gallagher,7,835.5,465.59,5848.5,3259.13,550.65,73.64,451.58,4335.0,1513.5,25.88
TXN-1846,2026-01-16,Electronics,Ultra-Wide Monitor 34,New York,East,Enterprise,Direct Invoice,Diana Prince,28,681.21,374.15,19073.88,10476.2,1407.82,140.74,1596.87,13621.63,5452.25,28.58
TXN-1847,2025-07-26,Software,Cloud Storage Annual,San Francisco,West,SMB,Direct Invoice,Bob Jones,5,398.66,76.14,1993.3,380.7,236.63,28.68,255.03,901.04,1092.26,54.8
TXN-1848,2026-01-18,Services,Cloud Migration Consulting,Boston,East,Consumer,Direct Invoice,Fiona Gallagher,5,3761.06,1238.52,18805.3,6192.6,1435.95,34.31,1133.98,8796.84,10008.46,53.22
TXN-1849,2024-01-03,Hardware,Gigabit Switch 24-Port,Houston,South,SMB,Wire Transfer,Charlie Davis,5,458.78,257.28,2293.9,1286.4,278.61,46.26,239.21,1850.48,443.42,19.33
TXN-1850,2024-09-01,Software,Security Firewall Pro,Austin,South,SMB,PayPal,Evan Wright,1,908.86,216.59,908.86,216.59,62.27,9.92,127.63,416.41,492.45,54.18
TXN-1851,2024-07-22,Office Supplies,Mesh Office Chair,New York,East,Enterprise,Credit Card,Alice Smith,25,341.77,154.35,8544.25,3858.75,1176.27,361.87,989.15,6386.04,2158.21,25.26
TXN-1852,2025-11-25,Services,Cybersecurity Audit,Miami,East,SMB,Credit Card,Charlie Davis,2,2085.82,793.71,4171.64,1587.42,515.23,19.3,445.26,2567.21,1604.43,38.46
TXN-1853,2026-01-26,Hardware,NAS Storage Enclosure,Chicago,Midwest,SMB,Direct Invoice,Alice Smith,2,771.47,458.51,1542.94,917.02,104.37,23.18,169.02,1213.59,329.35,21.35
TXN-1854,2026-02-07,Electronics,Laptop Pro 15,San Francisco,West,Consumer,Direct Invoice,Bob Jones,5,1197.71,765.9,5988.55,3829.5,775.61,71.7,464.84,5141.65,846.9,14.14
TXN-1855,2024-11-16,Electronics,Smart Display 10,Los Angeles,West,Enterprise,Wire Transfer,Alice Smith,8,346.03,196.1,2768.24,1568.8,222.9,87.5,177.03,2056.23,712.01,25.72
TXN-1856,2025-05-18,Software,Security Firewall Pro,Seattle,West,Consumer,PayPal,Diana Prince,1,844.61,217.02,844.61,217.02,74.53,11.36,147.36,450.27,394.34,46.69
TXN-1857,2024-09-28,Office Supplies,Ergonomic Executive Desk,Chicago,Midwest,Consumer,Wire Transfer,Diana Prince,1,886.87,457.26,886.87,457.26,82.26,13.95,134.17,687.64,199.23,22.46
TXN-1858,2026-06-03,Hardware,Gigabit Switch 24-Port,New York,East,Consumer,Credit Card,Fiona Gallagher,3,470.68,257.63,1412.04,772.89,177.73,35.42,217.6,1203.64,208.4,14.76
TXN-1859,2026-05-22,Office Supplies,Ergonomic Executive Desk,Boston,East,Enterprise,Credit Card,Fiona Gallagher,25,882.08,465.23,22052.0,11630.75,2998.34,342.34,1888.82,16860.25,5191.75,23.54
TXN-1860,2025-09-22,Services,Annual IT Maintenance Plan,San Francisco,West,SMB,Credit Card,Fiona Gallagher,4,1937.76,613.7,7751.04,2454.8,864.24,33.4,443.56,3796.0,3955.04,51.03
TXN-1861,2024-04-16,Hardware,Gigabit Switch 24-Port,Boston,East,SMB,Wire Transfer,Fiona Gallagher,2,432.84,259.9,865.68,519.8,80.92,25.57,142.26,768.55,97.13,11.22
TXN-1862,2024-04-13,Software,Cloud Storage Annual,Austin,South,Government,Direct Invoice,Charlie Davis,25,391.68,78.23,9792.0,1955.75,728.83,263.13,669.31,3617.02,6174.98,63.06
TXN-1863,2026-02-24,Office Supplies,High-Speed Paper Shredder,Boston,East,SMB,Direct Invoice,Evan Wright,2,182.11,87.48,364.22,174.96,46.98,24.85,77.19,323.98,40.24,11.05
TXN-1864,2025-08-10,Services,Cloud Migration Consulting,San Francisco,West,Enterprise,PayPal,Bob Jones,29,3220.13,1160.22,93383.77,33646.38,5830.31,240.16,10631.72,50348.57,43035.2,46.08
TXN-1865,2025-10-31,Electronics,Smart Display 10,Boston,East,Enterprise,Direct Invoice,Alice Smith,19,346.3,195.56,6579.7,3715.64,852.68,209.94,663.74,5442.0,1137.7,17.29
TXN-1866,2024-08-14,Hardware,Gigabit Switch 24-Port,New York,East,Consumer,PayPal,Diana Prince,4,454.88,272.52,1819.52,1090.08,239.91,58.11,207.37,1595.47,224.05,12.31
TXN-1867,2025-04-17,Services,Cybersecurity Audit,New York,East,Enterprise,Direct Invoice,Diana Prince,17,2125.85,780.28,36139.45,13264.76,3125.01,130.87,3147.19,19667.83,16471.62,45.58
TXN-1868,2024-04-20,Software,Data Analytics Suite,Seattle,West,Enterprise,Direct Invoice,Diana Prince,15,1558.03,307.7,23370.45,4615.5,2649.1,110.1,2184.83,9559.53,13810.92,59.1
TXN-1869,2025-10-07,Software,Cloud Storage Annual,Los Angeles,West,SMB,Direct Invoice,Evan Wright,5,406.38,77.42,2031.9,387.1,171.29,41.84,252.25,852.48,1179.42,58.05
TXN-1870,2024-01-15,Electronics,Laptop Pro 15,Phoenix,West,Enterprise,PayPal,Bob Jones,25,1179.4,758.7,29485.0,18967.5,2062.15,269.87,2893.39,24192.91,5292.09,17.95
TXN-1871,2024-05-26,Office Supplies,High-Speed Paper Shredder,Phoenix,West,SMB,Wire Transfer,Alice Smith,2,179.57,93.65,359.14,187.3,45.54,12.95,81.89,327.68,31.46,8.76
TXN-1872,2024-07-07,Hardware,Gigabit Switch 24-Port,Houston,South,Government,PayPal,Charlie Davis,28,476.33,247.83,13337.24,6939.24,1487.23,353.63,1449.09,10229.19,3108.05,23.3
TXN-1873,2024-05-11,Electronics,Ultra-Wide Monitor 34,Boston,East,SMB,PayPal,Fiona Gallagher,6,642.65,397.71,3855.9,2386.26,417.7,74.95,501.02,3379.93,475.97,12.34
TXN-1874,2026-06-05,Software,Data Analytics Suite,San Francisco,West,Enterprise,Direct Invoice,Charlie Davis,26,1444.86,300.14,37566.36,7803.64,5185.87,290.23,4417.62,17697.36,19869.0,52.89
TXN-1875,2025-08-17,Office Supplies,Ergonomic Executive Desk,New York,East,Consumer,Credit Card,Fiona Gallagher,5,917.08,428.02,4585.4,2140.1,385.02,56.16,406.9,2988.18,1597.22,34.83
TXN-1876,2026-06-11,Office Supplies,Standing Desk Converter,Miami,East,Government,Direct Invoice,Evan Wright,29,288.94,139.52,8379.26,4046.08,845.99,184.71,650.25,5727.03,2652.23,31.65
TXN-1877,2024-11-05,Software,Data Analytics Suite,New York,East,SMB,Wire Transfer,Diana Prince,7,1519.97,291.9,10639.79,2043.3,764.48,80.77,1104.47,3993.02,6646.77,62.47
TXN-1878,2025-07-31,Office Supplies,Standing Desk Converter,Phoenix,West,Government,Credit Card,Bob Jones,31,261.49,137.72,8106.19,4269.32,570.03,317.17,819.21,5975.73,2130.46,26.28
TXN-1879,2024-08-12,Software,Cloud Storage Annual,San Francisco,West,Enterprise,Direct Invoice,Fiona Gallagher,26,407.19,81.73,10586.94,2124.98,988.18,326.9,730.85,4170.91,6416.03,60.6
TXN-1880,2024-10-14,Hardware,Rack Server Blade X,Chicago,Midwest,SMB,Wire Transfer,Alice Smith,1,3067.5,2030.31,3067.5,2030.31,422.6,11.18,404.37,2868.46,199.04,6.49
TXN-1881,2025-11-24,Hardware,Gigabit Switch 24-Port,Chicago,Midwest,SMB,PayPal,Charlie Davis,2,426.07,253.83,852.14,507.66,53.57,24.09,97.62,682.94,169.2,19.86
TXN-1882,2026-03-17,Electronics,Smart Display 10,Austin,South,Government,Credit Card,Diana Prince,36,377.46,203.66,13588.56,7331.76,1514.88,185.48,1527.36,10559.48,3029.08,22.29
TXN-1883,2024-07-12,Electronics,Ultra-Wide Monitor 34,Phoenix,West,Enterprise,Direct Invoice,Alice Smith,27,645.87,362.5,17438.49,9787.5,1066.5,167.19,1718.3,12739.49,4699.0,26.95
TXN-1884,2026-05-05,Software,Enterprise ERP License,Austin,South,Government,Credit Card,Diana Prince,22,2549.97,513.99,56099.34,11307.78,6884.18,224.24,6217.59,24633.79,31465.55,56.09
TXN-1885,2025-06-13,Services,Cloud Migration Consulting,Chicago,Midwest,SMB,Direct Invoice,Evan Wright,4,3425.1,1192.1,13700.4,4768.4,965.74,38.21,1531.97,7304.32,6396.08,46.69
TXN-1886,2025-08-17,Office Supplies,High-Speed Paper Shredder,New York,East,SMB,Credit Card,Bob Jones,6,178.9,85.69,1073.4,514.14,83.94,58.54,157.18,813.8,259.6,24.18
TXN-1887,2025-06-10,Software,Data Analytics Suite,Seattle,West,SMB,Wire Transfer,Bob Jones,3,1478.62,301.16,4435.86,903.48,355.03,41.73,354.07,1654.31,2781.55,62.71
TXN-1888,2024-02-16,Hardware,NAS Storage Enclosure,San Francisco,West,Enterprise,Wire Transfer,Evan Wright,20,782.5,488.64,15650.0,9772.8,1046.36,192.18,1676.29,12687.63,2962.37,18.93
TXN-1889,2024-06-03,Office Supplies,Standing Desk Converter,Miami,East,SMB,PayPal,Charlie Davis,4,295.73,138.98,1182.92,555.92,162.01,48.92,176.22,943.07,239.85,20.28
TXN-1890,2024-09-09,Services,Cybersecurity Audit,New York,East,Enterprise,Direct Invoice,Bob Jones,17,2367.72,816.02,40251.24,13872.34,4032.54,113.27,4037.53,22055.68,18195.56,45.2
TXN-1891,2024-04-15,Office Supplies,Ergonomic Executive Desk,Los Angeles,West,Consumer,Direct Invoice,Fiona Gallagher,5,856.2,459.31,4281.0,2296.55,527.56,34.69,343.24,3202.04,1078.96,25.2
TXN-1892,2024-10-19,Office Supplies,Standing Desk Converter,Miami,East,Consumer,Credit Card,Diana Prince,3,273.15,138.87,819.45,416.61,50.28,25.95,107.04,599.88,219.57,26.79
TXN-1893,2024-04-16,Hardware,NAS Storage Enclosure,Austin,South,SMB,Credit Card,Diana Prince,2,815.86,503.24,1631.72,1006.48,100.5,23.98,132.9,1263.86,367.86,22.54
TXN-1894,2024-12-27,Software,Security Firewall Pro,San Francisco,West,Enterprise,Direct Invoice,Fiona Gallagher,26,807.06,213.69,20983.56,5555.94,1714.04,209.1,1867.68,9346.76,11636.8,55.46
TXN-1895,2025-10-12,Hardware,NAS Storage Enclosure,Houston,South,SMB,Wire Transfer,Diana Prince,6,819.08,485.36,4914.48,2912.16,601.18,73.14,439.09,4025.57,888.91,18.09
TXN-1896,2025-04-19,Hardware,Rack Server Blade X,Seattle,West,SMB,Wire Transfer,Diana Prince,2,3454.48,2090.73,6908.96,4181.46,828.43,23.34,887.72,5920.95,988.01,14.3
TXN-1897,2026-02-12,Hardware,Gigabit Switch 24-Port,Austin,South,Enterprise,PayPal,Fiona Gallagher,15,436.79,264.61,6551.85,3969.15,646.82,221.74,770.03,5607.74,944.11,14.41
TXN-1898,2025-02-09,Office Supplies,High-Speed Paper Shredder,Miami,East,SMB,Wire Transfer,Bob Jones,5,186.46,93.67,932.3,468.35,73.52,70.41,145.4,757.68,174.62,18.73
TXN-1899,2024-01-09,Electronics,Laptop Pro 15,New York,East,SMB,Direct Invoice,Charlie Davis,2,1210.5,718.53,2421.0,1437.06,298.3,18.46,291.94,2045.76,375.24,15.5
TXN-1900,2024-12-01,Electronics,Smart Display 10,Seattle,West,Government,Wire Transfer,Bob Jones,10,335.03,199.83,3350.3,1998.3,434.86,121.21,328.87,2883.24,467.06,13.94
TXN-1901,2026-06-16,Office Supplies,Standing Desk Converter,San Francisco,West,Enterprise,Wire Transfer,Diana Prince,24,270.45,138.63,6490.8,3327.12,773.45,352.44,601.26,5054.27,1436.53,22.13
TXN-1902,2025-05-11,Software,Security Firewall Pro,Los Angeles,West,Enterprise,Direct Invoice,Fiona Gallagher,6,854.27,213.43,5125.62,1280.58,424.27,75.91,464.08,2244.84,2880.78,56.2
TXN-1903,2026-04-16,Software,Security Firewall Pro,Austin,South,Enterprise,PayPal,Fiona Gallagher,28,789.83,226.1,22115.24,6330.8,2004.67,232.51,1840.18,10408.16,11707.08,52.94
TXN-1904,2025-09-03,Hardware,Rack Server Blade X,New York,East,SMB,PayPal,Diana Prince,3,3246.85,2127.93,9740.55,6383.79,625.75,22.29,1052.38,8084.21,1656.34,17.0
TXN-1905,2026-03-13,Software,Security Firewall Pro,Austin,South,Consumer,Credit Card,Charlie Davis,6,801.41,215.81,4808.46,1294.86,507.43,44.76,476.32,2323.37,2485.09,51.68
TXN-1906,2024-05-28,Hardware,Gigabit Switch 24-Port,Seattle,West,Enterprise,Credit Card,Alice Smith,10,434.07,251.13,4340.7,2511.3,328.39,147.3,299.71,3286.7,1054.0,24.28
TXN-1907,2025-08-20,Office Supplies,Mesh Office Chair,Los Angeles,West,Enterprise,PayPal,Diana Prince,17,306.55,156.62,5211.35,2662.54,703.74,225.36,540.05,4131.69,1079.66,20.72
TXN-1908,2025-12-19,Hardware,NAS Storage Enclosure,Austin,South,Enterprise,Wire Transfer,Charlie Davis,8,810.67,465.85,6485.36,3726.8,541.09,67.69,734.08,5069.66,1415.7,21.83
TXN-1909,2026-02-10,Services,Cybersecurity Audit,San Francisco,West,SMB,Credit Card,Bob Jones,6,2151.84,782.97,12911.04,4697.82,1291.86,57.36,1018.46,7065.5,5845.54,45.28
TXN-1910,2024-08-17,Office Supplies,High-Speed Paper Shredder,Austin,South,Government,Direct Invoice,Fiona Gallagher,36,172.96,91.02,6226.56,3276.72,844.34,197.38,367.78,4686.22,1540.34,24.74
TXN-1911,2024-04-18,Electronics,Smart Display 10,Seattle,West,SMB,Credit Card,Fiona Gallagher,5,354.57,193.36,1772.85,966.8,166.6,48.05,112.19,1293.64,479.21,27.03
TXN-1912,2024-06-16,Office Supplies,Standing Desk Converter,Los Angeles,West,SMB,Credit Card,Charlie Davis,2,277.13,141.72,554.26,283.44,70.53,23.65,83.5,461.12,93.14,16.8
TXN-1913,2024-12-11,Electronics,Smart Display 10,Miami,East,SMB,Direct Invoice,Alice Smith,3,363.87,195.05,1091.61,585.15,101.71,17.47,127.15,831.48,260.13,23.83
TXN-1914,2026-06-22,Software,Security Firewall Pro,Seattle,West,SMB,Wire Transfer,Bob Jones,3,783.22,214.18,2349.66,642.54,166.87,33.36,196.59,1039.36,1310.3,55.77
TXN-1915,2025-11-15,Office Supplies,Mesh Office Chair,New York,East,Enterprise,Wire Transfer,Alice Smith,13,310.68,164.74,4038.84,2141.62,381.83,123.89,409.73,3057.07,981.77,24.31
TXN-1916,2024-07-02,Electronics,Smart Display 10,New York,East,Enterprise,Credit Card,Alice Smith,5,340.05,201.16,1700.25,1005.8,219.17,36.2,252.99,1514.16,186.09,10.94
TXN-1917,2024-01-27,Hardware,NAS Storage Enclosure,Houston,South,SMB,Wire Transfer,Charlie Davis,3,773.19,490.28,2319.57,1470.84,300.16,16.29,280.38,2067.67,251.9,10.86
TXN-1918,2024-06-28,Services,Cloud Migration Consulting,Houston,South,Enterprise,PayPal,Bob Jones,29,3551.59,1238.34,102996.11,35911.86,12979.99,164.26,6420.33,55476.44,47519.67,46.14
TXN-1919,2024-11-09,Office Supplies,Standing Desk Converter,Houston,South,Consumer,Wire Transfer,Charlie Davis,5,274.71,140.61,1373.55,703.05,133.84,31.36,155.51,1023.76,349.79,25.47
TXN-1920,2025-05-17,Office Supplies,Mesh Office Chair,Boston,East,Enterprise,PayPal,Bob Jones,24,294.85,155.05,7076.4,3721.2,957.26,245.08,899.28,5822.82,1253.58,17.71
TXN-1921,2025-12-03,Services,Cloud Migration Consulting,Boston,East,Enterprise,PayPal,Fiona Gallagher,6,3418.39,1248.71,20510.34,7492.26,2708.95,88.59,2347.95,12637.75,7872.59,38.38
TXN-1922,2024-03-24,Electronics,Ultra-Wide Monitor 34,Phoenix,West,Consumer,Wire Transfer,Alice Smith,4,653.1,373.23,2612.4,1492.92,172.42,55.83,305.78,2026.95,585.45,22.41
TXN-1923,2024-09-18,Hardware,NAS Storage Enclosure,Houston,South,SMB,Credit Card,Alice Smith,6,719.83,472.07,4318.98,2832.42,322.67,70.81,286.92,3512.82,806.16,18.67
TXN-1924,2025-05-04,Software,Enterprise ERP License,New York,East,Government,PayPal,Bob Jones,20,2559.5,518.56,51190.0,10371.2,6135.92,273.75,4547.25,21328.12,29861.88,58.34
TXN-1925,2024-12-12,Electronics,Laptop Pro 15,Houston,South,SMB,Direct Invoice,Alice Smith,4,1271.86,722.59,5087.44,2890.36,375.57,34.31,414.8,3715.04,1372.4,26.98
TXN-1926,2024-07-26,Hardware,NAS Storage Enclosure,Phoenix,West,SMB,Direct Invoice,Fiona Gallagher,6,724.54,479.46,4347.24,2876.76,462.24,67.04,378.92,3784.96,562.28,12.93
TXN-1927,2024-09-14,Hardware,Rack Server Blade X,San Francisco,West,Government,PayPal,Alice Smith,13,3079.96,2115.09,40039.48,27496.17,5266.96,126.78,4683.78,37573.69,2465.79,6.16
TXN-1928,2026-04-29,Electronics,Ultra-Wide Monitor 34,Miami,East,SMB,PayPal,Evan Wright,3,695.42,392.42,2086.26,1177.26,266.11,32.07,236.23,1711.67,374.59,17.96
TXN-1929,2026-03-30,Software,Security Firewall Pro,Seattle,West,SMB,Wire Transfer,Bob Jones,2,788.52,228.41,1577.04,456.82,150.69,21.78,114.42,743.71,833.33,52.84
TXN-1930,2024-09-04,Electronics,Smart Display 10,Phoenix,West,SMB,Credit Card,Charlie Davis,5,326.12,194.45,1630.6,972.25,195.48,46.86,216.08,1430.67,199.93,12.26
TXN-1931,2024-10-22,Electronics,Laptop Pro 15,Phoenix,West,Enterprise,Credit Card,Alice Smith,20,1161.19,746.69,23223.8,14933.8,1525.72,259.74,1620.24,18339.5,4884.3,21.03
TXN-1932,2026-05-23,Software,Cloud Storage Annual,Phoenix,West,Consumer,Direct Invoice,Diana Prince,4,415.65,77.07,1662.6,308.28,117.45,20.89,124.75,571.37,1091.23,65.63
TXN-1933,2026-04-09,Services,Cybersecurity Audit,Phoenix,West,Enterprise,PayPal,Alice Smith,20,2064.9,804.4,41298.0,16088.0,3426.78,288.04,4346.29,24149.11,17148.89,41.52
TXN-1934,2025-08-12,Electronics,Ultra-Wide Monitor 34,Chicago,Midwest,Enterprise,Direct Invoice,Bob Jones,18,632.22,364.61,11379.96,6562.98,1590.33,138.21,1277.04,9568.56,1811.4,15.92
TXN-1935,2025-07-05,Electronics,Wireless Noise-Canceling Headset,New York,East,SMB,Credit Card,Evan Wright,2,260.26,121.33,520.52,242.66,46.4,14.2,103.49,406.75,113.77,21.86
TXN-1936,2025-06-12,Services,Annual IT Maintenance Plan,Chicago,Midwest,Enterprise,Direct Invoice,Evan Wright,12,1822.93,622.63,21875.16,7471.56,2831.08,114.13,1162.87,11579.64,10295.52,47.06
TXN-1937,2024-07-20,Software,Security Firewall Pro,New York,East,Consumer,Wire Transfer,Evan Wright,5,884.07,216.46,4420.35,1082.3,516.26,27.39,409.52,2035.47,2384.88,53.95
TXN-1938,2025-11-19,Office Supplies,High-Speed Paper Shredder,Phoenix,West,SMB,Credit Card,Alice Smith,6,179.49,90.88,1076.94,545.28,105.32,71.9,118.68,841.18,235.76,21.89
TXN-1939,2024-12-15,Services,Annual IT Maintenance Plan,Seattle,West,SMB,Wire Transfer,Evan Wright,3,1747.45,591.64,5242.35,1774.92,595.25,33.98,421.2,2825.35,2417.0,46.11
TXN-1940,2025-04-02,Services,Cybersecurity Audit,San Francisco,West,Enterprise,Credit Card,Charlie Davis,5,2085.03,787.27,10425.15,3936.35,966.19,42.44,1104.35,6049.33,4375.82,41.97
TXN-1941,2024-03-10,Office Supplies,Mesh Office Chair,Phoenix,West,SMB,PayPal,Diana Prince,3,313.47,164.42,940.41,493.26,101.26,34.33,123.97,752.82,187.59,19.95
TXN-1942,2026-02-28,Services,Cloud Migration Consulting,Phoenix,West,SMB,PayPal,Evan Wright,5,3332.95,1191.57,16664.75,5957.85,1658.53,27.76,1974.57,9618.71,7046.04,42.28
TXN-1943,2025-08-14,Software,Cloud Storage Annual,San Francisco,West,Enterprise,PayPal,Evan Wright,13,374.81,83.75,4872.53,1088.75,370.18,72.78,624.57,2156.28,2716.25,55.75
TXN-1944,2025-06-11,Electronics,Wireless Noise-Canceling Headset,Phoenix,West,Consumer,Credit Card,Diana Prince,2,246.07,123.59,492.14,247.18,50.11,21.0,55.89,374.18,117.96,23.97
TXN-1945,2024-05-14,Software,Cloud Storage Annual,Boston,East,Government,PayPal,Bob Jones,38,392.0,81.01,14896.0,3078.38,1839.47,296.62,1387.91,6602.38,8293.62,55.68
TXN-1946,2026-05-13,Hardware,NAS Storage Enclosure,Miami,East,SMB,Wire Transfer,Alice Smith,4,731.1,480.31,2924.4,1921.24,195.54,58.78,219.35,2394.91,529.49,18.11
TXN-1947,2024-03-18,Software,Cloud Storage Annual,Boston,East,SMB,Credit Card,Diana Prince,2,426.25,78.43,852.5,156.86,81.82,20.88,124.54,384.1,468.4,54.94
TXN-1948,2025-05-13,Software,Enterprise ERP License,Miami,East,SMB,Direct Invoice,Diana Prince,3,2577.82,477.77,7733.46,1433.31,640.05,39.58,501.25,2614.19,5119.27,66.2
TXN-1949,2024-06-06,Software,Cloud Storage Annual,Miami,East,SMB,Direct Invoice,Diana Prince,1,387.38,79.96,387.38,79.96,27.33,14.56,101.15,223.0,164.38,42.43
TXN-1950,2026-03-20,Hardware,Gigabit Switch 24-Port,Chicago,Midwest,SMB,Direct Invoice,Evan Wright,5,425.06,251.68,2125.3,1258.4,201.24,65.34,185.23,1710.21,415.09,19.53
TXN-1951,2024-04-24,Hardware,Gigabit Switch 24-Port,Seattle,West,SMB,Wire Transfer,Diana Prince,6,447.49,272.25,2684.94,1633.5,306.84,30.6,269.52,2240.46,444.48,16.55
TXN-1952,2025-01-04,Office Supplies,Standing Desk Converter,Seattle,West,Consumer,PayPal,Charlie Davis,4,296.29,138.2,1185.16,552.8,90.91,51.01,126.71,821.43,363.73,30.69
TXN-1953,2026-05-02,Hardware,Gigabit Switch 24-Port,Chicago,Midwest,Enterprise,Wire Transfer,Evan Wright,18,437.31,272.12,7871.58,4898.16,1046.46,260.85,889.68,7095.15,776.43,9.86
TXN-1954,2024-05-01,Office Supplies,Standing Desk Converter,San Francisco,West,Enterprise,Credit Card,Charlie Davis,23,296.07,138.65,6809.61,3188.95,791.22,243.13,785.96,5009.26,1800.35,26.44
TXN-1955,2024-08-30,Services,Cloud Migration Consulting,Seattle,West,Government,Wire Transfer,Diana Prince,19,3298.68,1186.73,62674.92,22547.87,5824.03,125.16,7201.94,35699.0,26975.92,43.04
TXN-1956,2026-01-31,Office Supplies,High-Speed Paper Shredder,Chicago,Midwest,SMB,Wire Transfer,Diana Prince,6,187.45,90.55,1124.7,543.3,94.5,54.01,184.92,876.73,247.97,22.05
TXN-1957,2026-03-09,Office Supplies,Mesh Office Chair,San Francisco,West,Enterprise,Wire Transfer,Evan Wright,23,325.87,165.59,7495.01,3808.57,737.67,315.19,638.94,5500.37,1994.64,26.61
TXN-1958,2026-02-21,Services,Cybersecurity Audit,Phoenix,West,SMB,PayPal,Alice Smith,4,2216.38,800.48,8865.52,3201.92,689.63,41.79,602.7,4536.04,4329.48,48.84
TXN-1959,2024-03-02,Office Supplies,Mesh Office Chair,San Francisco,West,Enterprise,Wire Transfer,Evan Wright,26,343.56,156.06,8932.56,4057.56,1161.22,370.26,941.7,6530.74,2401.82,26.89
TXN-1960,2026-02-16,Services,Cybersecurity Audit,Phoenix,West,SMB,PayPal,Diana Prince,4,2049.23,816.5,8196.92,3266.0,514.09,53.7,702.8,4536.59,3660.33,44.65
TXN-1961,2025-10-08,Office Supplies,High-Speed Paper Shredder,New York,East,Enterprise,Credit Card,Bob Jones,16,168.07,86.35,2689.12,1381.6,218.86,180.87,258.34,2039.67,649.45,24.15
TXN-1962,2024-06-14,Office Supplies,Mesh Office Chair,Chicago,Midwest,Enterprise,Credit Card,Alice Smith,6,318.01,156.98,1908.06,941.88,189.33,76.36,183.94,1391.51,516.55,27.07
TXN-1963,2025-11-15,Services,Annual IT Maintenance Plan,Houston,South,Consumer,PayPal,Bob Jones,2,1785.41,595.34,3570.82,1190.68,286.4,17.45,240.67,1735.2,1835.62,51.41
TXN-1964,2024-12-13,Services,Cloud Migration Consulting,Houston,South,SMB,Wire Transfer,Alice Smith,5,3407.46,1201.11,17037.3,6005.55,1747.82,38.38,1981.14,9772.89,7264.41,42.64
TXN-1965,2024-08-05,Software,Cloud Storage Annual,Chicago,Midwest,Enterprise,PayPal,Alice Smith,11,376.4,82.55,4140.4,908.05,578.38,91.25,374.71,1952.39,2188.01,52.85
TXN-1966,2026-01-27,Hardware,Rack Server Blade X,Los Angeles,West,Consumer,PayPal,Diana Prince,7,3275.1,2195.09,22925.7,15365.63,2832.8,37.8,1727.81,19964.04,2961.66,12.92
TXN-1967,2024-11-02,Hardware,Gigabit Switch 24-Port,Los Angeles,West,Enterprise,PayPal,Diana Prince,18,419.18,248.2,7545.24,4467.6,665.81,264.48,590.17,5988.06,1557.18,20.64
TXN-1968,2025-01-21,Hardware,Gigabit Switch 24-Port,Boston,East,SMB,Direct Invoice,Charlie Davis,2,475.97,271.78,951.94,543.56,89.36,13.45,146.15,792.52,159.42,16.75
TXN-1969,2025-02-03,Services,Annual IT Maintenance Plan,Los Angeles,West,SMB,PayPal,Diana Prince,3,1842.12,572.09,5526.36,1716.27,724.57,34.25,599.4,3074.49,2451.87,44.37
TXN-1970,2025-08-12,Electronics,Smart Display 10,Boston,East,Enterprise,PayPal,Bob Jones,10,353.54,193.24,3535.4,1932.4,299.78,140.0,426.24,2798.42,736.98,20.85
TXN-1971,2026-01-31,Hardware,Rack Server Blade X,Houston,South,SMB,Credit Card,Bob Jones,1,3121.54,2176.1,3121.54,2176.1,400.62,5.22,331.33,2913.27,208.27,6.67
TXN-1972,2025-09-17,Office Supplies,High-Speed Paper Shredder,Houston,South,Government,Credit Card,Bob Jones,22,193.22,86.15,4250.84,1895.3,452.1,308.48,266.0,2921.88,1328.96,31.26
TXN-1973,2025-09-05,Electronics,Laptop Pro 15,Miami,East,SMB,Direct Invoice,Bob Jones,7,1223.52,728.29,8564.64,5098.03,745.97,74.32,826.16,6744.48,1820.16,21.25
TXN-1974,2024-09-23,Services,Annual IT Maintenance Plan,Miami,East,Enterprise,Direct Invoice,Evan Wright,11,1824.14,610.28,20065.54,6713.08,2793.43,64.97,1977.48,11548.96,8516.58,42.44
TXN-1975,2025-12-13,Software,Cloud Storage Annual,Chicago,Midwest,SMB,Credit Card,Diana Prince,6,404.42,81.92,2426.52,491.52,297.71,48.11,265.62,1102.96,1323.56,54.55
TXN-1976,2024-09-17,Electronics,Smart Display 10,Boston,East,Government,PayPal,Fiona Gallagher,36,336.34,192.4,12108.24,6926.4,1609.44,539.27,780.79,9855.9,2252.34,18.6
TXN-1977,2025-03-12,Services,Cybersecurity Audit,New York,East,SMB,Credit Card,Bob Jones,6,2179.33,765.25,13075.98,4591.5,1204.5,75.89,1536.29,7408.18,5667.8,43.35
TXN-1978,2026-02-04,Software,Enterprise ERP License,Los Angeles,West,Government,Credit Card,Bob Jones,36,2543.88,480.53,91579.68,17299.08,10093.79,247.23,7901.51,35541.61,56038.07,61.19
TXN-1979,2024-09-23,Software,Security Firewall Pro,Miami,East,Enterprise,Wire Transfer,Evan Wright,13,805.26,218.37,10468.38,2838.81,784.85,165.53,912.1,4701.29,5767.09,55.09
TXN-1980,2025-12-02,Electronics,Wireless Noise-Canceling Headset,San Francisco,West,Consumer,Direct Invoice,Fiona Gallagher,5,231.0,118.52,1155.0,592.6,152.07,38.73,117.99,901.39,253.61,21.96
TXN-1981,2025-05-06,Office Supplies,Standing Desk Converter,Chicago,Midwest,Consumer,PayPal,Evan Wright,6,286.12,145.34,1716.72,872.04,176.19,75.55,237.39,1361.17,355.55,20.71
TXN-1982,2026-01-28,Office Supplies,Ergonomic Executive Desk,Phoenix,West,Enterprise,Direct Invoice,Charlie Davis,11,885.54,439.31,9740.94,4832.41,775.62,161.24,565.45,6334.72,3406.22,34.97
TXN-1983,2024-06-02,Software,Data Analytics Suite,Chicago,Midwest,Enterprise,PayPal,Diana Prince,26,1434.14,312.14,37287.64,8115.64,3654.47,188.22,4126.45,16084.78,21202.86,56.86
TXN-1984,2026-02-05,Electronics,Laptop Pro 15,New York,East,Enterprise,Wire Transfer,Alice Smith,6,1187.11,727.33,7122.66,4363.98,739.89,36.96,390.72,5531.55,1591.11,22.34
TXN-1985,2025-07-14,Hardware,NAS Storage Enclosure,Houston,South,Consumer,Direct Invoice,Evan Wright,2,735.39,496.24,1470.78,992.48,174.28,23.29,145.39,1335.44,135.34,9.2
TXN-1986,2025-09-07,Software,Enterprise ERP License,Boston,East,Enterprise,Direct Invoice,Evan Wright,13,2678.08,490.69,34815.04,6378.97,3321.6,79.9,3802.04,13582.51,21232.53,60.99
TXN-1987,2026-03-13,Electronics,Smart Display 10,Chicago,Midwest,SMB,Credit Card,Diana Prince,2,347.93,193.15,695.86,386.3,74.61,24.86,150.5,636.27,59.59,8.56
TXN-1988,2024-11-27,Hardware,NAS Storage Enclosure,Chicago,Midwest,SMB,PayPal,Charlie Davis,4,735.68,464.51,2942.72,1858.04,379.65,35.71,184.47,2457.87,484.85,16.48
TXN-1989,2025-11-21,Office Supplies,High-Speed Paper Shredder,Phoenix,West,Enterprise,PayPal,Fiona Gallagher,27,175.99,85.66,4751.73,2312.82,358.23,338.17,574.53,3583.75,1167.98,24.58
TXN-1990,2025-04-06,Electronics,Laptop Pro 15,New York,East,Government,Wire Transfer,Fiona Gallagher,19,1257.26,744.98,23887.94,14154.62,3186.7,180.52,2487.01,20008.85,3879.09,16.24
TXN-1991,2025-09-19,Software,Security Firewall Pro,Boston,East,SMB,Credit Card,Bob Jones,2,784.52,224.94,1569.04,449.88,138.05,16.27,190.32,794.52,774.52,49.36
TXN-1992,2024-10-13,Software,Data Analytics Suite,Houston,South,Enterprise,PayPal,Evan Wright,26,1532.19,288.8,39836.94,7508.8,4726.33,199.99,3315.83,15750.95,24085.99,60.46
TXN-1993,2024-10-21,Software,Enterprise ERP License,Austin,South,Enterprise,PayPal,Evan Wright,9,2495.48,519.5,22459.32,4675.5,2866.42,71.73,2393.28,10006.93,12452.39,55.44
TXN-1994,2024-03-18,Electronics,Laptop Pro 15,New York,East,Enterprise,PayPal,Alice Smith,15,1218.15,734.31,18272.25,11014.65,1485.9,189.38,1288.87,13978.8,4293.45,23.5
TXN-1995,2024-09-18,Software,Enterprise ERP License,Phoenix,West,SMB,Credit Card,Diana Prince,3,2303.1,498.76,6909.3,1496.28,521.13,33.82,867.03,2918.26,3991.04,57.76
TXN-1996,2024-08-04,Electronics,Smart Display 10,Boston,East,Enterprise,Wire Transfer,Evan Wright,26,352.52,194.48,9165.52,5056.48,875.43,255.9,1065.61,7253.42,1912.1,20.86
TXN-1997,2025-08-23,Office Supplies,Standing Desk Converter,Boston,East,Enterprise,Direct Invoice,Alice Smith,9,276.9,142.07,2492.1,1278.63,222.15,65.75,260.22,1826.75,665.35,26.7
TXN-1998,2026-06-02,Hardware,Rack Server Blade X,San Francisco,West,Enterprise,PayPal,Alice Smith,25,3012.3,2139.14,75307.5,53478.5,5797.9,339.4,4107.17,63722.97,11584.53,15.38
TXN-1999,2024-09-09,Electronics,Wireless Noise-Canceling Headset,Seattle,West,Enterprise,Credit Card,Alice Smith,11,261.34,120.9,2874.74,1329.9,198.97,100.96,220.93,1850.76,1023.98,35.62
TXN-2000,2024-02-25,Hardware,NAS Storage Enclosure,Boston,East,Enterprise,Wire Transfer,Fiona Gallagher,17,835.32,490.7,14200.44,8341.9,1635.29,249.59,1532.32,11759.1,2441.34,17.19
TXN-2001,2024-08-20,Hardware,Gigabit Switch 24-Port,Miami,East,SMB,Wire Transfer,Fiona Gallagher,5,436.2,270.0,2181.0,1350.0,248.85,42.05,262.46,1903.36,277.64,12.73
TXN-2002,2024-06-22,Electronics,Smart Display 10,San Francisco,West,SMB,PayPal,Charlie Davis,7,355.5,207.1,2488.5,1449.7,225.27,86.8,276.31,2038.08,450.42,18.1
TXN-2003,2025-11-06,Services,Cybersecurity Audit,Houston,South,Consumer,Direct Invoice,Evan Wright,7,2048.46,805.63,14339.22,5639.41,1728.14,42.74,1611.77,9022.06,5317.16,37.08
TXN-2004,2026-03-27,Electronics,Ultra-Wide Monitor 34,Seattle,West,Enterprise,Direct Invoice,Evan Wright,6,634.41,369.53,3806.46,2217.18,335.83,68.72,400.63,3022.36,784.1,20.6
TXN-2005,2024-02-24,Software,Enterprise ERP License,Chicago,Midwest,Enterprise,Wire Transfer,Diana Prince,5,2420.64,505.64,12103.2,2528.2,767.83,31.09,1392.15,4719.27,7383.93,61.01
TXN-2006,2024-07-01,Electronics,Laptop Pro 15,Chicago,Midwest,SMB,PayPal,Alice Smith,7,1146.77,737.82,8027.39,5164.74,796.54,57.18,630.15,6648.61,1378.78,17.18
TXN-2007,2024-08-08,Software,Data Analytics Suite,Austin,South,Enterprise,PayPal,Evan Wright,14,1380.94,299.86,19333.16,4198.04,1315.01,175.61,1386.9,7075.56,12257.6,63.4
TXN-2008,2024-09-04,Office Supplies,Standing Desk Converter,Miami,East,Government,Wire Transfer,Alice Smith,38,298.7,142.52,11350.6,5415.76,1417.48,231.41,840.42,7905.07,3445.53,30.36
TXN-2009,2024-12-16,Services,Cybersecurity Audit,Boston,East,SMB,Direct Invoice,Fiona Gallagher,7,2327.8,802.04,16294.6,5614.28,1666.42,102.3,1229.51,8612.51,7682.09,47.15
TXN-2010,2025-08-03,Hardware,NAS Storage Enclosure,Boston,East,Enterprise,Wire Transfer,Fiona Gallagher,27,832.75,462.2,22484.25,12479.4,1921.62,149.79,2304.62,16855.43,5628.82,25.03
TXN-2011,2024-03-13,Services,Cybersecurity Audit,Austin,South,Enterprise,Wire Transfer,Evan Wright,7,2342.05,779.12,16394.35,5453.84,1254.51,102.89,915.56,7726.8,8667.55,52.87
TXN-2012,2024-11-15,Software,Security Firewall Pro,Phoenix,West,SMB,PayPal,Alice Smith,4,889.6,222.24,3558.4,888.96,376.62,38.34,294.77,1598.69,1959.71,55.07
TXN-2013,2025-02-15,Software,Security Firewall Pro,Seattle,West,Enterprise,Direct Invoice,Charlie Davis,10,825.47,217.38,8254.7,2173.8,900.56,112.36,735.11,3921.83,4332.87,52.49
TXN-2014,2024-02-01,Office Supplies,Mesh Office Chair,Los Angeles,West,Enterprise,PayPal,Bob Jones,8,329.13,156.58,2633.04,1252.64,211.09,70.5,301.05,1835.28,797.76,30.3
TXN-2015,2025-08-27,Hardware,Rack Server Blade X,Boston,East,Enterprise,Credit Card,Bob Jones,25,3360.68,2074.95,84017.0,51873.75,8660.45,347.95,9608.01,70490.16,13526.84,16.1
TXN-2016,2025-01-14,Software,Cloud Storage Annual,Miami,East,SMB,Credit Card,Charlie Davis,3,369.35,78.69,1108.05,236.07,79.29,21.99,147.85,485.2,622.85,56.21
TXN-2017,2024-01-14,Office Supplies,Ergonomic Executive Desk,Miami,East,SMB,Credit Card,Evan Wright,2,902.63,436.43,1805.26,872.86,216.43,15.64,220.09,1325.02,480.24,26.6
TXN-2018,2024-06-20,Electronics,Laptop Pro 15,Phoenix,West,SMB,Wire Transfer,Alice Smith,5,1213.58,770.41,6067.9,3852.05,814.56,38.06,493.48,5198.15,869.75,14.33
TXN-2019,2024-05-27,Office Supplies,Standing Desk Converter,Houston,South,Enterprise,Credit Card,Fiona Gallagher,14,273.08,135.08,3823.12,1891.12,423.92,202.93,500.41,3018.38,804.74,21.05
TXN-2020,2024-04-07,Software,Security Firewall Pro,Miami,East,Enterprise,Wire Transfer,Bob Jones,20,834.22,214.91,16684.4,4298.2,1871.4,126.93,1506.0,7802.53,8881.87,53.23
TXN-2021,2025-12-16,Software,Cloud Storage Annual,Miami,East,Enterprise,Direct Invoice,Bob Jones,25,394.27,77.54,9856.75,1938.5,1178.97,156.76,627.12,3901.35,5955.4,60.42
TXN-2022,2024-06-29,Services,Annual IT Maintenance Plan,Boston,East,SMB,Direct Invoice,Evan Wright,2,1909.13,620.0,3818.26,1240.0,512.91,19.17,451.84,2223.92,1594.34,41.76
TXN-2023,2026-04-30,Hardware,Rack Server Blade X,Los Angeles,West,Enterprise,Wire Transfer,Bob Jones,11,3068.96,2019.0,33758.56,22209.0,3465.89,149.38,3461.88,29286.15,4472.41,13.25
TXN-2024,2025-03-30,Electronics,Laptop Pro 15,Boston,East,Enterprise,PayPal,Fiona Gallagher,6,1201.78,764.57,7210.68,4587.42,497.13,63.92,531.96,5680.43,1530.25,21.22
TXN-2025,2025-08-14,Office Supplies,Ergonomic Executive Desk,Boston,East,Enterprise,PayPal,Diana Prince,21,851.95,463.43,17890.95,9732.03,2453.94,136.76,989.56,13312.29,4578.66,25.59
TXN-2026,2026-02-04,Services,Annual IT Maintenance Plan,Seattle,West,SMB,PayPal,Fiona Gallagher,5,1817.75,612.89,9088.75,3064.45,1074.73,58.33,1080.66,5278.17,3810.58,41.93
TXN-2027,2024-06-24,Hardware,Rack Server Blade X,New York,East,Enterprise,Wire Transfer,Charlie Davis,11,3244.74,2089.41,35692.14,22983.51,4308.9,62.47,3546.3,30901.18,4790.96,13.42
TXN-2028,2024-05-24,Electronics,Ultra-Wide Monitor 34,Los Angeles,West,SMB,Direct Invoice,Evan Wright,4,658.11,381.04,2632.44,1524.16,191.72,48.62,339.05,2103.55,528.89,20.09
TXN-2029,2024-10-05,Hardware,NAS Storage Enclosure,Boston,East,Enterprise,Credit Card,Evan Wright,24,788.79,460.44,18930.96,11050.56,1787.36,260.79,2183.12,15281.83,3649.13,19.28
TXN-2030,2026-02-19,Services,Cybersecurity Audit,Seattle,West,Enterprise,Wire Transfer,Fiona Gallagher,11,2094.05,822.96,23034.55,9052.56,2233.07,164.9,2569.08,14019.61,9014.94,39.14
TXN-2031,2026-04-18,Services,Annual IT Maintenance Plan,Boston,East,Enterprise,Direct Invoice,Bob Jones,21,1911.38,610.24,40138.98,12815.04,5561.79,118.24,4612.98,23108.05,17030.93,42.43
TXN-2032,2025-04-22,Electronics,Wireless Noise-Canceling Headset,Los Angeles,West,Enterprise,Direct Invoice,Evan Wright,24,252.54,115.44,6060.96,2770.56,621.6,205.63,704.65,4302.44,1758.52,29.01
TXN-2033,2025-12-01,Electronics,Laptop Pro 15,Boston,East,Consumer,Credit Card,Alice Smith,3,1119.61,714.06,3358.83,2142.18,370.48,33.89,443.87,2990.42,368.41,10.97
TXN-2034,2026-05-18,Software,Security Firewall Pro,San Francisco,West,Enterprise,PayPal,Alice Smith,5,840.03,222.97,4200.15,1114.85,539.74,49.53,303.9,2008.02,2192.13,52.19
TXN-2035,2025-10-08,Office Supplies,Ergonomic Executive Desk,Phoenix,West,Government,Direct Invoice,Diana Prince,10,858.21,445.41,8582.1,4454.1,978.14,55.56,553.51,6041.31,2540.79,29.61
TXN-2036,2026-02-23,Services,Annual IT Maintenance Plan,Miami,East,SMB,PayPal,Diana Prince,7,1691.03,573.9,11837.21,4017.3,1633.41,82.68,999.87,6733.26,5103.95,43.12
TXN-2037,2025-03-10,Office Supplies,High-Speed Paper Shredder,Chicago,Midwest,SMB,Credit Card,Fiona Gallagher,6,192.28,90.93,1153.68,545.58,87.97,85.18,210.92,929.65,224.03,19.42
TXN-2038,2024-08-16,Hardware,NAS Storage Enclosure,Boston,East,SMB,Wire Transfer,Evan Wright,1,739.66,460.92,739.66,460.92,88.01,9.5,125.13,683.56,56.1,7.58
TXN-2039,2024-11-06,Software,Data Analytics Suite,San Francisco,West,SMB,Direct Invoice,Evan Wright,6,1471.03,308.15,8826.18,1848.9,895.26,72.26,1066.38,3882.8,4943.38,56.01
TXN-2040,2026-04-23,Office Supplies,Ergonomic Executive Desk,Houston,South,Consumer,Direct Invoice,Alice Smith,3,819.05,452.21,2457.15,1356.63,289.33,44.8,168.45,1859.21,597.94,24.33
TXN-2041,2025-11-05,Services,Cloud Migration Consulting,Miami,East,Consumer,Credit Card,Bob Jones,4,3614.78,1183.22,14459.12,4732.88,920.14,26.31,917.18,6596.51,7862.61,54.38
TXN-2042,2024-07-05,Services,Cybersecurity Audit,Los Angeles,West,Enterprise,Wire Transfer,Alice Smith,21,2263.08,829.86,47524.68,17427.06,4269.12,281.72,3854.41,25832.31,21692.37,45.64
TXN-2043,2026-04-16,Hardware,Rack Server Blade X,Houston,South,Enterprise,Credit Card,Diana Prince,12,3149.58,2085.11,37794.96,25021.32,5193.94,146.87,3000.34,33362.47,4432.49,11.73
TXN-2044,2026-01-12,Services,Cybersecurity Audit,Boston,East,Enterprise,Direct Invoice,Fiona Gallagher,28,2371.19,803.95,66393.32,22510.6,4358.97,291.47,7527.64,34688.68,31704.64,47.75
TXN-2045,2025-12-05,Software,Data Analytics Suite,Los Angeles,West,Government,PayPal,Bob Jones,11,1506.2,308.75,16568.2,3396.25,1146.91,157.04,1814.24,6514.44,10053.76,60.68
TXN-2046,2024-02-17,Electronics,Laptop Pro 15,San Francisco,West,Enterprise,PayPal,Evan Wright,6,1117.6,742.52,6705.6,4455.12,711.82,81.3,838.95,6087.19,618.41,9.22
TXN-2047,2026-02-09,Hardware,Gigabit Switch 24-Port,Austin,South,Enterprise,PayPal,Alice Smith,28,468.5,261.14,13118.0,7311.92,1707.28,292.19,945.75,10257.14,2860.86,21.81
TXN-2048,2024-04-05,Software,Data Analytics Suite,Boston,East,SMB,PayPal,Charlie Davis,3,1385.79,303.31,4157.37,909.93,492.46,44.8,439.32,1886.51,2270.86,54.62
TXN-2049,2026-04-10,Software,Data Analytics Suite,Phoenix,West,Consumer,Direct Invoice,Alice Smith,6,1502.37,309.32,9014.22,1855.92,856.05,37.43,884.01,3633.41,5380.81,59.69
TXN-2050,2025-03-28,Office Supplies,Mesh Office Chair,Miami,East,SMB,PayPal,Alice Smith,2,328.92,158.42,657.84,316.84,69.02,22.74,101.77,510.37,147.47,22.42
TXN-2051,2026-05-03,Office Supplies,Standing Desk Converter,Miami,East,SMB,PayPal,Diana Prince,4,266.08,140.67,1064.32,562.68,65.9,50.57,154.03,833.18,231.14,21.72
TXN-2052,2024-04-28,Software,Security Firewall Pro,Boston,East,Consumer,Direct Invoice,Charlie Davis,1,859.0,222.47,859.0,222.47,89.28,7.73,85.88,405.36,453.64,52.81
TXN-2053,2025-01-09,Office Supplies,Mesh Office Chair,Houston,South,Enterprise,Credit Card,Charlie Davis,14,340.48,152.8,4766.72,2139.2,419.54,86.61,274.78,2920.13,1846.59,38.74
TXN-2054,2026-03-29,Hardware,Gigabit Switch 24-Port,Chicago,Midwest,Consumer,PayPal,Evan Wright,2,427.39,249.89,854.78,499.78,100.71,15.35,171.54,787.38,67.4,7.89
TXN-2055,2026-03-23,Software,Security Firewall Pro,Los Angeles,West,Consumer,Wire Transfer,Fiona Gallagher,3,901.36,215.59,2704.08,646.77,340.38,19.63,249.54,1256.32,1447.76,53.54
TXN-2056,2026-04-09,Office Supplies,Ergonomic Executive Desk,Miami,East,SMB,Direct Invoice,Fiona Gallagher,2,867.9,441.8,1735.8,883.6,136.39,27.58,222.12,1269.69,466.11,26.85
TXN-2057,2024-06-04,Software,Enterprise ERP License,New York,East,SMB,Credit Card,Evan Wright,2,2684.34,508.51,5368.68,1017.02,397.36,19.48,533.84,1967.7,3400.98,63.35
TXN-2058,2024-06-25,Electronics,Laptop Pro 15,Austin,South,SMB,Credit Card,Fiona Gallagher,3,1145.32,736.8,3435.96,2210.4,348.94,38.48,428.5,3026.32,409.64,11.92
TXN-2059,2025-01-04,Electronics,Wireless Noise-Canceling Headset,Miami,East,Enterprise,Wire Transfer,Evan Wright,8,254.56,124.33,2036.48,994.64,244.9,84.27,195.37,1519.18,517.3,25.4
TXN-2060,2025-07-21,Electronics,Smart Display 10,Miami,East,SMB,PayPal,Alice Smith,7,337.56,207.81,2362.92,1454.67,245.74,63.94,193.02,1957.37,405.55,17.16
TXN-2061,2024-01-29,Electronics,Wireless Noise-Canceling Headset,Chicago,Midwest,Enterprise,Credit Card,Alice Smith,10,267.65,121.07,2676.5,1210.7,227.22,94.97,314.47,1847.36,829.14,30.98
TXN-2062,2025-10-01,Services,Cloud Migration Consulting,Los Angeles,West,SMB,Credit Card,Evan Wright,5,3647.1,1148.2,18235.5,5741.0,1112.5,69.91,1694.96,8618.37,9617.13,52.74
TXN-2063,2025-09-19,Electronics,Wireless Noise-Canceling Headset,Phoenix,West,SMB,PayPal,Charlie Davis,3,264.48,119.9,793.44,359.7,55.71,15.15,130.32,560.88,232.56,29.31
TXN-2064,2024-02-07,Electronics,Smart Display 10,Boston,East,Enterprise,Direct Invoice,Charlie Davis,21,349.19,196.71,7332.99,4130.91,488.29,220.56,562.79,5402.55,1930.44,26.33
TXN-2065,2025-04-17,Office Supplies,High-Speed Paper Shredder,Houston,South,Enterprise,Credit Card,Charlie Davis,8,187.83,93.58,1502.64,748.64,130.27,119.36,109.13,1107.4,395.24,26.3
TXN-2066,2025-06-09,Electronics,Laptop Pro 15,Chicago,Midwest,Consumer,Direct Invoice,Fiona Gallagher,1,1124.07,728.21,1124.07,728.21,154.68,11.68,184.03,1078.6,45.47,4.05
TXN-2067,2025-10-31,Electronics,Ultra-Wide Monitor 34,Austin,South,Enterprise,Wire Transfer,Diana Prince,27,629.14,398.63,16986.78,10763.01,1879.05,200.36,1433.13,14275.55,2711.23,15.96
TXN-2068,2024-04-02,Hardware,Rack Server Blade X,New York,East,Enterprise,PayPal,Bob Jones,21,3005.06,2189.05,63106.26,45970.05,4178.5,300.3,6318.83,56767.68,6338.58,10.04
TXN-2069,2026-01-29,Electronics,Wireless Noise-Canceling Headset,Los Angeles,West,SMB,Direct Invoice,Charlie Davis,2,269.59,116.57,539.18,233.14,50.37,15.84,121.68,421.03,118.15,21.91
TXN-2070,2024-07-03,Office Supplies,Ergonomic Executive Desk,Seattle,West,SMB,Credit Card,Bob Jones,2,816.87,467.61,1633.74,935.22,162.21,21.98,135.6,1255.01,378.73,23.18
TXN-2071,2024-05-31,Office Supplies,High-Speed Paper Shredder,Austin,South,Government,Wire Transfer,Charlie Davis,29,175.04,89.31,5076.16,2589.99,576.44,149.97,618.02,3934.42,1141.74,22.49
TXN-2072,2026-03-24,Services,Cybersecurity Audit,Houston,South,SMB,Credit Card,Bob Jones,5,2343.25,831.52,11716.25,4157.6,1608.5,69.26,651.03,6486.39,5229.86,44.64
TXN-2073,2025-08-06,Hardware,Gigabit Switch 24-Port,Miami,East,Enterprise,Wire Transfer,Fiona Gallagher,25,417.53,249.69,10438.25,6242.25,733.67,147.85,713.45,7837.22,2601.03,24.92
TXN-2074,2024-01-01,Software,Data Analytics Suite,Miami,East,Enterprise,Credit Card,Evan Wright,27,1461.89,304.86,39471.03,8231.22,3842.9,354.25,2471.75,14900.12,24570.91,62.25
TXN-2075,2024-06-17,Hardware,Rack Server Blade X,Boston,East,SMB,Credit Card,Charlie Davis,6,3224.1,2195.56,19344.6,13173.36,1929.36,53.61,1689.02,16845.35,2499.25,12.92
TXN-2076,2025-05-26,Software,Cloud Storage Annual,San Francisco,West,Enterprise,Direct Invoice,Alice Smith,12,399.83,77.18,4797.96,926.16,599.38,110.47,574.1,2210.11,2587.85,53.94
TXN-2077,2026-02-11,Services,Cybersecurity Audit,Houston,South,SMB,Direct Invoice,Alice Smith,7,2329.71,829.15,16307.97,5804.05,1882.95,78.74,897.09,8662.83,7645.14,46.88
TXN-2078,2024-04-30,Hardware,NAS Storage Enclosure,Austin,South,SMB,Direct Invoice,Alice Smith,4,811.91,477.66,3247.64,1910.64,443.89,30.43,394.04,2779.0,468.64,14.43
TXN-2079,2024-03-14,Hardware,Rack Server Blade X,Phoenix,West,SMB,Direct Invoice,Alice Smith,5,3218.19,2043.39,16090.95,10216.95,1922.85,51.4,1303.87,13495.07,2595.88,16.13
TXN-2080,2024-02-05,Hardware,NAS Storage Enclosure,Miami,East,SMB,PayPal,Charlie Davis,7,839.81,487.44,5878.67,3412.08,766.63,49.98,722.5,4951.19,927.48,15.78
TXN-2081,2026-03-29,Office Supplies,Mesh Office Chair,New York,East,Consumer,Credit Card,Evan Wright,1,330.29,166.97,330.29,166.97,37.41,7.65,76.25,288.28,42.01,12.72
TXN-2082,2025-04-25,Software,Cloud Storage Annual,Los Angeles,West,Government,Wire Transfer,Evan Wright,29,395.16,76.12,11459.64,2207.48,979.38,251.73,953.03,4391.62,7068.02,61.68
TXN-2083,2025-12-02,Services,Cloud Migration Consulting,Seattle,West,SMB,Credit Card,Alice Smith,7,3287.84,1140.73,23014.88,7985.11,2315.96,104.88,2308.87,12714.82,10300.06,44.75
TXN-2084,2025-03-25,Hardware,NAS Storage Enclosure,Austin,South,Enterprise,Credit Card,Bob Jones,24,762.32,460.12,18295.68,11042.88,2166.09,329.07,2232.74,15770.78,2524.9,13.8
TXN-2085,2024-05-02,Office Supplies,Mesh Office Chair,Phoenix,West,Enterprise,Wire Transfer,Alice Smith,23,311.13,164.11,7155.99,3774.53,689.23,163.8,530.5,5158.06,1997.93,27.92
TXN-2086,2025-07-06,Office Supplies,Mesh Office Chair,Chicago,Midwest,SMB,PayPal,Fiona Gallagher,7,335.13,158.21,2345.91,1107.47,212.74,36.1,214.0,1570.31,775.6,33.06
TXN-2087,2024-02-24,Software,Data Analytics Suite,Seattle,West,Enterprise,Credit Card,Bob Jones,23,1503.9,305.99,34589.7,7037.77,2335.4,257.85,3986.84,13617.86,20971.84,60.63
TXN-2088,2024-06-01,Services,Cloud Migration Consulting,Phoenix,West,Enterprise,Credit Card,Bob Jones,26,3744.73,1166.98,97362.98,30341.48,9488.74,195.13,5458.2,45483.55,51879.43,53.28
TXN-2089,2025-01-05,Services,Annual IT Maintenance Plan,Houston,South,SMB,PayPal,Fiona Gallagher,7,1790.81,629.18,12535.67,4404.26,1178.66,77.29,745.17,6405.38,6130.29,48.9
TXN-2090,2026-04-30,Office Supplies,Ergonomic Executive Desk,Chicago,Midwest,Enterprise,Wire Transfer,Diana Prince,27,782.16,455.22,21118.32,12290.94,1586.44,186.81,2044.86,16109.05,5009.27,23.72
TXN-2091,2024-07-26,Services,Annual IT Maintenance Plan,Houston,South,SMB,Credit Card,Diana Prince,4,1912.1,609.93,7648.4,2439.72,836.27,45.04,585.95,3906.98,3741.42,48.92
TXN-2092,2024-09-25,Services,Annual IT Maintenance Plan,San Francisco,West,SMB,PayPal,Diana Prince,7,1796.09,578.07,12572.63,4046.49,1045.44,81.37,1220.09,6393.39,6179.24,49.15
TXN-2093,2025-01-29,Services,Annual IT Maintenance Plan,Miami,East,Consumer,Credit Card,Evan Wright,1,1915.83,593.14,1915.83,593.14,234.36,12.25,158.66,998.41,917.42,47.89
TXN-2094,2025-12-18,Electronics,Wireless Noise-Canceling Headset,New York,East,SMB,Direct Invoice,Charlie Davis,7,236.47,118.43,1655.29,829.01,112.39,75.03,123.48,1139.91,515.38,31.14
TXN-2095,2026-01-21,Electronics,Wireless Noise-Canceling Headset,Chicago,Midwest,Government,PayPal,Evan Wright,17,257.38,120.41,4375.46,2046.97,496.0,124.73,412.19,3079.89,1295.57,29.61
TXN-2096,2025-03-22,Software,Cloud Storage Annual,Seattle,West,SMB,PayPal,Fiona Gallagher,7,419.31,81.2,2935.17,568.4,285.94,75.3,253.46,1183.1,1752.07,59.69
TXN-2097,2024-01-09,Office Supplies,Ergonomic Executive Desk,New York,East,Consumer,Wire Transfer,Fiona Gallagher,4,802.67,435.34,3210.68,1741.36,218.45,49.53,398.42,2407.76,802.92,25.01
TXN-2098,2024-09-02,Electronics,Ultra-Wide Monitor 34,Houston,South,Enterprise,Credit Card,Diana Prince,16,664.86,382.47,10637.76,6119.52,1253.53,147.14,626.2,8146.39,2491.37,23.42
TXN-2099,2024-05-29,Electronics,Laptop Pro 15,San Francisco,West,Enterprise,PayPal,Bob Jones,15,1212.06,733.39,18180.9,11000.85,1229.97,99.73,1200.98,13531.53,4649.37,25.57
TXN-2100,2024-08-03,Services,Annual IT Maintenance Plan,San Francisco,West,SMB,Wire Transfer,Diana Prince,5,1670.99,584.46,8354.95,2922.3,958.53,29.26,632.18,4542.27,3812.68,45.63
TXN-2101,2024-06-08,Hardware,Rack Server Blade X,Phoenix,West,Enterprise,Credit Card,Diana Prince,22,3063.59,2149.56,67398.98,47290.32,4086.24,228.63,7150.86,58756.05,8642.93,12.82
TXN-2102,2024-06-15,Services,Cybersecurity Audit,Austin,South,Enterprise,Credit Card,Charlie Davis,21,2080.08,798.71,43681.68,16772.91,3384.19,231.62,3934.84,24323.56,19358.12,44.32
TXN-2103,2025-01-22,Software,Security Firewall Pro,Miami,East,Enterprise,Wire Transfer,Evan Wright,25,815.43,225.03,20385.75,5625.75,2442.66,224.36,1370.83,9663.6,10722.15,52.6
TXN-2104,2025-08-02,Office Supplies,Mesh Office Chair,Miami,East,Enterprise,Wire Transfer,Fiona Gallagher,29,330.02,153.89,9570.58,4462.81,766.15,185.52,776.97,6191.45,3379.13,35.31
TXN-2105,2026-02-25,Electronics,Ultra-Wide Monitor 34,Seattle,West,Consumer,Wire Transfer,Fiona Gallagher,2,680.36,389.23,1360.72,778.46,133.49,11.0,170.53,1093.48,267.24,19.64
TXN-2106,2024-10-29,Software,Data Analytics Suite,Seattle,West,Government,PayPal,Charlie Davis,38,1558.5,306.36,59223.0,11641.68,3830.22,402.9,3386.41,19261.21,39961.79,67.48
TXN-2107,2024-08-27,Electronics,Laptop Pro 15,Miami,East,SMB,Wire Transfer,Bob Jones,1,1213.38,735.45,1213.38,735.45,93.94,8.27,144.41,982.07,231.31,19.06
TXN-2108,2026-02-25,Software,Security Firewall Pro,Miami,East,Enterprise,Direct Invoice,Evan Wright,7,793.35,209.12,5553.45,1463.84,346.45,74.43,616.24,2500.96,3052.49,54.97
TXN-2109,2026-05-27,Software,Cloud Storage Annual,Los Angeles,West,Enterprise,PayPal,Fiona Gallagher,8,391.8,76.23,3134.4,609.84,222.43,53.86,228.06,1114.19,2020.21,64.45
TXN-2110,2024-05-24,Services,Cloud Migration Consulting,Seattle,West,SMB,Wire Transfer,Alice Smith,5,3628.91,1175.84,18144.55,5879.2,1876.73,46.67,1337.05,9139.65,9004.9,49.63
TXN-2111,2024-02-21,Electronics,Wireless Noise-Canceling Headset,New York,East,Enterprise,PayPal,Alice Smith,7,237.14,118.51,1659.98,829.57,161.73,64.36,179.18,1234.84,425.14,25.61
TXN-2112,2025-10-24,Services,Cloud Migration Consulting,Austin,South,Consumer,Direct Invoice,Diana Prince,5,3523.91,1235.88,17619.55,6179.4,1108.28,74.2,1483.6,8845.48,8774.07,49.8
TXN-2113,2024-09-18,Services,Annual IT Maintenance Plan,Austin,South,Consumer,Credit Card,Alice Smith,5,1930.3,619.43,9651.5,3097.15,950.52,58.7,829.98,4936.35,4715.15,48.85
TXN-2114,2025-06-12,Services,Cloud Migration Consulting,Houston,South,Consumer,Wire Transfer,Charlie Davis,5,3401.25,1197.76,17006.25,5988.8,1832.13,39.37,1593.5,9453.8,7552.45,44.41
TXN-2115,2025-12-01,Services,Cybersecurity Audit,Chicago,Midwest,Enterprise,Wire Transfer,Diana Prince,21,2094.51,793.13,43984.71,16655.73,4799.59,149.83,3167.83,24772.98,19211.73,43.68
TXN-2116,2025-02-02,Hardware,Gigabit Switch 24-Port,Seattle,West,Enterprise,Direct Invoice,Fiona Gallagher,8,421.97,256.16,3375.76,2049.28,249.41,69.86,305.49,2674.04,701.72,20.79
TXN-2117,2024-03-07,Hardware,NAS Storage Enclosure,Boston,East,Government,Credit Card,Diana Prince,39,824.18,483.44,32143.02,18854.16,3098.62,253.36,2655.75,24861.89,7281.13,22.65
TXN-2118,2026-06-15,Services,Cybersecurity Audit,Boston,East,SMB,Wire Transfer,Alice Smith,3,2168.59,830.15,6505.77,2490.45,664.9,25.03,487.98,3668.36,2837.41,43.61
TXN-2119,2025-03-02,Office Supplies,Ergonomic Executive Desk,Phoenix,West,Consumer,Credit Card,Evan Wright,5,888.23,433.79,4441.15,2168.95,569.57,45.0,500.85,3284.37,1156.78,26.05
TXN-2120,2024-01-31,Office Supplies,Mesh Office Chair,San Francisco,West,SMB,Credit Card,Bob Jones,4,343.47,158.96,1373.88,635.84,150.94,46.65,153.57,987.0,386.88,28.16
TXN-2121,2025-05-30,Software,Cloud Storage Annual,San Francisco,West,Consumer,Credit Card,Bob Jones,1,373.37,78.72,373.37,78.72,31.69,14.54,98.74,223.69,149.68,40.09
TXN-2122,2025-04-02,Software,Data Analytics Suite,Austin,South,SMB,PayPal,Bob Jones,4,1498.51,311.22,5994.04,1244.88,785.12,20.44,707.87,2758.31,3235.73,53.98
TXN-2123,2024-07-20,Electronics,Ultra-Wide Monitor 34,Phoenix,West,SMB,Direct Invoice,Bob Jones,1,658.53,386.44,658.53,386.44,56.68,10.74,90.54,544.4,114.13,17.33
TXN-2124,2024-07-19,Software,Data Analytics Suite,Miami,East,SMB,Wire Transfer,Evan Wright,7,1534.94,306.35,10744.58,2144.45,1433.85,52.4,1042.48,4673.18,6071.4,56.51
TXN-2125,2025-12-28,Hardware,NAS Storage Enclosure,Chicago,Midwest,Consumer,Credit Card,Fiona Gallagher,7,784.21,472.25,5489.47,3305.75,618.31,85.24,512.31,4521.61,967.86,17.63
TXN-2126,2025-03-01,Services,Cloud Migration Consulting,San Francisco,West,SMB,Credit Card,Alice Smith,6,3335.69,1153.26,20014.14,6919.56,2528.97,71.73,1837.72,11357.98,8656.16,43.25
TXN-2127,2024-07-23,Hardware,Gigabit Switch 24-Port,Austin,South,Enterprise,Direct Invoice,Diana Prince,21,444.29,265.37,9330.09,5572.77,1286.25,292.56,770.04,7921.62,1408.47,15.1
TXN-2128,2025-09-15,Services,Annual IT Maintenance Plan,Boston,East,SMB,Wire Transfer,Fiona Gallagher,7,1866.4,607.46,13064.8,4252.22,1032.25,70.23,1569.2,6923.9,6140.9,47.0
TXN-2129,2024-08-07,Services,Annual IT Maintenance Plan,Austin,South,Enterprise,Credit Card,Alice Smith,8,1704.5,613.67,13636.0,4909.36,1018.6,80.92,846.07,6854.95,6781.05,49.73
TXN-2130,2025-02-12,Hardware,Gigabit Switch 24-Port,San Francisco,West,Enterprise,Direct Invoice,Diana Prince,7,479.43,260.48,3356.01,1823.36,221.48,42.72,334.31,2421.87,934.14,27.83
TXN-2131,2025-10-25,Software,Security Firewall Pro,Chicago,Midwest,SMB,Direct Invoice,Alice Smith,7,865.76,226.37,6060.32,1584.59,757.29,48.57,476.01,2866.46,3193.86,52.7
TXN-2132,2026-04-22,Electronics,Smart Display 10,Los Angeles,West,SMB,Direct Invoice,Evan Wright,3,363.41,193.62,1090.23,580.86,149.06,34.16,171.56,935.64,154.59,14.18
TXN-2133,2024-03-03,Hardware,Rack Server Blade X,Seattle,West,SMB,PayPal,Fiona Gallagher,4,3225.06,1995.74,12900.24,7982.96,815.32,28.03,848.27,9674.58,3225.66,25.0
TXN-2134,2025-08-08,Services,Annual IT Maintenance Plan,Austin,South,Enterprise,Credit Card,Alice Smith,7,1810.75,596.65,12675.25,4176.55,1403.85,92.94,1071.71,6745.05,5930.2,46.79
TXN-2135,2026-04-11,Services,Cybersecurity Audit,New York,East,Enterprise,Wire Transfer,Fiona Gallagher,14,2255.87,772.04,31582.18,10808.56,4227.18,149.1,2335.47,17520.31,14061.87,44.52
TXN-2136,2024-03-23,Hardware,NAS Storage Enclosure,Phoenix,West,Enterprise,Credit Card,Alice Smith,26,817.01,469.83,21242.26,12215.58,1604.77,383.22,1655.95,15859.52,5382.74,25.34
TXN-2137,2026-04-26,Office Supplies,Standing Desk Converter,Los Angeles,West,SMB,Credit Card,Alice Smith,1,265.71,140.62,265.71,140.62,36.15,11.25,87.69,275.71,-10.0,-3.76
TXN-2138,2025-08-28,Hardware,NAS Storage Enclosure,Seattle,West,Enterprise,Direct Invoice,Fiona Gallagher,19,754.65,495.53,14338.35,9415.07,1271.23,113.81,1533.57,12333.68,2004.67,13.98
TXN-2139,2025-02-10,Hardware,Gigabit Switch 24-Port,Chicago,Midwest,Enterprise,Direct Invoice,Charlie Davis,17,423.22,266.63,7194.74,4532.71,555.17,251.16,427.1,5766.14,1428.6,19.86
TXN-2140,2025-01-04,Software,Security Firewall Pro,Austin,South,Consumer,Credit Card,Evan Wright,2,895.64,209.4,1791.28,418.8,222.43,28.94,116.32,786.49,1004.79,56.09
TXN-2141,2025-05-20,Office Supplies,Mesh Office Chair,Los Angeles,West,SMB,Wire Transfer,Evan Wright,4,311.34,160.68,1245.36,642.72,170.25,28.24,141.96,983.17,262.19,21.05
TXN-2142,2025-07-31,Electronics,Wireless Noise-Canceling Headset,New York,East,SMB,Direct Invoice,Bob Jones,7,252.59,122.44,1768.13,857.08,134.73,81.78,167.8,1241.39,526.74,29.79
TXN-2143,2024-05-09,Services,Cybersecurity Audit,New York,East,Government,Wire Transfer,Evan Wright,28,2335.67,765.32,65398.76,21428.96,8910.17,218.91,5044.36,35602.4,29796.36,45.56
TXN-2144,2024-03-19,Hardware,Gigabit Switch 24-Port,Boston,East,Government,Credit Card,Alice Smith,33,432.92,248.18,14286.36,8189.94,859.32,280.71,979.53,10309.5,3976.86,27.84
TXN-2145,2024-08-21,Hardware,NAS Storage Enclosure,Chicago,Midwest,SMB,Wire Transfer,Charlie Davis,2,785.52,494.61,1571.04,989.22,161.76,28.16,140.28,1319.42,251.62,16.02
TXN-2146,2024-05-25,Office Supplies,Ergonomic Executive Desk,Miami,East,SMB,Credit Card,Fiona Gallagher,5,881.85,461.59,4409.25,2307.95,412.42,39.87,391.29,3151.53,1257.72,28.52
TXN-2147,2025-06-17,Electronics,Laptop Pro 15,Los Angeles,West,Enterprise,Credit Card,Evan Wright,26,1149.24,782.64,29880.24,20348.64,4075.44,379.32,3287.7,28091.1,1789.14,5.99
TXN-2148,2025-03-23,Hardware,Rack Server Blade X,Austin,South,Enterprise,Direct Invoice,Diana Prince,19,3204.18,2067.49,60879.42,39282.31,4558.17,95.91,5266.92,49203.31,11676.11,19.18
TXN-2149,2026-02-07,Software,Data Analytics Suite,Phoenix,West,SMB,Wire Transfer,Fiona Gallagher,3,1415.59,310.66,4246.77,931.98,484.18,20.11,344.34,1780.61,2466.16,58.07
TXN-2150,2024-01-06,Software,Cloud Storage Annual,Chicago,Midwest,Enterprise,Wire Transfer,Bob Jones,19,391.06,79.42,7430.14,1508.98,1029.47,243.94,884.48,3666.87,3763.27,50.65
TXN-2151,2026-02-25,Electronics,Ultra-Wide Monitor 34,Los Angeles,West,SMB,Direct Invoice,Bob Jones,7,686.4,383.92,4804.8,2687.44,344.29,85.85,356.0,3473.58,1331.22,27.71
TXN-2152,2024-12-09,Electronics,Laptop Pro 15,Chicago,Midwest,Government,PayPal,Alice Smith,18,1205.62,713.25,21701.16,12838.5,1889.67,161.75,1646.47,16536.39,5164.77,23.8
TXN-2153,2025-09-28,Electronics,Smart Display 10,Phoenix,West,SMB,Direct Invoice,Charlie Davis,7,370.71,207.93,2594.97,1455.51,329.25,38.28,329.63,2152.67,442.3,17.04
TXN-2154,2024-09-21,Office Supplies,Standing Desk Converter,Los Angeles,West,Enterprise,Direct Invoice,Fiona Gallagher,7,288.28,135.61,2017.96,949.27,208.76,104.05,220.49,1482.57,535.39,26.53
TXN-2155,2025-06-27,Electronics,Wireless Noise-Canceling Headset,Los Angeles,West,SMB,PayPal,Charlie Davis,2,254.05,115.72,508.1,231.44,67.13,13.49,80.49,392.55,115.55,22.74
TXN-2156,2025-12-24,Services,Cloud Migration Consulting,Los Angeles,West,Consumer,Direct Invoice,Charlie Davis,1,3351.27,1203.9,3351.27,1203.9,231.71,10.49,207.31,1653.41,1697.86,50.66
TXN-2157,2025-01-15,Electronics,Wireless Noise-Canceling Headset,Phoenix,West,Consumer,Wire Transfer,Evan Wright,2,250.67,116.56,501.34,233.12,51.6,26.71,104.7,416.13,85.21,17.0
TXN-2158,2025-05-30,Software,Enterprise ERP License,Chicago,Midwest,Enterprise,Direct Invoice,Evan Wright,20,2346.13,486.39,46922.6,9727.8,3186.62,186.68,2806.61,15907.71,31014.89,66.1
TXN-2159,2025-10-19,Electronics,Smart Display 10,San Francisco,West,SMB,Wire Transfer,Evan Wright,2,358.91,191.01,717.82,382.02,71.4,15.92,129.94,599.28,118.54,16.51
TXN-2160,2025-08-13,Services,Cybersecurity Audit,Miami,East,SMB,Credit Card,Alice Smith,5,2338.52,835.11,11692.6,4175.55,1431.59,71.06,870.07,6548.27,5144.33,44.0
TXN-2161,2026-04-20,Electronics,Laptop Pro 15,Los Angeles,West,Government,Direct Invoice,Charlie Davis,22,1207.67,727.32,26568.74,16001.04,2509.61,220.37,3040.13,21771.15,4797.59,18.06
TXN-2162,2025-07-24,Services,Annual IT Maintenance Plan,San Francisco,West,SMB,Credit Card,Bob Jones,3,1741.63,585.44,5224.89,1756.32,472.93,25.69,436.52,2691.46,2533.43,48.49
TXN-2163,2024-11-28,Services,Cloud Migration Consulting,Seattle,West,Consumer,Credit Card,Evan Wright,2,3358.4,1142.11,6716.8,2284.22,735.74,19.16,676.47,3715.59,3001.21,44.68
TXN-2164,2025-12-06,Services,Cybersecurity Audit,Houston,South,Enterprise,Wire Transfer,Bob Jones,14,2051.97,799.53,28727.58,11193.42,2552.35,192.14,3261.37,17199.28,11528.3,40.13
TXN-2165,2026-04-11,Services,Cloud Migration Consulting,Boston,East,SMB,PayPal,Fiona Gallagher,1,3745.3,1226.88,3745.3,1226.88,389.81,12.7,348.33,1977.72,1767.58,47.19
TXN-2166,2024-01-12,Hardware,NAS Storage Enclosure,New York,East,Enterprise,Credit Card,Bob Jones,19,813.41,498.99,15454.79,9480.81,1365.64,275.78,1529.43,12651.66,2803.13,18.14
TXN-2167,2024-04-06,Electronics,Laptop Pro 15,Austin,South,Enterprise,Credit Card,Evan Wright,9,1272.77,769.1,11454.93,6921.9,1542.73,64.81,1304.78,9834.22,1620.71,14.15
TXN-2168,2025-12-31,Software,Enterprise ERP License,Seattle,West,Enterprise,Wire Transfer,Bob Jones,19,2574.36,503.01,48912.84,9557.19,3732.55,266.54,3435.71,16991.99,31920.85,65.26
TXN-2169,2024-04-19,Electronics,Laptop Pro 15,Los Angeles,West,Consumer,Wire Transfer,Fiona Gallagher,1,1179.64,767.21,1179.64,767.21,90.32,8.77,125.17,991.47,188.17,15.95
TXN-2170,2026-05-20,Services,Cloud Migration Consulting,Seattle,West,Consumer,Direct Invoice,Diana Prince,4,3720.27,1160.64,14881.08,4642.56,1393.68,53.31,790.82,6880.37,8000.71,53.76
TXN-2171,2025-10-21,Electronics,Ultra-Wide Monitor 34,Los Angeles,West,Government,Credit Card,Fiona Gallagher,12,674.32,373.23,8091.84,4478.76,710.12,85.01,680.12,5954.01,2137.83,26.42
TXN-2172,2025-11-04,Hardware,Gigabit Switch 24-Port,San Francisco,West,Enterprise,Direct Invoice,Alice Smith,25,420.62,264.83,10515.5,6620.75,991.8,341.2,1057.6,9011.35,1504.15,14.3
TXN-2173,2024-11-21,Office Supplies,High-Speed Paper Shredder,New York,East,Government,PayPal,Fiona Gallagher,28,172.43,89.44,4828.04,2504.32,620.34,186.88,377.87,3689.41,1138.63,23.58
TXN-2174,2025-01-27,Hardware,Rack Server Blade X,New York,East,Government,Wire Transfer,Evan Wright,24,3306.98,2042.46,79367.52,49019.04,8929.88,159.41,4306.65,62414.98,16952.54,21.36
TXN-2175,2024-03-06,Software,Cloud Storage Annual,Austin,South,Enterprise,Wire Transfer,Bob Jones,8,428.53,81.98,3428.24,655.84,406.05,43.71,351.34,1456.94,1971.3,57.5
TXN-2176,2025-06-14,Electronics,Smart Display 10,Chicago,Midwest,SMB,PayPal,Bob Jones,6,374.78,203.42,2248.68,1220.52,261.07,37.34,273.63,1792.56,456.12,20.28
TXN-2177,2025-06-14,Hardware,Gigabit Switch 24-Port,San Francisco,West,SMB,Direct Invoice,Bob Jones,5,447.17,253.55,2235.85,1267.75,201.2,65.0,280.61,1814.56,421.29,18.84
TXN-2178,2024-04-30,Software,Security Firewall Pro,Boston,East,Government,Credit Card,Fiona Gallagher,35,874.28,221.82,30599.8,7763.7,3189.58,475.78,1788.38,13217.44,17382.36,56.81
TXN-2179,2025-10-18,Hardware,Gigabit Switch 24-Port,New York,East,Enterprise,Credit Card,Charlie Davis,27,424.2,262.55,11453.4,7088.85,1254.5,144.07,945.96,9433.38,2020.02,17.64
TXN-2180,2025-04-06,Services,Cloud Migration Consulting,Phoenix,West,SMB,Wire Transfer,Diana Prince,6,3696.25,1157.43,22177.5,6944.58,1383.49,86.01,1978.88,10392.96,11784.54,53.14
TXN-2181,2025-09-26,Hardware,NAS Storage Enclosure,Los Angeles,West,SMB,Direct Invoice,Fiona Gallagher,4,736.79,462.39,2947.16,1849.56,224.99,50.67,229.58,2354.8,592.36,20.1
TXN-2182,2024-10-16,Electronics,Laptop Pro 15,Phoenix,West,Government,PayPal,Fiona Gallagher,21,1280.71,778.44,26894.91,16347.24,2596.75,191.29,2424.24,21559.52,5335.39,19.84
TXN-2183,2026-02-01,Software,Data Analytics Suite,Austin,South,SMB,Direct Invoice,Alice Smith,6,1497.99,285.55,8987.94,1713.3,645.66,52.69,913.28,3324.93,5663.01,63.01
TXN-2184,2024-06-17,Office Supplies,High-Speed Paper Shredder,Los Angeles,West,Consumer,PayPal,Bob Jones,5,194.39,90.3,971.95,451.5,122.59,74.51,109.23,757.83,214.12,22.03
TXN-2185,2025-02-26,Electronics,Laptop Pro 15,Seattle,West,Consumer,Wire Transfer,Bob Jones,7,1255.58,763.03,8789.06,5341.21,955.77,38.38,1021.18,7356.54,1432.52,16.3
TXN-2186,2024-09-21,Office Supplies,Mesh Office Chair,Houston,South,Government,PayPal,Diana Prince,29,323.96,163.28,9394.84,4735.12,762.63,209.36,939.27,6646.38,2748.46,29.25
TXN-2187,2024-03-10,Office Supplies,High-Speed Paper Shredder,Boston,East,Enterprise,Wire Transfer,Bob Jones,16,184.11,90.18,2945.76,1442.88,337.42,151.92,217.21,2149.43,796.33,27.03
TXN-2188,2026-05-26,Electronics,Ultra-Wide Monitor 34,Chicago,Midwest,SMB,Direct Invoice,Evan Wright,2,618.99,363.68,1237.98,727.36,150.82,14.99,175.93,1069.1,168.88,13.64
TXN-2189,2025-04-02,Office Supplies,High-Speed Paper Shredder,Boston,East,Enterprise,Credit Card,Evan Wright,9,190.41,86.98,1713.69,782.82,106.38,53.1,198.39,1140.69,573.0,33.44
TXN-2190,2025-07-11,Software,Cloud Storage Annual,San Francisco,West,Consumer,Wire Transfer,Charlie Davis,1,422.37,82.75,422.37,82.75,42.65,12.89,80.81,219.1,203.27,48.13
TXN-2191,2025-09-15,Software,Data Analytics Suite,San Francisco,West,SMB,Credit Card,Fiona Gallagher,7,1420.46,303.94,9943.22,2127.58,664.74,101.28,733.8,3627.4,6315.82,63.52
TXN-2192,2024-11-30,Hardware,NAS Storage Enclosure,Houston,South,Consumer,PayPal,Charlie Davis,6,776.85,461.28,4661.1,2767.68,488.42,44.81,619.67,3920.58,740.52,15.89
TXN-2193,2024-09-28,Office Supplies,Mesh Office Chair,Chicago,Midwest,Enterprise,Credit Card,Alice Smith,10,310.63,155.42,3106.3,1554.2,411.49,139.9,206.11,2311.7,794.6,25.58
TXN-2194,2024-09-01,Services,Cloud Migration Consulting,Chicago,Midwest,Government,Wire Transfer,Evan Wright,25,3623.62,1215.75,90590.5,30393.75,6157.7,356.35,8105.98,45013.78,45576.72,50.31
TXN-2195,2025-08-15,Software,Enterprise ERP License,Austin,South,Government,PayPal,Fiona Gallagher,33,2648.47,488.61,87399.51,16124.13,5809.41,381.75,8395.63,30710.92,56688.59,64.86
TXN-2196,2025-03-01,Hardware,Rack Server Blade X,Los Angeles,West,Enterprise,PayPal,Bob Jones,6,3085.77,2047.27,18514.62,12283.62,1458.28,41.57,1710.31,15493.78,3020.84,16.32
TXN-2197,2025-01-19,Office Supplies,High-Speed Paper Shredder,Seattle,West,SMB,Credit Card,Alice Smith,7,192.61,86.77,1348.27,607.39,121.42,54.75,197.96,981.52,366.75,27.2
TXN-2198,2025-02-17,Services,Cybersecurity Audit,New York,East,Consumer,Wire Transfer,Charlie Davis,4,2108.57,781.06,8434.28,3124.24,734.19,24.29,865.8,4748.52,3685.76,43.7
TXN-2199,2026-03-13,Office Supplies,Mesh Office Chair,Seattle,West,Enterprise,Wire Transfer,Bob Jones,18,307.83,155.56,5540.94,2800.08,646.79,105.26,626.3,4178.43,1362.51,24.59
TXN-2200,2026-02-16,Hardware,Rack Server Blade X,Chicago,Midwest,Government,PayPal,Diana Prince,22,3438.02,2117.09,75636.44,46575.98,10036.38,287.87,8539.38,65439.61,10196.83,13.48
